Trip_ID,RouteID,StopID,Timestamp,Mode of Transport,Distance Traveled (In Miles),Frequency(Per Week),Start Location,End Location,Fuel Type,Fuel Efficiency,Monthly Emissions (kg CO2)
T1,H30,17336,3/1/2024 0:00,Car,25,5,"Namakkal, Tamil Nadu, India","Madurai, Tamil Nadu, India",gasoline,21,209.52
T2,864,13926,3/1/2024 0:05,Car,22,4,"Madurai, Tamil Nadu, India","Vellore, Tamil Nadu, India",electric,28,110.63
T3,W91,14754,3/1/2024 0:10,Bike,18,4,"Madurai, Tamil Nadu, India","Coimbatore, Tamil Nadu, India",electric,22,115.2
T4,506,11011,3/1/2024 0:15,Car,19,4,"Tiruppur, Tamil Nadu, India","Namakkal, Tamil Nadu, India",gasoline,24,111.47
T5,144,13299,3/1/2024 0:20,Car,10,5,"Kanchipuram, Tamil Nadu, India","Tirunelveli, Tamil Nadu, India",electric,20,88.0
T6,725,17120,3/1/2024 0:25,Car,9,2,"Erode, Tamil Nadu, India","Salem, Tamil Nadu, India",electric,27,23.47
T7,286,16322,3/1/2024 0:30,Car,9,3,"Thoothukudi, Tamil Nadu, India","Erode, Tamil Nadu, India",electric,24,39.6
T8,G10,16275,3/1/2024 0:35,Car,13,4,"Chennai, Tamil Nadu, India","Dindigul, Tamil Nadu, India",gasoline,27,67.79
T9,157,12388,3/1/2024 0:40,Car,8,5,"Salem, Tamil Nadu, India","Erode, Tamil Nadu, India",gasoline,23,61.22
T10,177,13257,3/1/2024 0:45,Car,12,4,"Thoothukudi, Tamil Nadu, India","Salem, Tamil Nadu, India",electric,29,58.26
T11,224F,17962,3/1/2024 0:50,Bike,5,1,"Chennai, Tamil Nadu, India","Hosur, Tamil Nadu, India",electric,20,8.8
T12,507,11814,3/1/2024 0:55,Car,25,2,"Salem, Tamil Nadu, India","Thoothukudi, Tamil Nadu, India",gasoline,21,83.81
T13,262,14982,3/1/2024 1:00,Car,15,4,"Namakkal, Tamil Nadu, India","Cuddalore, Tamil Nadu, India",gasoline,23,91.83
T14,506,11434,3/1/2024 1:05,Car,25,3,"Thanjavur, Tamil Nadu, India","Kanchipuram, Tamil Nadu, India",gasoline,21,125.71
T15,171,13484,3/1/2024 1:10,Car,23,1,"Tiruchirappalli, Tamil Nadu, India","Madurai, Tamil Nadu, India",gasoline,22,36.8
T16,557,12169,3/1/2024 1:15,Car,18,3,"Vellore, Tamil Nadu, India","Kanchipuram, Tamil Nadu, India",gasoline,23,82.64
T17,209F,12149,3/1/2024 1:20,Car,14,2,"Vellore, Tamil Nadu, India","Karur, Tamil Nadu, India",electric,30,32.85
T18,600B,15328,3/1/2024 1:25,Car,16,2,"Erode, Tamil Nadu, India","Nagapattinam, Tamil Nadu, India",gasoline,23,48.97
T19,861,14040,3/1/2024 1:30,Bike,8,3,"Kanchipuram, Tamil Nadu, India","Coimbatore, Tamil Nadu, India",gasoline,26,32.49
T20,B10,12967,3/1/2024 1:35,Car,13,3,"Thoothukudi, Tamil Nadu, India","Salem, Tamil Nadu, India",electric,23,59.69
T21,300,12276,3/1/2024 1:40,Car,24,3,"Sivakasi, Tamil Nadu, India","Tiruppur, Tamil Nadu, India",electric,26,97.48
T22,404,10616,3/1/2024 1:45,Bike,14,5,"Karur, Tamil Nadu, India","Tiruchirappalli, Tamil Nadu, India",gasoline,26,94.77
T23,252,16291,3/1/2024 1:50,Car,23,5,"Dindigul, Tamil Nadu, India","Nagercoil, Tamil Nadu, India",electric,28,144.57
T24,254,11714,3/1/2024 1:55,Bike,23,1,"Tirunelveli, Tamil Nadu, India","Thanjavur, Tamil Nadu, India",gasoline,24,33.73
T25,H20,13371,3/1/2024 2:00,Car,15,1,"Nagercoil, Tamil Nadu, India","Chennai, Tamil Nadu, India",gasoline,21,25.14
T26,J2,13692,3/1/2024 2:05,Bike,21,2,"Nagercoil, Tamil Nadu, India","Chennai, Tamil Nadu, India",gasoline,26,56.86
T27,502,10650,3/1/2024 2:10,Car,13,5,"Thanjavur, Tamil Nadu, India","Salem, Tamil Nadu, India",gasoline,21,108.95
T28,170,13548,3/1/2024 2:15,Bike,23,5,"Kanchipuram, Tamil Nadu, India","Tirunelveli, Tamil Nadu, India",electric,25,161.92
T29,254,11587,3/1/2024 2:20,Bike,23,1,"Sivakasi, Tamil Nadu, India","Karur, Tamil Nadu, India",gasoline,25,32.38
T30,861,13338,3/1/2024 2:25,Car,13,5,"Salem, Tamil Nadu, India","Chennai, Tamil Nadu, India",electric,24,95.33
T31,G22,16289,3/1/2024 2:30,Bike,19,4,"Tirunelveli, Tamil Nadu, India","Hosur, Tamil Nadu, India",gasoline,23,116.31
T32,300,14076,3/1/2024 2:35,Car,24,2,"Cuddalore, Tamil Nadu, India","Tiruchirappalli, Tamil Nadu, India",electric,28,60.34
T33,248,14638,3/1/2024 2:40,Car,19,1,"Erode, Tamil Nadu, India","Chennai, Tamil Nadu, India",electric,27,24.77
T34,H20,13327,3/1/2024 2:45,Car,14,3,"Tiruppur, Tamil Nadu, India","Hosur, Tamil Nadu, India",gasoline,23,64.28
T35,118,11951,3/1/2024 2:50,Car,7,3,"Tirunelveli, Tamil Nadu, India","Hosur, Tamil Nadu, India",gasoline,24,30.8
T36,502,10918,3/1/2024 2:55,Car,20,1,"Namakkal, Tamil Nadu, India","Kanchipuram, Tamil Nadu, India",electric,28,25.14
T37,222,12467,3/1/2024 3:00,Car,9,4,"Erode, Tamil Nadu, India","Tirunelveli, Tamil Nadu, India",gasoline,30,42.24
T38,452,18170,3/1/2024 3:05,Car,18,1,"Tiruchirappalli, Tamil Nadu, India","Sivakasi, Tamil Nadu, India",electric,25,25.34
T39,722F,16014,3/1/2024 3:10,Car,16,2,"Cuddalore, Tamil Nadu, India","Karur, Tamil Nadu, India",electric,24,46.93
T40,157,12388,3/1/2024 3:15,Car,7,5,"Tirunelveli, Tamil Nadu, India","Nagercoil, Tamil Nadu, India",electric,27,45.63
T41,H30,12106,3/1/2024 3:20,Car,18,5,"Chennai, Tamil Nadu, India","Tirunelveli, Tamil Nadu, India",electric,27,117.33
T42,542X,11153,3/1/2024 3:25,Bike,17,5,"Thanjavur, Tamil Nadu, India","Dindigul, Tamil Nadu, India",gasoline,26,115.08
T43,167C,13712,3/1/2024 3:30,Car,5,1,"Tiruchirappalli, Tamil Nadu, India","Thoothukudi, Tamil Nadu, India",gasoline,30,5.87
T44,491,18321,3/1/2024 3:35,Bike,20,4,"Chennai, Tamil Nadu, India","Dindigul, Tamil Nadu, India",electric,30,93.87
T45,H22,16417,3/1/2024 3:40,Bike,8,4,"Dindigul, Tamil Nadu, India","Thanjavur, Tamil Nadu, India",electric,27,41.72
T46,263,14041,3/1/2024 3:45,Car,22,1,"Hosur, Tamil Nadu, India","Vellore, Tamil Nadu, India",gasoline,27,28.68
T47,G30,13554,3/1/2024 3:50,Car,16,4,"Thanjavur, Tamil Nadu, India","Nagapattinam, Tamil Nadu, India",gasoline,23,97.95
T48,H30,16453,3/1/2024 3:55,Car,21,2,"Namakkal, Tamil Nadu, India","Nagercoil, Tamil Nadu, India",electric,30,49.28
T49,545X,10872,3/1/2024 4:00,Car,22,1,"Vellore, Tamil Nadu, India","Coimbatore, Tamil Nadu, India",electric,29,26.7
T50,H33C,12757,3/1/2024 4:05,Car,21,1,"Nagercoil, Tamil Nadu, India","Coimbatore, Tamil Nadu, India",gasoline,20,36.96
T51,H20,13813,3/1/2024 4:10,Car,14,3,"Nagapattinam, Tamil Nadu, India","Kanchipuram, Tamil Nadu, India",gasoline,23,64.28
T52,178F,13103,3/1/2024 4:15,Car,13,4,"Tiruppur, Tamil Nadu, India","Cuddalore, Tamil Nadu, India",gasoline,21,87.16
T53,144,13943,3/1/2024 4:20,Car,8,2,"Cuddalore, Tamil Nadu, India","Erode, Tamil Nadu, India",gasoline,26,21.66
T54,400,10330,3/1/2024 4:25,Bike,23,3,"Chennai, Tamil Nadu, India","Namakkal, Tamil Nadu, India",electric,30,80.96
T55,190,13853,3/1/2024 4:30,Bike,9,1,"Chennai, Tamil Nadu, India","Thoothukudi, Tamil Nadu, India",gasoline,24,13.2
T56,H33,16406,3/1/2024 4:35,Bike,23,2,"Dindigul, Tamil Nadu, India","Thanjavur, Tamil Nadu, India",gasoline,23,70.4
T57,H30C,17340,3/1/2024 4:40,Bike,16,1,"Erode, Tamil Nadu, India","Thanjavur, Tamil Nadu, India",electric,23,24.49
T58,142,13679,3/1/2024 4:45,Car,6,1,"Tirunelveli, Tamil Nadu, India","Sivakasi, Tamil Nadu, India",electric,20,10.56
T59,281,12936,3/1/2024 4:50,Bike,19,1,"Thanjavur, Tamil Nadu, India","Vellore, Tamil Nadu, India",electric,23,29.08
T60,228X,13003,3/1/2024 4:55,Car,11,3,"Thoothukudi, Tamil Nadu, India","Nagapattinam, Tamil Nadu, India",electric,27,43.02
T61,224,10432,3/1/2024 5:00,Car,23,1,"Madurai, Tamil Nadu, India","Tiruppur, Tamil Nadu, India",gasoline,22,36.8
T62,H30,12099,3/1/2024 5:05,Bike,6,5,"Karur, Tamil Nadu, India","Tiruppur, Tamil Nadu, India",electric,30,35.2
T63,400,10503,3/1/2024 5:10,Bike,15,5,"Dindigul, Tamil Nadu, India","Kanchipuram, Tamil Nadu, India",gasoline,30,88.0
T64,W90,12290,3/1/2024 5:15,Car,9,3,"Erode, Tamil Nadu, India","Vellore, Tamil Nadu, India",electric,23,41.32
T65,203F,12958,3/1/2024 5:20,Car,8,5,"Namakkal, Tamil Nadu, India","Dindigul, Tamil Nadu, India",gasoline,25,56.32
T66,228,11444,3/1/2024 5:25,Car,9,3,"Kanchipuram, Tamil Nadu, India","Tirunelveli, Tamil Nadu, India",electric,25,38.02
T67,C2X,17388,3/1/2024 5:30,Car,21,3,"Sivakasi, Tamil Nadu, India","Vellore, Tamil Nadu, India",electric,28,79.2
T68,224F,13049,3/1/2024 5:35,Car,23,4,"Coimbatore, Tamil Nadu, India","Kanchipuram, Tamil Nadu, India",electric,24,134.93
T69,203F,11481,3/1/2024 5:40,Car,8,3,"Erode, Tamil Nadu, India","Nagapattinam, Tamil Nadu, India",gasoline,29,29.13
T70,288,13153,3/1/2024 5:45,Car,6,3,"Hosur, Tamil Nadu, India","Kanchipuram, Tamil Nadu, India",gasoline,30,21.12
T71,M44G,13277,3/1/2024 5:50,Bike,9,2,"Karur, Tamil Nadu, India","Sivakasi, Tamil Nadu, India",electric,27,23.47
T72,T863,14040,3/1/2024 5:55,Car,25,1,"Cuddalore, Tamil Nadu, India","Tiruchirappalli, Tamil Nadu, India",electric,30,29.33
T73,B10,13096,3/1/2024 6:00,Bike,19,2,"Vellore, Tamil Nadu, India","Karur, Tamil Nadu, India",gasoline,27,49.54
T74,248,13496,3/1/2024 6:05,Car,12,5,"Thanjavur, Tamil Nadu, India","Madurai, Tamil Nadu, India",electric,29,72.83
T75,196,14934,3/1/2024 6:10,Car,7,3,"Sivakasi, Tamil Nadu, India","Kanchipuram, Tamil Nadu, India",electric,27,27.38
T76,208,12796,3/1/2024 6:15,Car,23,3,"Coimbatore, Tamil Nadu, India","Madurai, Tamil Nadu, India",electric,26,93.42
T77,591A,10790,3/1/2024 6:20,Bike,13,4,"Tiruchirappalli, Tamil Nadu, India","Cuddalore, Tamil Nadu, India",gasoline,26,70.4
T78,502,10528,3/1/2024 6:25,Car,7,1,"Vellore, Tamil Nadu, India","Tiruppur, Tamil Nadu, India",electric,29,8.5
T79,M44,11002,3/1/2024 6:30,Car,20,2,"Madurai, Tamil Nadu, India","Coimbatore, Tamil Nadu, India",gasoline,20,70.4
T80,721F,14928,3/1/2024 6:35,Bike,17,4,"Vellore, Tamil Nadu, India","Tiruppur, Tamil Nadu, India",gasoline,24,99.73
T81,224F,16281,3/1/2024 6:40,Bike,15,4,"Hosur, Tamil Nadu, India","Tiruchirappalli, Tamil Nadu, India",gasoline,26,81.23
T82,208N,16580,3/1/2024 6:45,Car,11,4,"Tiruppur, Tamil Nadu, India","Tirunelveli, Tamil Nadu, India",electric,22,70.4
T83,200C,13374,3/1/2024 6:50,Car,15,1,"Tiruchirappalli, Tamil Nadu, India","Kanchipuram, Tamil Nadu, India",electric,25,21.12
T84,719,13910,3/1/2024 6:55,Car,14,4,"Kanchipuram, Tamil Nadu, India","Tiruchirappalli, Tamil Nadu, India",gasoline,28,70.4
T85,500,10836,3/1/2024 7:00,Car,20,5,"Nagercoil, Tamil Nadu, India","Cuddalore, Tamil Nadu, India",electric,26,135.38
T86,168,14187,3/1/2024 7:05,Bike,18,2,"Nagapattinam, Tamil Nadu, India","Salem, Tamil Nadu, India",electric,30,42.24
T87,J1,14361,3/1/2024 7:10,Car,25,5,"Dindigul, Tamil Nadu, India","Hosur, Tamil Nadu, India",gasoline,29,151.72
T88,744,16013,3/1/2024 7:15,Bike,32,2,"Tiruppur, Tamil Nadu, India","Tirunelveli, Tamil Nadu, India",gasoline,23,97.95
T89,720H,17970,3/1/2024 7:20,Car,7,5,"Tiruppur, Tamil Nadu, India","Hosur, Tamil Nadu, India",electric,23,53.57
T90,300,12392,3/1/2024 7:25,Bike,22,4,"Madurai, Tamil Nadu, India","Nagercoil, Tamil Nadu, India",electric,22,140.8
T91,W90,14889,3/1/2024 7:30,Bike,16,2,"Chennai, Tamil Nadu, India","Nagercoil, Tamil Nadu, India",gasoline,28,40.23
T92,719,13775,3/1/2024 7:35,Bike,23,1,"Dindigul, Tamil Nadu, India","Madurai, Tamil Nadu, India",gasoline,27,29.99
T93,178,12306,3/1/2024 7:40,Bike,18,3,"Nagercoil, Tamil Nadu, India","Cuddalore, Tamil Nadu, India",gasoline,22,86.4
T94,C1,13328,3/1/2024 7:45,Car,8,2,"Salem, Tamil Nadu, India","Namakkal, Tamil Nadu, India",electric,27,20.86
T95,190,14281,3/1/2024 7:50,Car,32,2,"Dindigul, Tamil Nadu, India","Kanchipuram, Tamil Nadu, India",electric,29,77.68
T96,543,11068,3/1/2024 7:55,Car,6,4,"Vellore, Tamil Nadu, India","Chennai, Tamil Nadu, India",electric,24,35.2
T97,682,17970,3/1/2024 8:00,Car,15,1,"Dindigul, Tamil Nadu, India","Thanjavur, Tamil Nadu, India",gasoline,28,18.86
T98,142,13490,3/1/2024 8:05,Bike,15,3,"Hosur, Tamil Nadu, India","Tiruppur, Tamil Nadu, India",gasoline,27,58.67
T99,190B,13472,3/1/2024 8:10,Car,23,4,"Namakkal, Tamil Nadu, India","Kanchipuram, Tamil Nadu, India",gasoline,26,124.55
T100,208,13032,3/1/2024 8:15,Car,15,1,"Vellore, Tamil Nadu, India","Karur, Tamil Nadu, India",gasoline,27,19.56
T101,440,17124,3/1/2024 8:20,Car,10,4,"Tiruppur, Tamil Nadu, India","Cuddalore, Tamil Nadu, India",electric,25,56.32
T102,H30,16335,3/1/2024 8:25,Bike,14,3,"Hosur, Tamil Nadu, India","Erode, Tamil Nadu, India",electric,30,49.28
T103,494,18259,3/1/2024 8:30,Car,20,5,"Tirunelveli, Tamil Nadu, India","Nagercoil, Tamil Nadu, India",electric,24,146.67
T104,H30,13371,3/1/2024 8:35,Car,20,4,"Tirunelveli, Tamil Nadu, India","Chennai, Tamil Nadu, India",gasoline,24,117.33
T105,401,10369,3/1/2024 8:40,Car,6,4,"Nagercoil, Tamil Nadu, India","Chennai, Tamil Nadu, India",gasoline,28,30.17
T106,178F,12628,3/1/2024 8:45,Car,8,4,"Madurai, Tamil Nadu, India","Tiruchirappalli, Tamil Nadu, India",gasoline,25,45.06
T107,H22,16367,3/1/2024 8:50,Car,12,1,"Salem, Tamil Nadu, India","Tiruchirappalli, Tamil Nadu, India",gasoline,23,18.37
T108,506,11383,3/1/2024 8:55,Bike,18,3,"Tiruppur, Tamil Nadu, India","Dindigul, Tamil Nadu, India",electric,26,73.11
T109,100,14101,3/1/2024 9:00,Car,20,1,"Namakkal, Tamil Nadu, India","Dindigul, Tamil Nadu, India",gasoline,24,29.33
T110,M44G,14910,3/1/2024 9:05,Car,22,4,"Thanjavur, Tamil Nadu, India","Sivakasi, Tamil Nadu, India",gasoline,29,106.81
T111,720,15378,3/1/2024 9:10,Car,20,3,"Nagapattinam, Tamil Nadu, India","Tiruppur, Tamil Nadu, India",gasoline,24,88.0
T112,190,14402,3/1/2024 9:15,Car,11,1,"Namakkal, Tamil Nadu, India","Tiruchirappalli, Tamil Nadu, India",gasoline,23,16.83
T113,300U,14534,3/1/2024 9:20,Car,5,1,"Dindigul, Tamil Nadu, India","Karur, Tamil Nadu, India",electric,21,8.38
T114,288,13155,3/1/2024 9:25,Car,7,1,"Tirunelveli, Tamil Nadu, India","Nagapattinam, Tamil Nadu, India",electric,22,11.2
T115,241,14218,3/1/2024 9:30,Car,25,2,"Hosur, Tamil Nadu, India","Erode, Tamil Nadu, India",electric,27,65.19
T116,B10,13330,3/1/2024 9:35,Car,21,5,"Salem, Tamil Nadu, India","Thanjavur, Tamil Nadu, India",electric,26,142.15
T117,H30,16419,3/1/2024 9:40,Car,14,3,"Nagapattinam, Tamil Nadu, India","Madurai, Tamil Nadu, India",electric,24,61.6
T118,C1G,12126,3/1/2024 9:45,Bike,21,2,"Tiruchirappalli, Tamil Nadu, India","Dindigul, Tamil Nadu, India",gasoline,27,54.76
T119,230,12319,3/1/2024 9:50,Bike,7,1,"Sivakasi, Tamil Nadu, India","Tiruppur, Tamil Nadu, India",electric,20,12.32
T120,241,13891,3/1/2024 9:55,Car,19,2,"Nagercoil, Tamil Nadu, India","Sivakasi, Tamil Nadu, India",gasoline,20,66.88
T121,228F,10058,3/1/2024 10:00,Car,18,5,"Cuddalore, Tamil Nadu, India","Tirunelveli, Tamil Nadu, India",gasoline,20,158.4
T122,G10,16275,3/1/2024 10:05,Car,17,4,"Dindigul, Tamil Nadu, India","Sivakasi, Tamil Nadu, India",electric,20,119.68
T123,251,12540,3/1/2024 10:10,Bike,16,3,"Nagercoil, Tamil Nadu, India","Cuddalore, Tamil Nadu, India",electric,20,84.48
T124,H33,16450,3/1/2024 10:15,Bike,40,1,"Erode, Tamil Nadu, India","Namakkal, Tamil Nadu, India",electric,29,48.55
T125,M44,14259,3/1/2024 10:20,Car,20,1,"Coimbatore, Tamil Nadu, India","Erode, Tamil Nadu, India",electric,30,23.47
T126,H31C,12874,3/1/2024 10:25,Bike,22,5,"Sivakasi, Tamil Nadu, India","Namakkal, Tamil Nadu, India",electric,26,148.92
T127,400,10232,3/1/2024 10:30,Car,14,4,"Thanjavur, Tamil Nadu, India","Madurai, Tamil Nadu, India",gasoline,21,93.87
T128,230,12859,3/1/2024 10:35,Car,17,4,"Tiruppur, Tamil Nadu, India","Namakkal, Tamil Nadu, India",electric,23,104.07
T129,232,11808,3/1/2024 10:40,Car,24,3,"Madurai, Tamil Nadu, India","Thoothukudi, Tamil Nadu, India",gasoline,22,115.2
T130,229,11136,3/1/2024 10:45,Car,16,5,"Dindigul, Tamil Nadu, India","Sivakasi, Tamil Nadu, India",electric,30,93.87
T131,722F,16002,3/1/2024 10:50,Car,14,3,"Cuddalore, Tamil Nadu, India","Nagercoil, Tamil Nadu, India",gasoline,24,61.6
T132,861,13745,3/1/2024 10:55,Car,12,3,"Nagapattinam, Tamil Nadu, India","Kanchipuram, Tamil Nadu, India",electric,27,46.93
T133,230,12050,3/1/2024 11:00,Bike,19,3,"Madurai, Tamil Nadu, India","Tiruchirappalli, Tamil Nadu, India",electric,22,91.2
T134,H20,16382,3/1/2024 11:05,Car,23,3,"Tirunelveli, Tamil Nadu, India","Salem, Tamil Nadu, India",gasoline,23,105.6
T135,174,12375,3/1/2024 11:10,Car,12,3,"Tiruchirappalli, Tamil Nadu, India","Erode, Tamil Nadu, India",gasoline,29,43.7
T136,224,10222,3/1/2024 11:15,Car,18,3,"Namakkal, Tamil Nadu, India","Thanjavur, Tamil Nadu, India",electric,23,82.64
T137,682,15457,3/1/2024 11:20,Car,10,5,"Karur, Tamil Nadu, India","Erode, Tamil Nadu, India",electric,24,73.33
T138,100,17881,3/1/2024 11:25,Car,1,2,"Coimbatore, Tamil Nadu, India","Cuddalore, Tamil Nadu, India",gasoline,20,3.52
T139,C1,12129,3/1/2024 11:30,Car,14,4,"Tiruppur, Tamil Nadu, India","Cuddalore, Tamil Nadu, India",electric,25,78.85
T140,H21,12302,3/1/2024 11:35,Car,6,1,"Dindigul, Tamil Nadu, India","Tirunelveli, Tamil Nadu, India",electric,27,7.82
T141,190,14385,3/1/2024 11:40,Bike,40,1,"Coimbatore, Tamil Nadu, India","Vellore, Tamil Nadu, India",electric,20,70.4
T142,J1,13353,3/1/2024 11:45,Bike,15,4,"Sivakasi, Tamil Nadu, India","Nagapattinam, Tamil Nadu, India",electric,26,81.23
T143,147,13672,3/1/2024 11:50,Bike,23,1,"Thanjavur, Tamil Nadu, India","Erode, Tamil Nadu, India",electric,30,26.99
T144,W90,14429,3/1/2024 11:55,Bike,11,1,"Tirunelveli, Tamil Nadu, India","Nagercoil, Tamil Nadu, India",electric,21,18.44
T145,H30,17797,3/1/2024 12:00,Car,19,1,"Thanjavur, Tamil Nadu, India","Coimbatore, Tamil Nadu, India",gasoline,22,30.4
T146,451,18120,3/1/2024 12:05,Car,13,2,"Hosur, Tamil Nadu, India","Namakkal, Tamil Nadu, India",gasoline,25,36.61
T147,228,11444,3/1/2024 12:10,Car,24,2,"Tiruchirappalli, Tamil Nadu, India","Chennai, Tamil Nadu, India",gasoline,22,76.8
T148,238,12527,3/1/2024 12:15,Car,25,1,"Nagercoil, Tamil Nadu, India","Erode, Tamil Nadu, India",gasoline,27,32.59
T149,503,11755,3/1/2024 12:20,Car,21,2,"Dindigul, Tamil Nadu, India","Tiruppur, Tamil Nadu, India",electric,30,49.28
T150,141,13408,3/1/2024 12:25,Car,10,5,"Dindigul, Tamil Nadu, India","Tirunelveli, Tamil Nadu, India",gasoline,21,83.81
T151,239,17552,3/1/2024 12:30,Bike,5,2,"Salem, Tamil Nadu, India","Namakkal, Tamil Nadu, India",electric,28,12.57
T152,230,12968,3/1/2024 12:35,Bike,9,4,"Coimbatore, Tamil Nadu, India","Tiruchirappalli, Tamil Nadu, India",electric,22,57.6
T153,224F,17259,3/1/2024 12:40,Car,1,5,"Salem, Tamil Nadu, India","Tirunelveli, Tamil Nadu, India",gasoline,24,7.33
T154,744,16039,3/1/2024 12:45,Car,12,3,"Namakkal, Tamil Nadu, India","Sivakasi, Tamil Nadu, India",electric,20,63.36
T155,251,13091,3/1/2024 12:50,Car,14,1,"Salem, Tamil Nadu, India","Tiruchirappalli, Tamil Nadu, India",electric,27,18.25
T156,720,14956,3/1/2024 12:55,Bike,12,3,"Erode, Tamil Nadu, India","Coimbatore, Tamil Nadu, India",electric,24,52.8
T157,241,14271,3/1/2024 13:00,Bike,5,3,"Coimbatore, Tamil Nadu, India","Hosur, Tamil Nadu, India",gasoline,27,19.56
T158,157,11858,3/1/2024 13:05,Bike,3,1,"Vellore, Tamil Nadu, India","Dindigul, Tamil Nadu, India",gasoline,23,4.59
T159,440,10228,3/1/2024 13:10,Bike,8,2,"Tiruppur, Tamil Nadu, India","Vellore, Tamil Nadu, India",electric,29,19.42
T160,B10,12998,3/1/2024 13:15,Car,25,2,"Tiruppur, Tamil Nadu, India","Thanjavur, Tamil Nadu, India",electric,20,88.0
T161,G10,16289,3/1/2024 13:20,Car,9,4,"Dindigul, Tamil Nadu, India","Vellore, Tamil Nadu, India",gasoline,21,60.34
T162,W90,14430,3/1/2024 13:25,Car,18,4,"Tirunelveli, Tamil Nadu, India","Hosur, Tamil Nadu, India",gasoline,23,110.19
T163,225,17529,3/1/2024 13:30,Car,21,5,"Karur, Tamil Nadu, India","Tiruchirappalli, Tamil Nadu, India",gasoline,21,176.0
T164,G21,15336,3/1/2024 13:35,Car,8,3,"Sivakasi, Tamil Nadu, India","Hosur, Tamil Nadu, India",gasoline,22,38.4
T165,560,10222,3/1/2024 13:40,Car,2,3,"Sivakasi, Tamil Nadu, India","Thoothukudi, Tamil Nadu, India",gasoline,23,9.18
T166,222,11182,3/1/2024 13:45,Car,1,1,"Cuddalore, Tamil Nadu, India","Hosur, Tamil Nadu, India",electric,30,1.17
T167,864,14895,3/1/2024 13:50,Car,23,1,"Erode, Tamil Nadu, India","Nagapattinam, Tamil Nadu, India",gasoline,23,35.2
T168,265,16588,3/1/2024 13:55,Car,18,5,"Dindigul, Tamil Nadu, India","Cuddalore, Tamil Nadu, India",gasoline,26,121.85
T169,230,11919,3/1/2024 14:00,Car,25,3,"Dindigul, Tamil Nadu, India","Chennai, Tamil Nadu, India",electric,23,114.78
T170,190,14446,3/1/2024 14:05,Car,6,5,"Hosur, Tamil Nadu, India","Thoothukudi, Tamil Nadu, India",electric,26,40.62
T171,178,12033,3/1/2024 14:10,Bike,23,3,"Hosur, Tamil Nadu, India","Nagercoil, Tamil Nadu, India",gasoline,26,93.42
T172,861,13802,3/1/2024 14:15,Car,11,1,"Madurai, Tamil Nadu, India","Thanjavur, Tamil Nadu, India",electric,28,13.83
T173,M44,13339,3/1/2024 14:20,Car,12,4,"Madurai, Tamil Nadu, India","Kanchipuram, Tamil Nadu, India",gasoline,24,70.4
T174,W91C,14072,3/1/2024 14:25,Bike,2,1,"Coimbatore, Tamil Nadu, India","Thoothukudi, Tamil Nadu, India",gasoline,21,3.35
T175,G10,14321,3/1/2024 14:30,Bike,6,4,"Chennai, Tamil Nadu, India","Kanchipuram, Tamil Nadu, India",gasoline,26,32.49
T176,560,10441,3/1/2024 14:35,Car,11,2,"Nagapattinam, Tamil Nadu, India","Namakkal, Tamil Nadu, India",gasoline,21,36.88
T177,155,12617,3/1/2024 14:40,Car,6,5,"Nagapattinam, Tamil Nadu, India","Hosur, Tamil Nadu, India",electric,25,42.24
T178,452,18150,3/1/2024 14:45,Bike,23,1,"Sivakasi, Tamil Nadu, India","Thoothukudi, Tamil Nadu, India",gasoline,25,32.38
T179,502,10889,3/1/2024 14:50,Car,17,4,"Coimbatore, Tamil Nadu, India","Thoothukudi, Tamil Nadu, India",electric,24,99.73
T180,225F,12297,3/1/2024 14:55,Car,14,5,"Erode, Tamil Nadu, India","Namakkal, Tamil Nadu, India",gasoline,23,107.13
T181,263,14764,3/1/2024 15:00,Car,21,5,"Karur, Tamil Nadu, India","Madurai, Tamil Nadu, India",electric,28,132.0
T182,178S,12717,3/1/2024 15:05,Car,21,2,"Kanchipuram, Tamil Nadu, India","Thoothukudi, Tamil Nadu, India",electric,27,54.76
T183,B1,13846,3/1/2024 15:10,Car,13,4,"Kanchipuram, Tamil Nadu, India","Tiruchirappalli, Tamil Nadu, India",gasoline,23,79.58
T184,H31C,12990,3/1/2024 15:15,Car,14,3,"Sivakasi, Tamil Nadu, India","Tirunelveli, Tamil Nadu, India",gasoline,24,61.6
T185,720,14970,3/1/2024 15:20,Car,12,4,"Namakkal, Tamil Nadu, India","Kanchipuram, Tamil Nadu, India",electric,28,60.34
T186,200,13721,3/1/2024 15:25,Bike,6,1,"Hosur, Tamil Nadu, India","Nagercoil, Tamil Nadu, India",gasoline,30,7.04
T187,171,13707,3/1/2024 15:30,Car,19,1,"Vellore, Tamil Nadu, India","Thoothukudi, Tamil Nadu, India",electric,25,26.75
T188,168,14134,3/1/2024 15:35,Car,22,5,"Erode, Tamil Nadu, India","Madurai, Tamil Nadu, India",electric,24,161.33
T189,263,14624,3/1/2024 15:40,Car,3,4,"Nagercoil, Tamil Nadu, India","Thanjavur, Tamil Nadu, India",electric,27,15.64
T190,591A,17608,3/1/2024 15:45,Bike,13,3,"Hosur, Tamil Nadu, India","Cuddalore, Tamil Nadu, India",electric,27,50.84
T191,245,14042,3/1/2024 15:50,Car,1,4,"Dindigul, Tamil Nadu, India","Vellore, Tamil Nadu, India",gasoline,26,5.42
T192,N3,16046,3/1/2024 15:55,Car,2,1,"Erode, Tamil Nadu, India","Nagapattinam, Tamil Nadu, India",gasoline,30,2.35
T193,B10,12632,3/1/2024 16:00,Car,6,1,"Thoothukudi, Tamil Nadu, India","Vellore, Tamil Nadu, India",electric,30,7.04
T194,720,14494,3/1/2024 16:05,Car,17,1,"Madurai, Tamil Nadu, India","Tiruppur, Tamil Nadu, India",electric,27,22.16
T195,281,12317,3/1/2024 16:10,Bike,23,3,"Karur, Tamil Nadu, India","Madurai, Tamil Nadu, India",gasoline,27,89.96
T196,230,12263,3/1/2024 16:15,Car,16,4,"Hosur, Tamil Nadu, India","Thanjavur, Tamil Nadu, India",gasoline,23,97.95
T197,740,17691,3/1/2024 16:20,Bike,16,3,"Vellore, Tamil Nadu, India","Salem, Tamil Nadu, India",electric,30,56.32
T198,401,10420,3/1/2024 16:25,Car,16,5,"Tiruchirappalli, Tamil Nadu, India","Thanjavur, Tamil Nadu, India",electric,29,97.1
T199,507,11401,3/1/2024 16:30,Car,15,3,"Vellore, Tamil Nadu, India","Tirunelveli, Tamil Nadu, India",gasoline,20,79.2
T200,224,10503,3/1/2024 16:35,Bike,15,4,"Karur, Tamil Nadu, India","Chennai, Tamil Nadu, India",gasoline,23,91.83
T201,C2X,10725,3/1/2024 16:40,Bike,8,5,"Tiruchirappalli, Tamil Nadu, India","Kanchipuram, Tamil Nadu, India",gasoline,21,67.05
T202,228F,10110,3/1/2024 16:45,Car,17,4,"Hosur, Tamil Nadu, India","Thoothukudi, Tamil Nadu, India",gasoline,26,92.06
T203,232,12320,3/1/2024 16:50,Car,8,2,"Erode, Tamil Nadu, India","Namakkal, Tamil Nadu, India",electric,30,18.77
T204,557,11529,3/1/2024 16:55,Car,1,3,"Chennai, Tamil Nadu, India","Vellore, Tamil Nadu, India",gasoline,24,4.4
T205,N3,17879,3/1/2024 17:00,Car,1,1,"Sivakasi, Tamil Nadu, India","Salem, Tamil Nadu, India",gasoline,23,1.53
T206,241,14731,3/1/2024 17:05,Bike,23,1,"Dindigul, Tamil Nadu, India","Nagercoil, Tamil Nadu, India",electric,23,35.2
T207,506,11409,3/1/2024 17:10,Car,4,1,"Nagercoil, Tamil Nadu, India","Madurai, Tamil Nadu, India",electric,20,7.04
T208,144,13384,3/1/2024 17:15,Car,12,5,"Kanchipuram, Tamil Nadu, India","Tiruchirappalli, Tamil Nadu, India",electric,23,91.83
T209,281,12344,3/1/2024 17:20,Bike,13,2,"Nagapattinam, Tamil Nadu, India","Salem, Tamil Nadu, India",electric,27,33.9
T210,222,12409,3/1/2024 17:25,Car,23,3,"Vellore, Tamil Nadu, India","Coimbatore, Tamil Nadu, India",gasoline,22,110.4
T211,117,13364,3/1/2024 17:30,Car,4,3,"Tiruppur, Tamil Nadu, India","Vellore, Tamil Nadu, India",electric,30,14.08
T212,117,11767,3/1/2024 17:35,Car,25,3,"Namakkal, Tamil Nadu, India","Coimbatore, Tamil Nadu, India",gasoline,30,88.0
T213,411,10439,3/1/2024 17:40,Car,17,4,"Madurai, Tamil Nadu, India","Dindigul, Tamil Nadu, India",electric,23,104.07
T214,411,10526,3/1/2024 17:45,Car,11,3,"Salem, Tamil Nadu, India","Hosur, Tamil Nadu, India",gasoline,25,46.46
T215,245,14446,3/1/2024 17:50,Car,10,5,"Tiruppur, Tamil Nadu, India","Tiruchirappalli, Tamil Nadu, India",electric,25,70.4
T216,J1,14381,3/1/2024 17:55,Car,9,3,"Tiruppur, Tamil Nadu, India","Vellore, Tamil Nadu, India",electric,28,33.94
T217,G40,17172,3/1/2024 18:00,Car,15,3,"Nagapattinam, Tamil Nadu, India","Karur, Tamil Nadu, India",electric,24,66.0
T218,222,17380,3/1/2024 18:05,Car,25,5,"Tirunelveli, Tamil Nadu, India","Hosur, Tamil Nadu, India",gasoline,29,151.72
T219,225,10789,3/1/2024 18:10,Car,6,5,"Chennai, Tamil Nadu, India","Cuddalore, Tamil Nadu, India",gasoline,30,35.2
T220,141,13525,3/1/2024 18:15,Car,18,2,"Hosur, Tamil Nadu, India","Namakkal, Tamil Nadu, India",electric,27,46.93
T221,224,12047,3/1/2024 18:20,Car,21,4,"Kanchipuram, Tamil Nadu, India","Cuddalore, Tamil Nadu, India",electric,30,98.56
T222,H20,12643,3/1/2024 18:25,Car,23,1,"Namakkal, Tamil Nadu, India","Coimbatore, Tamil Nadu, India",gasoline,27,29.99
T223,H20,14000,3/1/2024 18:30,Bike,24,5,"Tiruchirappalli, Tamil Nadu, India","Namakkal, Tamil Nadu, India",electric,29,145.66
T224,203F,11261,3/1/2024 18:35,Car,24,5,"Thanjavur, Tamil Nadu, India","Nagapattinam, Tamil Nadu, India",electric,27,156.44
T225,224F,10811,3/1/2024 18:40,Car,9,2,"Thoothukudi, Tamil Nadu, India","Salem, Tamil Nadu, India",electric,26,24.37
T226,M44,14294,3/1/2024 18:45,Car,6,4,"Kanchipuram, Tamil Nadu, India","Dindigul, Tamil Nadu, India",gasoline,26,32.49
T227,300,12350,3/1/2024 18:50,Car,14,1,"Namakkal, Tamil Nadu, India","Cuddalore, Tamil Nadu, India",electric,29,16.99
T228,749,17675,3/1/2024 18:55,Car,18,3,"Cuddalore, Tamil Nadu, India","Vellore, Tamil Nadu, India",gasoline,20,95.04
T229,265,15176,3/1/2024 19:00,Car,7,5,"Coimbatore, Tamil Nadu, India","Sivakasi, Tamil Nadu, India",gasoline,24,51.33
T230,265,14326,3/1/2024 19:05,Bike,7,4,"Cuddalore, Tamil Nadu, India","Salem, Tamil Nadu, India",gasoline,26,37.91
T231,203B,11366,3/1/2024 19:10,Car,18,2,"Dindigul, Tamil Nadu, India","Kanchipuram, Tamil Nadu, India",electric,22,57.6
T232,G10,11796,3/1/2024 19:15,Bike,18,1,"Thanjavur, Tamil Nadu, India","Kanchipuram, Tamil Nadu, India",electric,25,25.34
T233,229F,11685,3/1/2024 19:20,Car,21,2,"Cuddalore, Tamil Nadu, India","Chennai, Tamil Nadu, India",gasoline,28,52.8
T234,271,12396,3/1/2024 19:25,Car,18,5,"Cuddalore, Tamil Nadu, India","Karur, Tamil Nadu, India",electric,26,121.85
T235,174,12368,3/1/2024 19:30,Car,3,4,"Cuddalore, Tamil Nadu, India","Karur, Tamil Nadu, India",electric,30,14.08
T236,169,17941,3/1/2024 19:35,Bike,6,4,"Tiruchirappalli, Tamil Nadu, India","Sivakasi, Tamil Nadu, India",gasoline,29,29.13
T237,G10,14993,3/1/2024 19:40,Bike,1,1,"Nagercoil, Tamil Nadu, India","Chennai, Tamil Nadu, India",gasoline,23,1.53
T238,262,13781,3/1/2024 19:45,Bike,5,1,"Sivakasi, Tamil Nadu, India","Erode, Tamil Nadu, India",electric,23,7.65
T239,157,13297,3/1/2024 19:50,Car,12,2,"Erode, Tamil Nadu, India","Tiruchirappalli, Tamil Nadu, India",electric,22,38.4
T240,248,14234,3/1/2024 19:55,Car,9,1,"Hosur, Tamil Nadu, India","Thanjavur, Tamil Nadu, India",gasoline,28,11.31
T241,H30,16377,3/1/2024 20:00,Car,1,1,"Dindigul, Tamil Nadu, India","Namakkal, Tamil Nadu, India",gasoline,27,1.3
T242,H31,13190,3/1/2024 20:05,Car,11,3,"Thanjavur, Tamil Nadu, India","Karur, Tamil Nadu, India",gasoline,22,52.8
T243,M44,13361,3/1/2024 20:10,Car,24,1,"Coimbatore, Tamil Nadu, India","Tirunelveli, Tamil Nadu, India",electric,27,31.29
T244,G10C,12564,3/1/2024 20:15,Car,23,2,"Erode, Tamil Nadu, India","Coimbatore, Tamil Nadu, India",electric,29,55.83
T245,M44,14602,3/1/2024 20:20,Car,20,2,"Vellore, Tamil Nadu, India","Cuddalore, Tamil Nadu, India",electric,24,58.67
T246,G10,13049,3/1/2024 20:25,Car,20,1,"Kanchipuram, Tamil Nadu, India","Chennai, Tamil Nadu, India",gasoline,28,25.14
T247,H20,16400,3/1/2024 20:30,Bike,23,3,"Hosur, Tamil Nadu, India","Dindigul, Tamil Nadu, India",gasoline,27,89.96
T248,580,13704,3/1/2024 20:35,Bike,5,3,"Coimbatore, Tamil Nadu, India","Madurai, Tamil Nadu, India",gasoline,26,20.31
T249,147,13577,3/1/2024 20:40,Car,14,2,"Tirunelveli, Tamil Nadu, India","Coimbatore, Tamil Nadu, India",gasoline,27,36.5
T250,G10,11796,3/1/2024 20:45,Car,8,5,"Cuddalore, Tamil Nadu, India","Tiruchirappalli, Tamil Nadu, India",electric,25,56.32
T251,722F,15687,3/1/2024 20:50,Car,10,4,"Thanjavur, Tamil Nadu, India","Thoothukudi, Tamil Nadu, India",electric,30,46.93
T252,271,11937,3/1/2024 20:55,Car,9,5,"Karur, Tamil Nadu, India","Madurai, Tamil Nadu, India",electric,24,66.0
T253,230,13091,3/1/2024 21:00,Car,3,5,"Tiruchirappalli, Tamil Nadu, India","Coimbatore, Tamil Nadu, India",gasoline,24,22.0
T254,442,10188,3/1/2024 21:05,Car,17,1,"Chennai, Tamil Nadu, India","Thanjavur, Tamil Nadu, India",gasoline,28,21.37
T255,861,13710,3/1/2024 21:10,Car,3,4,"Erode, Tamil Nadu, India","Cuddalore, Tamil Nadu, India",gasoline,25,16.9
T256,C1X,10945,3/1/2024 21:15,Car,7,3,"Nagercoil, Tamil Nadu, India","Madurai, Tamil Nadu, India",gasoline,23,32.14
T257,506,11619,3/1/2024 21:20,Car,11,1,"Cuddalore, Tamil Nadu, India","Vellore, Tamil Nadu, India",electric,26,14.89
T258,H30,13343,3/1/2024 21:25,Bike,9,1,"Erode, Tamil Nadu, India","Dindigul, Tamil Nadu, India",gasoline,24,13.2
T259,556,11968,3/1/2024 21:30,Car,18,1,"Tirunelveli, Tamil Nadu, India","Sivakasi, Tamil Nadu, India",gasoline,29,21.85
T260,M44,14963,3/1/2024 21:35,Car,15,2,"Erode, Tamil Nadu, India","Madurai, Tamil Nadu, India",gasoline,24,44.0
T261,M44,14258,3/1/2024 21:40,Car,17,4,"Sivakasi, Tamil Nadu, India","Chennai, Tamil Nadu, India",gasoline,23,104.07
T262,222,17529,3/1/2024 21:45,Car,6,2,"Thanjavur, Tamil Nadu, India","Erode, Tamil Nadu, India",electric,21,20.11
T263,502,16667,3/1/2024 21:50,Car,7,3,"Vellore, Tamil Nadu, India","Karur, Tamil Nadu, India",electric,22,33.6
T264,N4,17986,3/1/2024 21:55,Bike,25,2,"Salem, Tamil Nadu, India","Thanjavur, Tamil Nadu, India",electric,27,65.19
T265,G10,14993,3/1/2024 22:00,Car,1,3,"Salem, Tamil Nadu, India","Hosur, Tamil Nadu, India",electric,26,4.06
T266,B10,13096,3/1/2024 22:05,Car,5,4,"Chennai, Tamil Nadu, India","Tirunelveli, Tamil Nadu, India",electric,24,29.33
T267,200,13538,3/1/2024 22:10,Car,15,4,"Sivakasi, Tamil Nadu, India","Tiruppur, Tamil Nadu, India",gasoline,27,78.22
T268,H30S,13231,3/1/2024 22:15,Car,24,2,"Hosur, Tamil Nadu, India","Coimbatore, Tamil Nadu, India",electric,20,84.48
T269,H20,12742,3/1/2024 22:20,Car,15,2,"Coimbatore, Tamil Nadu, India","Erode, Tamil Nadu, India",gasoline,20,52.8
T270,W90,14595,3/1/2024 22:25,Car,21,3,"Tiruppur, Tamil Nadu, India","Tirunelveli, Tamil Nadu, India",gasoline,20,110.88
T271,820S,14077,3/1/2024 22:30,Car,10,3,"Tiruchirappalli, Tamil Nadu, India","Tirunelveli, Tamil Nadu, India",electric,20,52.8
T272,251,12661,3/1/2024 22:35,Car,15,1,"Tirunelveli, Tamil Nadu, India","Salem, Tamil Nadu, India",electric,20,26.4
T273,224F,10265,3/1/2024 22:40,Car,24,4,"Coimbatore, Tamil Nadu, India","Thanjavur, Tamil Nadu, India",electric,29,116.52
T274,281,12317,3/1/2024 22:45,Car,6,1,"Nagercoil, Tamil Nadu, India","Tiruchirappalli, Tamil Nadu, India",electric,30,7.04
T275,820,13664,3/1/2024 22:50,Car,11,5,"Namakkal, Tamil Nadu, India","Hosur, Tamil Nadu, India",electric,26,74.46
T276,H30S,16426,3/1/2024 22:55,Car,21,2,"Tiruppur, Tamil Nadu, India","Karur, Tamil Nadu, India",gasoline,21,70.4
T277,100,12472,3/1/2024 23:00,Bike,19,4,"Cuddalore, Tamil Nadu, India","Nagapattinam, Tamil Nadu, India",electric,23,116.31
T278,542,10968,3/1/2024 23:05,Car,8,5,"Erode, Tamil Nadu, India","Karur, Tamil Nadu, India",gasoline,22,64.0
T279,204,12869,3/1/2024 23:10,Car,12,2,"Thoothukudi, Tamil Nadu, India","Nagercoil, Tamil Nadu, India",electric,30,28.16
T280,190,14224,3/1/2024 23:15,Car,8,4,"Vellore, Tamil Nadu, India","Nagapattinam, Tamil Nadu, India",gasoline,24,46.93
T281,G21,15510,3/1/2024 23:20,Bike,10,2,"Thoothukudi, Tamil Nadu, India","Tirunelveli, Tamil Nadu, India",electric,27,26.07
T282,251,13048,3/1/2024 23:25,Car,10,5,"Tiruchirappalli, Tamil Nadu, India","Thanjavur, Tamil Nadu, India",electric,22,80.0
T283,B10,13324,3/1/2024 23:30,Car,23,3,"Tiruppur, Tamil Nadu, India","Coimbatore, Tamil Nadu, India",gasoline,23,105.6
T284,118,12602,3/1/2024 23:35,Car,6,2,"Tiruppur, Tamil Nadu, India","Tiruchirappalli, Tamil Nadu, India",gasoline,29,14.57
T285,G10,14777,3/1/2024 23:40,Bike,24,2,"Hosur, Tamil Nadu, India","Tiruppur, Tamil Nadu, India",electric,23,73.46
T286,157,13292,3/1/2024 23:45,Bike,17,2,"Cuddalore, Tamil Nadu, India","Tirunelveli, Tamil Nadu, India",electric,24,49.87
T287,743,16107,3/1/2024 23:50,Car,18,1,"Cuddalore, Tamil Nadu, India","Kanchipuram, Tamil Nadu, India",gasoline,20,31.68
T288,168,13373,3/1/2024 23:55,Car,13,2,"Vellore, Tamil Nadu, India","Namakkal, Tamil Nadu, India",electric,25,36.61
T289,262,14707,3/2/2024 0:00,Car,3,3,"Madurai, Tamil Nadu, India","Salem, Tamil Nadu, India",electric,27,11.73
T290,861,13975,3/2/2024 0:05,Car,10,3,"Sivakasi, Tamil Nadu, India","Tirunelveli, Tamil Nadu, India",electric,20,52.8
T291,141,13399,3/2/2024 0:10,Bike,22,1,"Sivakasi, Tamil Nadu, India","Karur, Tamil Nadu, India",electric,26,29.78
T292,864F,14899,3/2/2024 0:15,Car,19,1,"Dindigul, Tamil Nadu, India","Kanchipuram, Tamil Nadu, India",electric,30,22.29
T293,C2,13354,3/2/2024 0:20,Car,24,1,"Sivakasi, Tamil Nadu, India","Cuddalore, Tamil Nadu, India",electric,21,40.23
T294,H30,16351,3/2/2024 0:25,Car,8,5,"Erode, Tamil Nadu, India","Namakkal, Tamil Nadu, India",gasoline,22,64.0
T295,230,12826,3/2/2024 0:30,Car,15,1,"Dindigul, Tamil Nadu, India","Coimbatore, Tamil Nadu, India",gasoline,25,21.12
T296,J1,17978,3/2/2024 0:35,Bike,24,4,"Nagapattinam, Tamil Nadu, India","Thoothukudi, Tamil Nadu, India",gasoline,22,153.6
T297,230,12765,3/2/2024 0:40,Car,7,1,"Thoothukudi, Tamil Nadu, India","Salem, Tamil Nadu, India",gasoline,27,9.13
T298,228F,10281,3/2/2024 0:45,Car,21,4,"Dindigul, Tamil Nadu, India","Tirunelveli, Tamil Nadu, India",electric,30,98.56
T299,178,12202,3/2/2024 0:50,Bike,10,2,"Karur, Tamil Nadu, India","Madurai, Tamil Nadu, India",gasoline,21,33.52
T300,G21,15301,3/2/2024 0:55,Car,2,3,"Thanjavur, Tamil Nadu, India","Dindigul, Tamil Nadu, India",electric,28,7.54
T301,239,12859,3/2/2024 1:00,Car,17,4,"Nagercoil, Tamil Nadu, India","Tirunelveli, Tamil Nadu, India",electric,22,108.8
T302,224F,13003,3/2/2024 1:05,Car,19,3,"Erode, Tamil Nadu, India","Madurai, Tamil Nadu, India",gasoline,24,83.6
T303,719,14893,3/2/2024 1:10,Car,6,4,"Kanchipuram, Tamil Nadu, India","Tirunelveli, Tamil Nadu, India",electric,20,42.24
T304,560,10265,3/2/2024 1:15,Car,22,2,"Vellore, Tamil Nadu, India","Coimbatore, Tamil Nadu, India",electric,27,57.36
T305,723F,15432,3/2/2024 1:20,Car,19,5,"Coimbatore, Tamil Nadu, India","Thoothukudi, Tamil Nadu, India",electric,24,139.33
T306,224F,12139,3/2/2024 1:25,Car,16,5,"Madurai, Tamil Nadu, India","Nagercoil, Tamil Nadu, India",gasoline,27,104.3
T307,G10C,12623,3/2/2024 1:30,Car,21,3,"Hosur, Tamil Nadu, India","Tiruppur, Tamil Nadu, India",gasoline,23,96.42
T308,190,14254,3/2/2024 1:35,Car,20,4,"Vellore, Tamil Nadu, India","Madurai, Tamil Nadu, India",electric,29,97.1
T309,H30,16346,3/2/2024 1:40,Car,20,2,"Kanchipuram, Tamil Nadu, India","Coimbatore, Tamil Nadu, India",electric,20,70.4
T310,228X,10258,3/2/2024 1:45,Car,4,5,"Dindigul, Tamil Nadu, India","Madurai, Tamil Nadu, India",gasoline,21,33.52
T311,503,11410,3/2/2024 1:50,Bike,20,3,"Thoothukudi, Tamil Nadu, India","Thanjavur, Tamil Nadu, India",gasoline,23,91.83
T312,263,14844,3/2/2024 1:55,Car,25,2,"Hosur, Tamil Nadu, India","Chennai, Tamil Nadu, India",gasoline,21,83.81
T313,W90,14866,3/2/2024 2:00,Bike,5,3,"Chennai, Tamil Nadu, India","Thoothukudi, Tamil Nadu, India",gasoline,22,24.0
T314,542X,10968,3/2/2024 2:05,Car,10,3,"Chennai, Tamil Nadu, India","Vellore, Tamil Nadu, India",gasoline,23,45.91
T315,208,11830,3/2/2024 2:10,Bike,3,5,"Thanjavur, Tamil Nadu, India","Vellore, Tamil Nadu, India",electric,30,17.6
T316,230,11587,3/2/2024 2:15,Car,24,4,"Sivakasi, Tamil Nadu, India","Tirunelveli, Tamil Nadu, India",gasoline,23,146.92
T317,734,16041,3/2/2024 2:20,Car,21,4,"Thanjavur, Tamil Nadu, India","Coimbatore, Tamil Nadu, India",gasoline,26,113.72
T318,451,10101,3/2/2024 2:25,Car,19,3,"Hosur, Tamil Nadu, India","Coimbatore, Tamil Nadu, India",electric,23,87.23
T319,H20,13774,3/2/2024 2:30,Car,9,4,"Tiruppur, Tamil Nadu, India","Madurai, Tamil Nadu, India",electric,26,48.74
T320,196F,14281,3/2/2024 2:35,Car,1,3,"Dindigul, Tamil Nadu, India","Namakkal, Tamil Nadu, India",gasoline,26,4.06
T321,H33C,12990,3/2/2024 2:40,Car,21,2,"Nagapattinam, Tamil Nadu, India","Dindigul, Tamil Nadu, India",electric,28,52.8
T322,M44,12126,3/2/2024 2:45,Car,21,1,"Erode, Tamil Nadu, India","Tiruppur, Tamil Nadu, India",gasoline,24,30.8
T323,230,12861,3/2/2024 2:50,Bike,16,5,"Karur, Tamil Nadu, India","Vellore, Tamil Nadu, India",gasoline,21,134.1
T324,253,16279,3/2/2024 2:55,Bike,20,2,"Chennai, Tamil Nadu, India","Karur, Tamil Nadu, India",gasoline,26,54.15
T325,720H,15701,3/2/2024 3:00,Car,6,5,"Nagercoil, Tamil Nadu, India","Madurai, Tamil Nadu, India",gasoline,21,50.29
T326,230,11748,3/2/2024 3:05,Bike,20,1,"Dindigul, Tamil Nadu, India","Vellore, Tamil Nadu, India",electric,25,28.16
T327,224F,12465,3/2/2024 3:10,Car,7,4,"Cuddalore, Tamil Nadu, India","Vellore, Tamil Nadu, India",gasoline,25,39.42
T328,500,10528,3/2/2024 3:15,Car,11,2,"Sivakasi, Tamil Nadu, India","Tirunelveli, Tamil Nadu, India",electric,24,32.27
T329,721F,17878,3/2/2024 3:20,Car,4,2,"Coimbatore, Tamil Nadu, India","Thoothukudi, Tamil Nadu, India",gasoline,23,12.24
T330,442,10224,3/2/2024 3:25,Car,18,1,"Sivakasi, Tamil Nadu, India","Thoothukudi, Tamil Nadu, India",electric,28,22.63
T331,502,10889,3/2/2024 3:30,Car,7,5,"Namakkal, Tamil Nadu, India","Kanchipuram, Tamil Nadu, India",electric,27,45.63
T332,C2,17954,3/2/2024 3:35,Car,17,4,"Sivakasi, Tamil Nadu, India","Chennai, Tamil Nadu, India",gasoline,23,104.07
T333,228F,10191,3/2/2024 3:40,Car,5,4,"Madurai, Tamil Nadu, India","Vellore, Tamil Nadu, India",gasoline,24,29.33
T334,209F,11481,3/2/2024 3:45,Car,9,1,"Tirunelveli, Tamil Nadu, India","Namakkal, Tamil Nadu, India",electric,28,11.31
T335,M44,14434,3/2/2024 3:50,Car,20,1,"Dindigul, Tamil Nadu, India","Hosur, Tamil Nadu, India",gasoline,30,23.47
T336,228F,13078,3/2/2024 3:55,Car,2,3,"Coimbatore, Tamil Nadu, India","Madurai, Tamil Nadu, India",electric,25,8.45
T337,721F,15785,3/2/2024 4:00,Car,16,4,"Madurai, Tamil Nadu, India","Erode, Tamil Nadu, India",electric,24,93.87
T338,400,10245,3/2/2024 4:05,Car,9,1,"Tiruppur, Tamil Nadu, India","Sivakasi, Tamil Nadu, India",electric,27,11.73
T339,502,11800,3/2/2024 4:10,Car,23,5,"Cuddalore, Tamil Nadu, India","Namakkal, Tamil Nadu, India",electric,27,149.93
T340,300,12463,3/2/2024 4:15,Car,7,3,"Vellore, Tamil Nadu, India","Tirunelveli, Tamil Nadu, India",gasoline,26,28.43
T341,744,16130,3/2/2024 4:20,Car,3,2,"Tiruppur, Tamil Nadu, India","Cuddalore, Tamil Nadu, India",gasoline,30,7.04
T342,147,13548,3/2/2024 4:25,Car,11,1,"Kanchipuram, Tamil Nadu, India","Nagapattinam, Tamil Nadu, India",electric,30,12.91
T343,560,10645,3/2/2024 4:30,Bike,1,3,"Coimbatore, Tamil Nadu, India","Madurai, Tamil Nadu, India",electric,27,3.91
T344,232,12315,3/2/2024 4:35,Bike,11,5,"Tiruchirappalli, Tamil Nadu, India","Tirunelveli, Tamil Nadu, India",gasoline,27,71.7
T345,228X,16275,3/2/2024 4:40,Bike,11,4,"Thanjavur, Tamil Nadu, India","Madurai, Tamil Nadu, India",gasoline,23,67.34
T346,442,17316,3/2/2024 4:45,Car,18,3,"Salem, Tamil Nadu, India","Tirunelveli, Tamil Nadu, India",electric,30,63.36
T347,H30,12985,3/2/2024 4:50,Car,23,1,"Cuddalore, Tamil Nadu, India","Sivakasi, Tamil Nadu, India",electric,29,27.92
T348,N4,14841,3/2/2024 4:55,Car,24,3,"Hosur, Tamil Nadu, India","Karur, Tamil Nadu, India",gasoline,20,126.72
T349,208B,12994,3/2/2024 5:00,Car,22,1,"Coimbatore, Tamil Nadu, India","Dindigul, Tamil Nadu, India",gasoline,23,33.67
T350,H22,16415,3/2/2024 5:05,Bike,11,4,"Madurai, Tamil Nadu, India","Tiruppur, Tamil Nadu, India",gasoline,21,73.75
T351,117,12438,3/2/2024 5:10,Car,3,4,"Vellore, Tamil Nadu, India","Namakkal, Tamil Nadu, India",gasoline,26,16.25
T352,100,14129,3/2/2024 5:15,Bike,10,3,"Erode, Tamil Nadu, India","Tiruppur, Tamil Nadu, India",electric,30,35.2
T353,225,11609,3/2/2024 5:20,Bike,15,5,"Sivakasi, Tamil Nadu, India","Vellore, Tamil Nadu, India",gasoline,24,110.0
T354,838H,18620,3/2/2024 5:25,Car,10,5,"Namakkal, Tamil Nadu, India","Tiruppur, Tamil Nadu, India",gasoline,23,76.52
T355,G40,16282,3/2/2024 5:30,Bike,14,2,"Dindigul, Tamil Nadu, India","Tiruchirappalli, Tamil Nadu, India",electric,23,42.85
T356,461,18175,3/2/2024 5:35,Bike,14,4,"Thoothukudi, Tamil Nadu, India","Nagercoil, Tamil Nadu, India",electric,20,98.56
T357,M44,14432,3/2/2024 5:40,Bike,22,4,"Tirunelveli, Tamil Nadu, India","Tiruchirappalli, Tamil Nadu, India",electric,23,134.68
T358,232,12312,3/2/2024 5:45,Car,25,5,"Coimbatore, Tamil Nadu, India","Kanchipuram, Tamil Nadu, India",electric,27,162.96
T359,864,14814,3/2/2024 5:50,Car,15,2,"Nagapattinam, Tamil Nadu, India","Karur, Tamil Nadu, India",gasoline,22,48.0
T360,248,13457,3/2/2024 5:55,Car,7,1,"Karur, Tamil Nadu, India","Dindigul, Tamil Nadu, India",electric,30,8.21
T361,541G,10788,3/2/2024 6:00,Car,22,5,"Nagapattinam, Tamil Nadu, India","Nagercoil, Tamil Nadu, India",gasoline,30,129.07
T362,170,13790,3/2/2024 6:05,Car,22,3,"Erode, Tamil Nadu, India","Vellore, Tamil Nadu, India",electric,23,101.01
T363,734,16020,3/2/2024 6:10,Bike,23,4,"Thanjavur, Tamil Nadu, India","Chennai, Tamil Nadu, India",gasoline,25,129.54
T364,H20,16417,3/2/2024 6:15,Car,18,4,"Erode, Tamil Nadu, India","Tiruchirappalli, Tamil Nadu, India",electric,25,101.38
T365,204,12195,3/2/2024 6:20,Car,21,3,"Tiruchirappalli, Tamil Nadu, India","Dindigul, Tamil Nadu, India",electric,28,79.2
T366,861,13926,3/2/2024 6:25,Car,15,2,"Karur, Tamil Nadu, India","Madurai, Tamil Nadu, India",electric,24,44.0
T367,J1,13371,3/2/2024 6:30,Bike,17,2,"Tirunelveli, Tamil Nadu, India","Sivakasi, Tamil Nadu, India",gasoline,29,41.27
T368,273,13062,3/2/2024 6:35,Car,20,1,"Madurai, Tamil Nadu, India","Karur, Tamil Nadu, India",gasoline,30,23.47
T369,254,12540,3/2/2024 6:40,Car,22,1,"Karur, Tamil Nadu, India","Thanjavur, Tamil Nadu, India",electric,27,28.68
T370,245,13829,3/2/2024 6:45,Car,16,3,"Coimbatore, Tamil Nadu, India","Salem, Tamil Nadu, India",electric,30,56.32
T371,502,10570,3/2/2024 6:50,Bike,21,5,"Chennai, Tamil Nadu, India","Karur, Tamil Nadu, India",gasoline,27,136.89
T372,178,13021,3/2/2024 6:55,Car,8,2,"Chennai, Tamil Nadu, India","Tiruppur, Tamil Nadu, India",electric,29,19.42
T373,228,10355,3/2/2024 7:00,Car,16,1,"Tirunelveli, Tamil Nadu, India","Hosur, Tamil Nadu, India",electric,27,20.86
T374,222,17265,3/2/2024 7:05,Car,18,5,"Chennai, Tamil Nadu, India","Nagercoil, Tamil Nadu, India",electric,26,121.85
T375,174,12622,3/2/2024 7:10,Car,8,1,"Tirunelveli, Tamil Nadu, India","Madurai, Tamil Nadu, India",gasoline,26,10.83
T376,281,12644,3/2/2024 7:15,Car,21,5,"Salem, Tamil Nadu, India","Coimbatore, Tamil Nadu, India",electric,29,127.45
T377,721F,14630,3/2/2024 7:20,Bike,12,3,"Chennai, Tamil Nadu, India","Madurai, Tamil Nadu, India",gasoline,20,63.36
T378,491,18326,3/2/2024 7:25,Bike,1,2,"Vellore, Tamil Nadu, India","Kanchipuram, Tamil Nadu, India",gasoline,24,2.93
T379,142,13547,3/2/2024 7:30,Car,14,2,"Tirunelveli, Tamil Nadu, India","Tiruchirappalli, Tamil Nadu, India",gasoline,26,37.91
T380,J1,13535,3/2/2024 7:35,Car,6,5,"Hosur, Tamil Nadu, India","Dindigul, Tamil Nadu, India",electric,22,48.0
T381,740,18682,3/2/2024 7:40,Car,18,1,"Sivakasi, Tamil Nadu, India","Tiruppur, Tamil Nadu, India",electric,25,25.34
T382,200,14585,3/2/2024 7:45,Bike,3,1,"Chennai, Tamil Nadu, India","Kanchipuram, Tamil Nadu, India",gasoline,28,3.77
T383,228F,10281,3/2/2024 7:50,Bike,7,3,"Sivakasi, Tamil Nadu, India","Erode, Tamil Nadu, India",electric,26,28.43
T384,251,12763,3/2/2024 7:55,Car,22,1,"Karur, Tamil Nadu, India","Erode, Tamil Nadu, India",electric,30,25.81
T385,361,11550,3/2/2024 8:00,Bike,7,1,"Nagapattinam, Tamil Nadu, India","Thoothukudi, Tamil Nadu, India",gasoline,29,8.5
T386,171,13758,3/2/2024 8:05,Car,9,3,"Tirunelveli, Tamil Nadu, India","Coimbatore, Tamil Nadu, India",gasoline,23,41.32
T387,861,13509,3/2/2024 8:10,Car,7,5,"Namakkal, Tamil Nadu, India","Dindigul, Tamil Nadu, India",electric,23,53.57
T388,G10,13460,3/2/2024 8:15,Car,14,4,"Hosur, Tamil Nadu, India","Erode, Tamil Nadu, India",electric,22,89.6
T389,263,14248,3/2/2024 8:20,Car,6,5,"Nagapattinam, Tamil Nadu, India","Cuddalore, Tamil Nadu, India",gasoline,28,37.71
T390,400,10241,3/2/2024 8:25,Car,18,5,"Tiruchirappalli, Tamil Nadu, India","Cuddalore, Tamil Nadu, India",gasoline,27,117.33
T391,G10,13888,3/2/2024 8:30,Car,6,3,"Nagapattinam, Tamil Nadu, India","Dindigul, Tamil Nadu, India",gasoline,22,28.8
T392,252,12719,3/2/2024 8:35,Car,19,1,"Erode, Tamil Nadu, India","Tiruchirappalli, Tamil Nadu, India",electric,27,24.77
T393,542,10919,3/2/2024 8:40,Car,2,3,"Karur, Tamil Nadu, India","Thoothukudi, Tamil Nadu, India",electric,29,7.28
T394,101,12966,3/2/2024 8:45,Car,7,5,"Thoothukudi, Tamil Nadu, India","Karur, Tamil Nadu, India",electric,24,51.33
T395,178,13300,3/2/2024 8:50,Bike,2,3,"Nagapattinam, Tamil Nadu, India","Thanjavur, Tamil Nadu, India",gasoline,28,7.54
T396,251A,11815,3/2/2024 8:55,Car,24,5,"Tiruchirappalli, Tamil Nadu, India","Thanjavur, Tamil Nadu, India",gasoline,27,156.44
T397,719,18486,3/2/2024 9:00,Bike,10,4,"Chennai, Tamil Nadu, India","Nagercoil, Tamil Nadu, India",gasoline,26,54.15
T398,263,16589,3/2/2024 9:05,Bike,3,1,"Hosur, Tamil Nadu, India","Nagercoil, Tamil Nadu, India",gasoline,27,3.91
T399,H30,13364,3/2/2024 9:10,Car,25,2,"Thoothukudi, Tamil Nadu, India","Kanchipuram, Tamil Nadu, India",electric,25,70.4
T400,273,12541,3/2/2024 9:15,Bike,1,2,"Madurai, Tamil Nadu, India","Sivakasi, Tamil Nadu, India",electric,30,2.35
T401,222,11967,3/2/2024 9:20,Bike,20,2,"Madurai, Tamil Nadu, India","Tiruppur, Tamil Nadu, India",electric,24,58.67
T402,190,14412,3/2/2024 9:25,Bike,25,5,"Salem, Tamil Nadu, India","Nagapattinam, Tamil Nadu, India",gasoline,24,183.33
T403,252,11616,3/2/2024 9:30,Car,9,5,"Madurai, Tamil Nadu, India","Sivakasi, Tamil Nadu, India",gasoline,28,56.57
T404,141,13312,3/2/2024 9:35,Bike,7,2,"Hosur, Tamil Nadu, India","Tiruchirappalli, Tamil Nadu, India",gasoline,25,19.71
T405,235,12696,3/2/2024 9:40,Bike,16,4,"Dindigul, Tamil Nadu, India","Salem, Tamil Nadu, India",gasoline,23,97.95
T406,167,14058,3/2/2024 9:45,Bike,20,4,"Cuddalore, Tamil Nadu, India","Salem, Tamil Nadu, India",electric,26,108.31
T407,190,14402,3/2/2024 9:50,Car,10,4,"Chennai, Tamil Nadu, India","Cuddalore, Tamil Nadu, India",gasoline,24,58.67
T408,H22,16415,3/2/2024 9:55,Bike,11,2,"Sivakasi, Tamil Nadu, India","Nagercoil, Tamil Nadu, India",gasoline,29,26.7
T409,300,12228,3/2/2024 10:00,Bike,16,3,"Coimbatore, Tamil Nadu, India","Thoothukudi, Tamil Nadu, India",gasoline,24,70.4
T410,167,14253,3/2/2024 10:05,Car,3,4,"Salem, Tamil Nadu, India","Cuddalore, Tamil Nadu, India",gasoline,23,18.37
T411,W90,13756,3/2/2024 10:10,Bike,2,1,"Thanjavur, Tamil Nadu, India","Coimbatore, Tamil Nadu, India",electric,21,3.35
T412,273,12473,3/2/2024 10:15,Car,10,1,"Salem, Tamil Nadu, India","Tirunelveli, Tamil Nadu, India",electric,22,16.0
T413,170,13292,3/2/2024 10:20,Bike,7,1,"Kanchipuram, Tamil Nadu, India","Chennai, Tamil Nadu, India",electric,27,9.13
T414,W90,13350,3/2/2024 10:25,Car,7,2,"Cuddalore, Tamil Nadu, India","Tiruppur, Tamil Nadu, India",electric,26,18.95
T415,232,13440,3/2/2024 10:30,Car,23,2,"Salem, Tamil Nadu, India","Vellore, Tamil Nadu, India",electric,24,67.47
T416,720,14221,3/2/2024 10:35,Car,11,4,"Namakkal, Tamil Nadu, India","Dindigul, Tamil Nadu, India",gasoline,27,57.36
T417,556,11517,3/2/2024 10:40,Car,20,1,"Nagercoil, Tamil Nadu, India","Hosur, Tamil Nadu, India",electric,20,35.2
T418,741,16179,3/2/2024 10:45,Bike,5,3,"Tirunelveli, Tamil Nadu, India","Vellore, Tamil Nadu, India",gasoline,20,26.4
T419,168,13728,3/2/2024 10:50,Bike,16,3,"Dindigul, Tamil Nadu, India","Karur, Tamil Nadu, India",gasoline,20,84.48
T420,W90,13013,3/2/2024 10:55,Bike,14,2,"Dindigul, Tamil Nadu, India","Thanjavur, Tamil Nadu, India",electric,20,49.28
T421,502X,13326,3/2/2024 11:00,Car,14,4,"Vellore, Tamil Nadu, India","Madurai, Tamil Nadu, India",electric,20,98.56
T422,839,17655,3/2/2024 11:05,Bike,5,3,"Cuddalore, Tamil Nadu, India","Nagercoil, Tamil Nadu, India",electric,29,18.21
T423,117,12616,3/2/2024 11:10,Car,22,3,"Tiruchirappalli, Tamil Nadu, India","Dindigul, Tamil Nadu, India",electric,30,77.44
T424,861,13472,3/2/2024 11:15,Car,15,1,"Thanjavur, Tamil Nadu, India","Thoothukudi, Tamil Nadu, India",electric,26,20.31
T425,545X,11051,3/2/2024 11:20,Car,16,5,"Hosur, Tamil Nadu, India","Sivakasi, Tamil Nadu, India",gasoline,21,134.1
T426,441,10159,3/2/2024 11:25,Car,22,5,"Vellore, Tamil Nadu, India","Tirunelveli, Tamil Nadu, India",electric,23,168.35
T427,G10A,13556,3/2/2024 11:30,Car,22,4,"Hosur, Tamil Nadu, India","Tiruppur, Tamil Nadu, India",gasoline,22,140.8
T428,734,15529,3/2/2024 11:35,Car,5,5,"Thanjavur, Tamil Nadu, India","Dindigul, Tamil Nadu, India",electric,30,29.33
T429,494,18241,3/2/2024 11:40,Bike,2,5,"Coimbatore, Tamil Nadu, India","Tirunelveli, Tamil Nadu, India",gasoline,24,14.67
T430,142,13416,3/2/2024 11:45,Bike,17,5,"Tirunelveli, Tamil Nadu, India","Nagercoil, Tamil Nadu, India",electric,27,110.81
T431,G40,10744,3/2/2024 11:50,Car,3,5,"Tirunelveli, Tamil Nadu, India","Namakkal, Tamil Nadu, India",electric,22,24.0
T432,117,12747,3/2/2024 11:55,Car,3,3,"Salem, Tamil Nadu, India","Namakkal, Tamil Nadu, India",gasoline,23,13.77
T433,B10,13209,3/2/2024 12:00,Car,17,2,"Sivakasi, Tamil Nadu, India","Hosur, Tamil Nadu, India",gasoline,29,41.27
T434,H30S,13194,3/2/2024 12:05,Car,14,5,"Nagapattinam, Tamil Nadu, India","Tiruppur, Tamil Nadu, India",electric,23,107.13
T435,254X,11747,3/2/2024 12:10,Car,10,1,"Erode, Tamil Nadu, India","Vellore, Tamil Nadu, India",electric,24,14.67
T436,542X,11043,3/2/2024 12:15,Car,6,1,"Erode, Tamil Nadu, India","Karur, Tamil Nadu, India",gasoline,20,10.56
T437,253,13069,3/2/2024 12:20,Car,23,4,"Vellore, Tamil Nadu, India","Madurai, Tamil Nadu, India",electric,25,129.54
T438,H30,12893,3/2/2024 12:25,Car,16,3,"Hosur, Tamil Nadu, India","Namakkal, Tamil Nadu, India",electric,27,62.58
T439,333,11511,3/2/2024 12:30,Car,17,5,"Dindigul, Tamil Nadu, India","Salem, Tamil Nadu, India",electric,20,149.6
T440,600,15139,3/2/2024 12:35,Car,7,4,"Tiruppur, Tamil Nadu, India","Erode, Tamil Nadu, India",electric,26,37.91
T441,157,12415,3/2/2024 12:40,Car,1,5,"Kanchipuram, Tamil Nadu, India","Cuddalore, Tamil Nadu, India",electric,30,5.87
T442,C1,13365,3/2/2024 12:45,Car,6,3,"Madurai, Tamil Nadu, India","Thanjavur, Tamil Nadu, India",electric,21,30.17
T443,M44,13566,3/2/2024 12:50,Bike,16,1,"Salem, Tamil Nadu, India","Hosur, Tamil Nadu, India",gasoline,22,25.6
T444,H20,13373,3/2/2024 12:55,Car,23,3,"Namakkal, Tamil Nadu, India","Vellore, Tamil Nadu, India",gasoline,25,97.15
T445,H32,16472,3/2/2024 13:00,Car,23,2,"Hosur, Tamil Nadu, India","Namakkal, Tamil Nadu, India",gasoline,22,73.6
T446,506,11393,3/2/2024 13:05,Car,3,3,"Vellore, Tamil Nadu, India","Tirunelveli, Tamil Nadu, India",gasoline,27,11.73
T447,H30,18492,3/2/2024 13:10,Car,2,1,"Karur, Tamil Nadu, India","Cuddalore, Tamil Nadu, India",electric,30,2.35
T448,G21,15290,3/2/2024 13:15,Car,15,5,"Tiruchirappalli, Tamil Nadu, India","Sivakasi, Tamil Nadu, India",gasoline,21,125.71
T449,241A,13863,3/2/2024 13:20,Bike,5,2,"Sivakasi, Tamil Nadu, India","Salem, Tamil Nadu, India",electric,28,12.57
T450,J1,16408,3/2/2024 13:25,Bike,9,3,"Salem, Tamil Nadu, India","Coimbatore, Tamil Nadu, India",electric,22,43.2
T451,200C,13917,3/2/2024 13:30,Car,8,4,"Erode, Tamil Nadu, India","Thanjavur, Tamil Nadu, India",gasoline,24,46.93
T452,G10,14457,3/2/2024 13:35,Car,6,2,"Nagercoil, Tamil Nadu, India","Erode, Tamil Nadu, India",electric,20,21.12
T453,502,11802,3/2/2024 13:40,Car,6,4,"Madurai, Tamil Nadu, India","Salem, Tamil Nadu, India",electric,27,31.29
T454,720H,17969,3/2/2024 13:45,Car,5,4,"Nagercoil, Tamil Nadu, India","Erode, Tamil Nadu, India",electric,24,29.33
T455,B10C,13089,3/2/2024 13:50,Car,9,5,"Madurai, Tamil Nadu, India","Vellore, Tamil Nadu, India",gasoline,27,58.67
T456,171,14336,3/2/2024 13:55,Car,22,4,"Hosur, Tamil Nadu, India","Cuddalore, Tamil Nadu, India",gasoline,23,134.68
T457,864,15329,3/2/2024 14:00,Car,4,3,"Tiruchirappalli, Tamil Nadu, India","Tirunelveli, Tamil Nadu, India",electric,29,14.57
T458,235,12861,3/2/2024 14:05,Car,1,2,"Kanchipuram, Tamil Nadu, India","Tiruppur, Tamil Nadu, India",electric,20,3.52
T459,300,14102,3/2/2024 14:10,Car,13,3,"Nagercoil, Tamil Nadu, India","Thanjavur, Tamil Nadu, India",gasoline,21,65.37
T460,251,12763,3/2/2024 14:15,Car,13,5,"Madurai, Tamil Nadu, India","Erode, Tamil Nadu, India",gasoline,23,99.48
T461,H21,16395,3/2/2024 14:20,Car,19,4,"Sivakasi, Tamil Nadu, India","Nagapattinam, Tamil Nadu, India",gasoline,21,127.39
T462,H33,16457,3/2/2024 14:25,Car,19,5,"Namakkal, Tamil Nadu, India","Salem, Tamil Nadu, India",gasoline,22,152.0
T463,404,10594,3/2/2024 14:30,Bike,24,2,"Thanjavur, Tamil Nadu, India","Dindigul, Tamil Nadu, India",gasoline,23,73.46
T464,239,13283,3/2/2024 14:35,Car,21,4,"Chennai, Tamil Nadu, India","Cuddalore, Tamil Nadu, India",electric,30,98.56
T465,720,14676,3/2/2024 14:40,Bike,5,5,"Tiruchirappalli, Tamil Nadu, India","Hosur, Tamil Nadu, India",gasoline,23,38.26
T466,228F,10711,3/2/2024 14:45,Car,6,4,"Erode, Tamil Nadu, India","Hosur, Tamil Nadu, India",gasoline,26,32.49
T467,300,12991,3/2/2024 14:50,Car,11,3,"Sivakasi, Tamil Nadu, India","Salem, Tamil Nadu, India",electric,23,50.5
T468,541X,11282,3/2/2024 14:55,Car,4,3,"Vellore, Tamil Nadu, India","Erode, Tamil Nadu, India",electric,26,16.25
T469,144,13529,3/2/2024 15:00,Car,4,1,"Cuddalore, Tamil Nadu, India","Vellore, Tamil Nadu, India",gasoline,26,5.42
T470,271,12680,3/2/2024 15:05,Car,15,3,"Karur, Tamil Nadu, India","Cuddalore, Tamil Nadu, India",electric,28,56.57
T471,118,12602,3/2/2024 15:10,Car,9,5,"Tiruppur, Tamil Nadu, India","Erode, Tamil Nadu, India",gasoline,24,66.0
T472,G10,13078,3/2/2024 15:15,Bike,17,4,"Vellore, Tamil Nadu, India","Madurai, Tamil Nadu, India",gasoline,21,113.98
T473,B10,13256,3/2/2024 15:20,Car,5,1,"Thanjavur, Tamil Nadu, India","Tirunelveli, Tamil Nadu, India",gasoline,26,6.77
T474,M44,13452,3/2/2024 15:25,Bike,13,3,"Madurai, Tamil Nadu, India","Salem, Tamil Nadu, India",gasoline,21,65.37
T475,838H,18183,3/2/2024 15:30,Car,11,5,"Thoothukudi, Tamil Nadu, India","Nagercoil, Tamil Nadu, India",electric,25,77.44
T476,G40,10893,3/2/2024 15:35,Car,18,5,"Madurai, Tamil Nadu, India","Dindigul, Tamil Nadu, India",gasoline,25,126.72
T477,281,13299,3/2/2024 15:40,Car,19,5,"Thoothukudi, Tamil Nadu, India","Nagercoil, Tamil Nadu, India",electric,24,139.33
T478,546X,11403,3/2/2024 15:45,Car,4,1,"Namakkal, Tamil Nadu, India","Thanjavur, Tamil Nadu, India",gasoline,23,6.12
T479,452,10056,3/2/2024 15:50,Car,24,3,"Tirunelveli, Tamil Nadu, India","Tiruppur, Tamil Nadu, India",electric,28,90.51
T480,864F,15103,3/2/2024 15:55,Bike,21,2,"Kanchipuram, Tamil Nadu, India","Cuddalore, Tamil Nadu, India",electric,27,54.76
T481,G10B,12378,3/2/2024 16:00,Car,2,4,"Hosur, Tamil Nadu, India","Thanjavur, Tamil Nadu, India",gasoline,23,12.24
T482,C2,17332,3/2/2024 16:05,Bike,6,2,"Sivakasi, Tamil Nadu, India","Karur, Tamil Nadu, India",gasoline,24,17.6
T483,G21,15503,3/2/2024 16:10,Car,20,1,"Dindigul, Tamil Nadu, India","Tiruchirappalli, Tamil Nadu, India",electric,28,25.14
T484,232,12326,3/2/2024 16:15,Car,14,5,"Hosur, Tamil Nadu, India","Tiruppur, Tamil Nadu, India",gasoline,30,82.13
T485,J7,12747,3/2/2024 16:20,Car,7,4,"Erode, Tamil Nadu, India","Thanjavur, Tamil Nadu, India",electric,25,39.42
T486,W91,13287,3/2/2024 16:25,Car,9,3,"Coimbatore, Tamil Nadu, India","Salem, Tamil Nadu, India",electric,24,39.6
T487,222,18395,3/2/2024 16:30,Car,4,5,"Hosur, Tamil Nadu, India","Kanchipuram, Tamil Nadu, India",electric,27,26.07
T488,J2,13306,3/2/2024 16:35,Car,22,5,"Thanjavur, Tamil Nadu, India","Kanchipuram, Tamil Nadu, India",electric,27,143.41
T489,172,14215,3/2/2024 16:40,Car,3,3,"Madurai, Tamil Nadu, India","Nagapattinam, Tamil Nadu, India",gasoline,26,12.18
T490,253X,13261,3/2/2024 16:45,Car,5,3,"Cuddalore, Tamil Nadu, India","Karur, Tamil Nadu, India",gasoline,30,17.6
T491,H32,16415,3/2/2024 16:50,Car,2,5,"Namakkal, Tamil Nadu, India","Tiruppur, Tamil Nadu, India",electric,30,11.73
T492,720,14776,3/2/2024 16:55,Car,2,5,"Erode, Tamil Nadu, India","Madurai, Tamil Nadu, India",electric,27,13.04
T493,H20,12418,3/2/2024 17:00,Car,9,2,"Salem, Tamil Nadu, India","Coimbatore, Tamil Nadu, India",gasoline,27,23.47
T494,230,12608,3/2/2024 17:05,Car,15,3,"Dindigul, Tamil Nadu, India","Namakkal, Tamil Nadu, India",gasoline,23,68.87
T495,271,11618,3/2/2024 17:10,Car,10,2,"Chennai, Tamil Nadu, India","Madurai, Tamil Nadu, India",electric,30,23.47
T496,B10,12967,3/2/2024 17:15,Car,2,5,"Nagercoil, Tamil Nadu, India","Thoothukudi, Tamil Nadu, India",electric,29,12.14
T497,300,13217,3/2/2024 17:20,Car,18,2,"Tiruchirappalli, Tamil Nadu, India","Vellore, Tamil Nadu, India",gasoline,20,63.36
T498,228F,12297,3/2/2024 17:25,Bike,25,4,"Nagercoil, Tamil Nadu, India","Cuddalore, Tamil Nadu, India",gasoline,23,153.04
T499,528,12069,3/2/2024 17:30,Bike,20,5,"Erode, Tamil Nadu, India","Nagapattinam, Tamil Nadu, India",gasoline,21,167.62
T500,157,12774,3/2/2024 17:35,Bike,25,3,"Namakkal, Tamil Nadu, India","Sivakasi, Tamil Nadu, India",gasoline,26,101.54
T501,248F,14506,3/2/2024 17:40,Car,7,2,"Sivakasi, Tamil Nadu, India","Hosur, Tamil Nadu, India",electric,30,16.43
T502,190,13978,3/2/2024 17:45,Bike,2,1,"Coimbatore, Tamil Nadu, India","Dindigul, Tamil Nadu, India",gasoline,24,2.93
T503,178F,12062,3/2/2024 17:50,Bike,1,2,"Madurai, Tamil Nadu, India","Hosur, Tamil Nadu, India",gasoline,23,3.06
T504,400,10505,3/2/2024 17:55,Car,12,2,"Namakkal, Tamil Nadu, India","Tiruppur, Tamil Nadu, India",electric,23,36.73
T505,228,10239,3/2/2024 18:00,Car,13,3,"Coimbatore, Tamil Nadu, India","Sivakasi, Tamil Nadu, India",electric,20,68.64
T506,200,13969,3/2/2024 18:05,Car,22,3,"Cuddalore, Tamil Nadu, India","Namakkal, Tamil Nadu, India",electric,23,101.01
T507,232,12163,3/2/2024 18:10,Car,12,5,"Hosur, Tamil Nadu, India","Chennai, Tamil Nadu, India",electric,27,78.22
T508,254,13261,3/2/2024 18:15,Car,22,5,"Nagercoil, Tamil Nadu, India","Thoothukudi, Tamil Nadu, India",gasoline,22,176.0
T509,G10,14741,3/2/2024 18:20,Bike,11,3,"Chennai, Tamil Nadu, India","Salem, Tamil Nadu, India",electric,30,38.72
T510,228,12771,3/2/2024 18:25,Car,15,1,"Thanjavur, Tamil Nadu, India","Nagercoil, Tamil Nadu, India",gasoline,30,17.6
T511,J1,17978,3/2/2024 18:30,Car,11,5,"Cuddalore, Tamil Nadu, India","Vellore, Tamil Nadu, India",electric,23,84.17
T512,400,10405,3/2/2024 18:35,Car,5,4,"Vellore, Tamil Nadu, India","Cuddalore, Tamil Nadu, India",gasoline,25,28.16
T513,M44,13341,3/2/2024 18:40,Car,3,2,"Chennai, Tamil Nadu, India","Coimbatore, Tamil Nadu, India",electric,25,8.45
T514,411,10631,3/2/2024 18:45,Car,20,5,"Vellore, Tamil Nadu, India","Thanjavur, Tamil Nadu, India",electric,28,125.71
T515,174,12842,3/2/2024 18:50,Car,4,2,"Kanchipuram, Tamil Nadu, India","Nagercoil, Tamil Nadu, India",electric,24,11.73
T516,C2,10945,3/2/2024 18:55,Bike,24,3,"Coimbatore, Tamil Nadu, India","Chennai, Tamil Nadu, India",gasoline,29,87.39
T517,H33,16426,3/2/2024 19:00,Car,23,2,"Tiruppur, Tamil Nadu, India","Dindigul, Tamil Nadu, India",gasoline,30,53.97
T518,196F,13561,3/2/2024 19:05,Car,21,4,"Vellore, Tamil Nadu, India","Nagercoil, Tamil Nadu, India",electric,27,109.51
T519,230,12326,3/2/2024 19:10,Car,21,5,"Madurai, Tamil Nadu, India","Tirunelveli, Tamil Nadu, India",electric,30,123.2
T520,M44,11237,3/2/2024 19:15,Car,24,3,"Coimbatore, Tamil Nadu, India","Thanjavur, Tamil Nadu, India",gasoline,27,93.87
T521,M44C,14888,3/2/2024 19:20,Car,24,1,"Nagapattinam, Tamil Nadu, India","Thoothukudi, Tamil Nadu, India",electric,29,29.13
T522,503,11797,3/2/2024 19:25,Car,19,5,"Namakkal, Tamil Nadu, India","Chennai, Tamil Nadu, India",electric,27,123.85
T523,232R,16279,3/2/2024 19:30,Car,17,2,"Cuddalore, Tamil Nadu, India","Madurai, Tamil Nadu, India",electric,26,46.03
T524,252,12567,3/2/2024 19:35,Car,24,1,"Karur, Tamil Nadu, India","Cuddalore, Tamil Nadu, India",gasoline,26,32.49
T525,681,15542,3/2/2024 19:40,Car,14,5,"Kanchipuram, Tamil Nadu, India","Coimbatore, Tamil Nadu, India",electric,29,84.97
T526,H20,13813,3/2/2024 19:45,Car,6,1,"Vellore, Tamil Nadu, India","Hosur, Tamil Nadu, India",gasoline,20,10.56
T527,864,13707,3/2/2024 19:50,Bike,21,2,"Thanjavur, Tamil Nadu, India","Chennai, Tamil Nadu, India",gasoline,24,61.6
T528,228F,10096,3/2/2024 19:55,Car,5,5,"Nagapattinam, Tamil Nadu, India","Chennai, Tamil Nadu, India",gasoline,26,33.85
T529,W90,13811,3/2/2024 20:00,Car,9,4,"Coimbatore, Tamil Nadu, India","Erode, Tamil Nadu, India",electric,22,57.6
T530,H22,16408,3/2/2024 20:05,Car,25,2,"Sivakasi, Tamil Nadu, India","Hosur, Tamil Nadu, India",electric,25,70.4
T531,B10,13242,3/2/2024 20:10,Car,12,2,"Karur, Tamil Nadu, India","Salem, Tamil Nadu, India",gasoline,28,30.17
T532,300,12215,3/2/2024 20:15,Car,6,1,"Chennai, Tamil Nadu, India","Namakkal, Tamil Nadu, India",electric,26,8.12
T533,721,15996,3/2/2024 20:20,Bike,15,5,"Madurai, Tamil Nadu, India","Nagapattinam, Tamil Nadu, India",electric,30,88.0
T534,720,15474,3/2/2024 20:25,Car,22,4,"Madurai, Tamil Nadu, India","Tiruchirappalli, Tamil Nadu, India",gasoline,29,106.81
T535,J2,13562,3/2/2024 20:30,Bike,5,5,"Nagercoil, Tamil Nadu, India","Cuddalore, Tamil Nadu, India",gasoline,23,38.26
T536,141,13345,3/2/2024 20:35,Car,4,5,"Nagapattinam, Tamil Nadu, India","Dindigul, Tamil Nadu, India",electric,23,30.61
T537,254X,11898,3/2/2024 20:40,Car,25,4,"Salem, Tamil Nadu, India","Dindigul, Tamil Nadu, India",electric,22,160.0
T538,H30,13194,3/2/2024 20:45,Car,24,5,"Salem, Tamil Nadu, India","Tiruppur, Tamil Nadu, India",gasoline,28,150.86
T539,721F,15362,3/2/2024 20:50,Car,2,4,"Madurai, Tamil Nadu, India","Chennai, Tamil Nadu, India",gasoline,27,10.43
T540,172,13432,3/2/2024 20:55,Car,20,2,"Madurai, Tamil Nadu, India","Sivakasi, Tamil Nadu, India",gasoline,22,64.0
T541,228F,10281,3/2/2024 21:00,Car,21,3,"Vellore, Tamil Nadu, India","Thoothukudi, Tamil Nadu, India",electric,27,82.13
T542,142,13423,3/2/2024 21:05,Car,8,1,"Tirunelveli, Tamil Nadu, India","Namakkal, Tamil Nadu, India",electric,29,9.71
T543,745,16155,3/2/2024 21:10,Car,21,1,"Dindigul, Tamil Nadu, India","Namakkal, Tamil Nadu, India",electric,24,30.8
T544,502,10998,3/2/2024 21:15,Bike,25,5,"Madurai, Tamil Nadu, India","Vellore, Tamil Nadu, India",gasoline,28,157.14
T545,J2,16409,3/2/2024 21:20,Car,7,3,"Salem, Tamil Nadu, India","Dindigul, Tamil Nadu, India",gasoline,27,27.38
T546,J1,13530,3/2/2024 21:25,Car,21,2,"Thanjavur, Tamil Nadu, India","Nagercoil, Tamil Nadu, India",gasoline,26,56.86
T547,W90,14864,3/2/2024 21:30,Car,14,4,"Dindigul, Tamil Nadu, India","Hosur, Tamil Nadu, India",gasoline,27,73.01
T548,273,12146,3/2/2024 21:35,Car,23,1,"Karur, Tamil Nadu, India","Hosur, Tamil Nadu, India",electric,25,32.38
T549,H22,16369,3/2/2024 21:40,Car,17,2,"Tiruchirappalli, Tamil Nadu, India","Thanjavur, Tamil Nadu, India",electric,30,39.89
T550,400,10330,3/2/2024 21:45,Car,2,5,"Dindigul, Tamil Nadu, India","Sivakasi, Tamil Nadu, India",electric,24,14.67
T551,G10,16288,3/2/2024 21:50,Car,22,4,"Tiruchirappalli, Tamil Nadu, India","Thanjavur, Tamil Nadu, India",gasoline,24,129.07
T552,720H,13461,3/2/2024 21:55,Car,8,4,"Nagapattinam, Tamil Nadu, India","Cuddalore, Tamil Nadu, India",gasoline,28,40.23
T553,721F,15140,3/2/2024 22:00,Car,19,3,"Tiruppur, Tamil Nadu, India","Thanjavur, Tamil Nadu, India",gasoline,25,80.26
T554,162,13513,3/2/2024 22:05,Car,4,1,"Madurai, Tamil Nadu, India","Erode, Tamil Nadu, India",gasoline,23,6.12
T555,B10,13279,3/2/2024 22:10,Car,22,1,"Coimbatore, Tamil Nadu, India","Tiruppur, Tamil Nadu, India",electric,26,29.78
T556,300,15049,3/2/2024 22:15,Car,7,4,"Thanjavur, Tamil Nadu, India","Vellore, Tamil Nadu, India",gasoline,24,41.07
T557,B10,12733,3/2/2024 22:20,Car,2,5,"Erode, Tamil Nadu, India","Salem, Tamil Nadu, India",gasoline,29,12.14
T558,507,11479,3/2/2024 22:25,Car,3,3,"Dindigul, Tamil Nadu, India","Namakkal, Tamil Nadu, India",gasoline,24,13.2
T559,720,15189,3/2/2024 22:30,Car,1,2,"Dindigul, Tamil Nadu, India","Hosur, Tamil Nadu, India",gasoline,23,3.06
T560,232,16279,3/2/2024 22:35,Car,7,3,"Nagapattinam, Tamil Nadu, India","Thanjavur, Tamil Nadu, India",electric,21,35.2
T561,745,16047,3/2/2024 22:40,Car,21,3,"Tiruchirappalli, Tamil Nadu, India","Cuddalore, Tamil Nadu, India",electric,22,100.8
T562,253,12245,3/2/2024 22:45,Car,16,3,"Kanchipuram, Tamil Nadu, India","Namakkal, Tamil Nadu, India",electric,27,62.58
T563,300,14753,3/2/2024 22:50,Car,23,1,"Nagercoil, Tamil Nadu, India","Hosur, Tamil Nadu, India",electric,26,31.14
T564,H20,16420,3/2/2024 22:55,Bike,17,1,"Tiruchirappalli, Tamil Nadu, India","Dindigul, Tamil Nadu, India",electric,24,24.93
T565,287,13244,3/2/2024 23:00,Car,14,4,"Dindigul, Tamil Nadu, India","Coimbatore, Tamil Nadu, India",gasoline,27,73.01
T566,300,12747,3/2/2024 23:05,Car,16,3,"Tirunelveli, Tamil Nadu, India","Tiruppur, Tamil Nadu, India",electric,20,84.48
T567,141,13385,3/2/2024 23:10,Car,9,4,"Tirunelveli, Tamil Nadu, India","Nagercoil, Tamil Nadu, India",gasoline,20,63.36
T568,556,11968,3/2/2024 23:15,Car,9,2,"Tirunelveli, Tamil Nadu, India","Hosur, Tamil Nadu, India",gasoline,20,31.68
T569,744,16100,3/2/2024 23:20,Car,16,2,"Sivakasi, Tamil Nadu, India","Erode, Tamil Nadu, India",electric,20,56.32
T570,745A,16047,3/2/2024 23:25,Bike,9,1,"Karur, Tamil Nadu, India","Coimbatore, Tamil Nadu, India",electric,20,15.84
T571,117,12806,3/2/2024 23:30,Bike,4,3,"Tirunelveli, Tamil Nadu, India","Nagapattinam, Tamil Nadu, India",electric,29,14.57
T572,178,12004,3/2/2024 23:35,Car,7,3,"Nagercoil, Tamil Nadu, India","Tiruppur, Tamil Nadu, India",electric,30,24.64
T573,228F,17982,3/2/2024 23:40,Car,11,3,"Karur, Tamil Nadu, India","Cuddalore, Tamil Nadu, India",electric,26,44.68
T574,C1,11378,3/2/2024 23:45,Car,14,3,"Nagapattinam, Tamil Nadu, India","Kanchipuram, Tamil Nadu, India",gasoline,21,70.4
T575,265,13781,3/2/2024 23:50,Car,2,2,"Thoothukudi, Tamil Nadu, India","Cuddalore, Tamil Nadu, India",electric,23,6.12
T576,150,17452,3/2/2024 23:55,Car,25,4,"Kanchipuram, Tamil Nadu, India","Thoothukudi, Tamil Nadu, India",gasoline,22,160.0
T577,720,14776,3/3/2024 0:00,Car,18,4,"Cuddalore, Tamil Nadu, India","Sivakasi, Tamil Nadu, India",electric,30,84.48
T578,720H,14902,3/3/2024 0:05,Car,24,5,"Nagercoil, Tamil Nadu, India","Dindigul, Tamil Nadu, India",gasoline,24,176.0
T579,506,11048,3/3/2024 0:10,Car,17,3,"Nagapattinam, Tamil Nadu, India","Dindigul, Tamil Nadu, India",electric,27,66.49
T580,B10,13219,3/3/2024 0:15,Car,23,5,"Tiruchirappalli, Tamil Nadu, India","Thanjavur, Tamil Nadu, India",electric,22,184.0
T581,222,16647,3/3/2024 0:20,Car,10,5,"Karur, Tamil Nadu, India","Chennai, Tamil Nadu, India",gasoline,23,76.52
T582,118,11908,3/3/2024 0:25,Car,1,2,"Thoothukudi, Tamil Nadu, India","Salem, Tamil Nadu, India",gasoline,29,2.43
T583,118,12670,3/3/2024 0:30,Car,21,2,"Chennai, Tamil Nadu, India","Karur, Tamil Nadu, India",electric,23,64.28
T584,232,12968,3/3/2024 0:35,Bike,6,5,"Dindigul, Tamil Nadu, India","Cuddalore, Tamil Nadu, India",electric,24,44.0
T585,C1,10790,3/3/2024 0:40,Bike,16,1,"Tiruchirappalli, Tamil Nadu, India","Namakkal, Tamil Nadu, India",gasoline,20,28.16
T586,224,16647,3/3/2024 0:45,Car,8,4,"Coimbatore, Tamil Nadu, India","Karur, Tamil Nadu, India",electric,25,45.06
T587,M44,10899,3/3/2024 0:50,Car,4,2,"Vellore, Tamil Nadu, India","Thoothukudi, Tamil Nadu, India",electric,27,10.43
T588,150,13302,3/3/2024 0:55,Car,20,3,"Tiruppur, Tamil Nadu, India","Kanchipuram, Tamil Nadu, India",electric,20,105.6
T589,254,12498,3/3/2024 1:00,Car,16,1,"Vellore, Tamil Nadu, India","Cuddalore, Tamil Nadu, India",electric,26,21.66
T590,224,10698,3/3/2024 1:05,Bike,13,5,"Hosur, Tamil Nadu, India","Cuddalore, Tamil Nadu, India",electric,30,76.27
T591,208,17397,3/3/2024 1:10,Car,14,3,"Erode, Tamil Nadu, India","Kanchipuram, Tamil Nadu, India",electric,21,70.4
T592,861,13338,3/3/2024 1:15,Car,2,4,"Sivakasi, Tamil Nadu, India","Tirunelveli, Tamil Nadu, India",gasoline,22,12.8
T593,747,17210,3/3/2024 1:20,Car,22,3,"Dindigul, Tamil Nadu, India","Namakkal, Tamil Nadu, India",gasoline,25,92.93
T594,190,14491,3/3/2024 1:25,Car,9,5,"Nagapattinam, Tamil Nadu, India","Kanchipuram, Tamil Nadu, India",gasoline,22,72.0
T595,141,13399,3/3/2024 1:30,Car,9,3,"Tiruchirappalli, Tamil Nadu, India","Sivakasi, Tamil Nadu, India",gasoline,27,35.2
T596,200B,15053,3/3/2024 1:35,Car,4,5,"Thoothukudi, Tamil Nadu, India","Coimbatore, Tamil Nadu, India",electric,30,23.47
T597,506,11062,3/3/2024 1:40,Car,8,2,"Vellore, Tamil Nadu, India","Dindigul, Tamil Nadu, India",gasoline,21,26.82
T598,271,13354,3/3/2024 1:45,Car,20,3,"Cuddalore, Tamil Nadu, India","Tirunelveli, Tamil Nadu, India",electric,28,75.43
T599,300,13046,3/3/2024 1:50,Car,6,2,"Dindigul, Tamil Nadu, India","Chennai, Tamil Nadu, India",electric,22,19.2
T600,196F,14801,3/3/2024 1:55,Bike,15,4,"Nagercoil, Tamil Nadu, India","Kanchipuram, Tamil Nadu, India",gasoline,24,88.0
T601,232,11748,3/3/2024 2:00,Car,15,5,"Madurai, Tamil Nadu, India","Kanchipuram, Tamil Nadu, India",electric,20,132.0
T602,J1,13527,3/3/2024 2:05,Car,8,2,"Nagercoil, Tamil Nadu, India","Namakkal, Tamil Nadu, India",electric,27,20.86
T603,G10,12658,3/3/2024 2:10,Bike,1,1,"Tiruppur, Tamil Nadu, India","Thanjavur, Tamil Nadu, India",electric,24,1.47
T604,501,12129,3/3/2024 2:15,Bike,6,1,"Nagapattinam, Tamil Nadu, India","Chennai, Tamil Nadu, India",gasoline,27,7.82
T605,118,12438,3/3/2024 2:20,Car,12,4,"Thoothukudi, Tamil Nadu, India","Dindigul, Tamil Nadu, India",gasoline,23,73.46
T606,506,11067,3/3/2024 2:25,Car,18,3,"Tiruppur, Tamil Nadu, India","Chennai, Tamil Nadu, India",electric,29,65.54
T607,506,16607,3/3/2024 2:30,Car,20,1,"Thanjavur, Tamil Nadu, India","Madurai, Tamil Nadu, India",electric,20,35.2
T608,734,16028,3/3/2024 2:35,Car,16,3,"Nagercoil, Tamil Nadu, India","Karur, Tamil Nadu, India",gasoline,21,80.46
T609,172,14215,3/3/2024 2:40,Car,8,2,"Coimbatore, Tamil Nadu, India","Erode, Tamil Nadu, India",gasoline,23,24.49
T610,245,13274,3/3/2024 2:45,Car,17,1,"Karur, Tamil Nadu, India","Madurai, Tamil Nadu, India",gasoline,21,28.5
T611,H30,17341,3/3/2024 2:50,Bike,17,2,"Tiruppur, Tamil Nadu, India","Sivakasi, Tamil Nadu, India",gasoline,22,54.4
T612,287,13224,3/3/2024 2:55,Bike,10,4,"Chennai, Tamil Nadu, India","Sivakasi, Tamil Nadu, India",gasoline,23,61.22
T613,N4,18486,3/3/2024 3:00,Car,20,5,"Kanchipuram, Tamil Nadu, India","Namakkal, Tamil Nadu, India",electric,30,117.33
T614,720,14981,3/3/2024 3:05,Car,13,4,"Madurai, Tamil Nadu, India","Thoothukudi, Tamil Nadu, India",gasoline,23,79.58
T615,287,13125,3/3/2024 3:10,Car,17,1,"Tiruchirappalli, Tamil Nadu, India","Erode, Tamil Nadu, India",gasoline,26,23.02
T616,300J,13633,3/3/2024 3:15,Car,7,3,"Tirunelveli, Tamil Nadu, India","Salem, Tamil Nadu, India",electric,23,32.14
T617,G10,14433,3/3/2024 3:20,Bike,5,1,"Coimbatore, Tamil Nadu, India","Thoothukudi, Tamil Nadu, India",electric,26,6.77
T618,H20,16433,3/3/2024 3:25,Car,7,5,"Tiruppur, Tamil Nadu, India","Erode, Tamil Nadu, India",gasoline,26,47.38
T619,H30,16440,3/3/2024 3:30,Car,23,3,"Cuddalore, Tamil Nadu, India","Namakkal, Tamil Nadu, India",electric,28,86.74
T620,224,13049,3/3/2024 3:35,Car,6,2,"Chennai, Tamil Nadu, India","Namakkal, Tamil Nadu, India",gasoline,24,17.6
T621,J2,13372,3/3/2024 3:40,Bike,17,2,"Erode, Tamil Nadu, India","Dindigul, Tamil Nadu, India",gasoline,21,56.99
T622,H22L,17798,3/3/2024 3:45,Car,18,5,"Sivakasi, Tamil Nadu, India","Erode, Tamil Nadu, India",gasoline,26,121.85
T623,H33,16446,3/3/2024 3:50,Bike,20,3,"Sivakasi, Tamil Nadu, India","Namakkal, Tamil Nadu, India",gasoline,21,100.57
T624,168,14061,3/3/2024 3:55,Car,15,4,"Salem, Tamil Nadu, India","Vellore, Tamil Nadu, India",electric,25,84.48
T625,H30S,16418,3/3/2024 4:00,Car,16,5,"Nagapattinam, Tamil Nadu, India","Hosur, Tamil Nadu, India",gasoline,25,112.64
T626,254,12026,3/3/2024 4:05,Car,20,1,"Madurai, Tamil Nadu, India","Salem, Tamil Nadu, India",electric,24,29.33
T627,820,13594,3/3/2024 4:10,Car,25,3,"Tiruchirappalli, Tamil Nadu, India","Chennai, Tamil Nadu, India",gasoline,23,114.78
T628,230,12487,3/3/2024 4:15,Bike,3,3,"Dindigul, Tamil Nadu, India","Salem, Tamil Nadu, India",electric,28,11.31
T629,281,12594,3/3/2024 4:20,Car,5,5,"Chennai, Tamil Nadu, India","Nagercoil, Tamil Nadu, India",electric,27,32.59
T630,155,12846,3/3/2024 4:25,Car,2,3,"Madurai, Tamil Nadu, India","Cuddalore, Tamil Nadu, India",gasoline,23,9.18
T631,734,15894,3/3/2024 4:30,Bike,3,3,"Tiruchirappalli, Tamil Nadu, India","Vellore, Tamil Nadu, India",gasoline,24,13.2
T632,117,12747,3/3/2024 4:35,Car,10,2,"Tiruchirappalli, Tamil Nadu, India","Sivakasi, Tamil Nadu, India",electric,28,25.14
T633,222,16291,3/3/2024 4:40,Car,19,1,"Tiruchirappalli, Tamil Nadu, India","Cuddalore, Tamil Nadu, India",gasoline,30,22.29
T634,178,12812,3/3/2024 4:45,Car,5,2,"Thanjavur, Tamil Nadu, India","Tiruppur, Tamil Nadu, India",electric,25,14.08
T635,B10,13189,3/3/2024 4:50,Car,11,1,"Dindigul, Tamil Nadu, India","Vellore, Tamil Nadu, India",electric,24,16.13
T636,288,16591,3/3/2024 4:55,Car,10,5,"Thanjavur, Tamil Nadu, India","Thoothukudi, Tamil Nadu, India",electric,27,65.19
T637,190,14254,3/3/2024 5:00,Bike,16,4,"Tirunelveli, Tamil Nadu, India","Tiruchirappalli, Tamil Nadu, India",electric,27,83.44
T638,174,12750,3/3/2024 5:05,Car,11,5,"Tiruppur, Tamil Nadu, India","Vellore, Tamil Nadu, India",gasoline,26,74.46
T639,H20,13524,3/3/2024 5:10,Car,22,4,"Tirunelveli, Tamil Nadu, India","Sivakasi, Tamil Nadu, India",gasoline,30,103.25
T640,239,11913,3/3/2024 5:15,Car,16,1,"Tiruppur, Tamil Nadu, India","Karur, Tamil Nadu, India",electric,30,18.77
T641,150,12076,3/3/2024 5:20,Car,6,2,"Thanjavur, Tamil Nadu, India","Karur, Tamil Nadu, India",electric,27,15.64
T642,281,12344,3/3/2024 5:25,Car,18,2,"Chennai, Tamil Nadu, India","Vellore, Tamil Nadu, India",gasoline,27,46.93
T643,H30,12921,3/3/2024 5:30,Car,4,2,"Dindigul, Tamil Nadu, India","Thoothukudi, Tamil Nadu, India",gasoline,23,12.24
T644,601,15503,3/3/2024 5:35,Car,5,1,"Coimbatore, Tamil Nadu, India","Thoothukudi, Tamil Nadu, India",electric,30,5.87
T645,225M,10534,3/3/2024 5:40,Car,7,4,"Sivakasi, Tamil Nadu, India","Chennai, Tamil Nadu, India",electric,29,33.99
T646,H30S,18492,3/3/2024 5:45,Bike,17,5,"Erode, Tamil Nadu, India","Chennai, Tamil Nadu, India",gasoline,20,149.6
T647,222,12288,3/3/2024 5:50,Bike,6,2,"Erode, Tamil Nadu, India","Coimbatore, Tamil Nadu, India",gasoline,23,18.37
T648,150,12835,3/3/2024 5:55,Car,5,2,"Coimbatore, Tamil Nadu, India","Dindigul, Tamil Nadu, India",gasoline,21,16.76
T649,178,12950,3/3/2024 6:00,Car,3,2,"Erode, Tamil Nadu, India","Thanjavur, Tamil Nadu, India",gasoline,26,8.12
T650,203,12962,3/3/2024 6:05,Bike,5,5,"Kanchipuram, Tamil Nadu, India","Erode, Tamil Nadu, India",electric,30,29.33
T651,W91,13341,3/3/2024 6:10,Car,14,2,"Thanjavur, Tamil Nadu, India","Cuddalore, Tamil Nadu, India",gasoline,24,41.07
T652,H33C,12761,3/3/2024 6:15,Car,15,5,"Chennai, Tamil Nadu, India","Tiruppur, Tamil Nadu, India",gasoline,23,114.78
T653,263,14974,3/3/2024 6:20,Bike,25,4,"Thoothukudi, Tamil Nadu, India","Dindigul, Tamil Nadu, India",electric,23,153.04
T654,600,15032,3/3/2024 6:25,Car,25,2,"Dindigul, Tamil Nadu, India","Karur, Tamil Nadu, India",electric,20,88.0
T655,H30,17722,3/3/2024 6:30,Car,21,3,"Kanchipuram, Tamil Nadu, India","Karur, Tamil Nadu, India",electric,23,96.42
T656,H30S,16461,3/3/2024 6:35,Car,19,4,"Namakkal, Tamil Nadu, India","Tirunelveli, Tamil Nadu, India",electric,27,99.08
T657,J8,18637,3/3/2024 6:40,Bike,16,1,"Thoothukudi, Tamil Nadu, India","Dindigul, Tamil Nadu, India",gasoline,22,25.6
T658,J1,16405,3/3/2024 6:45,Bike,9,3,"Cuddalore, Tamil Nadu, India","Sivakasi, Tamil Nadu, India",electric,30,31.68
T659,147,13579,3/3/2024 6:50,Bike,3,4,"Tiruppur, Tamil Nadu, India","Sivakasi, Tamil Nadu, India",gasoline,30,14.08
T660,251,13078,3/3/2024 6:55,Car,20,4,"Chennai, Tamil Nadu, India","Sivakasi, Tamil Nadu, India",electric,23,122.43
T661,333B,11045,3/3/2024 7:00,Car,11,2,"Nagercoil, Tamil Nadu, India","Cuddalore, Tamil Nadu, India",gasoline,25,30.98
T662,860F,13710,3/3/2024 7:05,Car,8,2,"Coimbatore, Tamil Nadu, India","Salem, Tamil Nadu, India",electric,25,22.53
T663,202F,11449,3/3/2024 7:10,Car,17,2,"Salem, Tamil Nadu, India","Dindigul, Tamil Nadu, India",electric,28,42.74
T664,H30,12443,3/3/2024 7:15,Car,11,5,"Nagercoil, Tamil Nadu, India","Tirunelveli, Tamil Nadu, India",electric,24,80.67
T665,G10,13846,3/3/2024 7:20,Car,19,3,"Nagapattinam, Tamil Nadu, India","Tiruchirappalli, Tamil Nadu, India",gasoline,29,69.19
T666,H30,12454,3/3/2024 7:25,Bike,19,5,"Salem, Tamil Nadu, India","Namakkal, Tamil Nadu, India",gasoline,30,111.47
T667,H20,13371,3/3/2024 7:30,Car,20,4,"Thoothukudi, Tamil Nadu, India","Madurai, Tamil Nadu, India",electric,27,104.3
T668,147,13308,3/3/2024 7:35,Car,9,2,"Erode, Tamil Nadu, India","Salem, Tamil Nadu, India",electric,30,21.12
T669,190,14281,3/3/2024 7:40,Car,3,1,"Thanjavur, Tamil Nadu, India","Vellore, Tamil Nadu, India",gasoline,27,3.91
T670,545,10953,3/3/2024 7:45,Car,20,1,"Cuddalore, Tamil Nadu, India","Hosur, Tamil Nadu, India",electric,29,24.28
T671,222,17536,3/3/2024 7:50,Car,10,5,"Karur, Tamil Nadu, India","Chennai, Tamil Nadu, India",electric,27,65.19
T672,228F,11682,3/3/2024 7:55,Car,22,1,"Hosur, Tamil Nadu, India","Tiruppur, Tamil Nadu, India",electric,26,29.78
T673,G10,14542,3/3/2024 8:00,Car,1,3,"Tiruchirappalli, Tamil Nadu, India","Tirunelveli, Tamil Nadu, India",gasoline,26,4.06
T674,100,12266,3/3/2024 8:05,Car,13,5,"Sivakasi, Tamil Nadu, India","Hosur, Tamil Nadu, India",electric,29,78.9
T675,G10,12947,3/3/2024 8:10,Car,9,1,"Chennai, Tamil Nadu, India","Erode, Tamil Nadu, India",gasoline,20,15.84
T676,171,18035,3/3/2024 8:15,Car,5,5,"Cuddalore, Tamil Nadu, India","Nagapattinam, Tamil Nadu, India",gasoline,24,36.67
T677,100,13945,3/3/2024 8:20,Car,14,4,"Thanjavur, Tamil Nadu, India","Karur, Tamil Nadu, India",gasoline,26,75.82
T678,542,11367,3/3/2024 8:25,Car,1,4,"Erode, Tamil Nadu, India","Madurai, Tamil Nadu, India",electric,22,6.4
T679,579,12348,3/3/2024 8:30,Car,8,3,"Nagercoil, Tamil Nadu, India","Karur, Tamil Nadu, India",electric,25,33.79
T680,M44,13814,3/3/2024 8:35,Car,10,1,"Coimbatore, Tamil Nadu, India","Karur, Tamil Nadu, India",gasoline,28,12.57
T681,720,13504,3/3/2024 8:40,Car,10,4,"Erode, Tamil Nadu, India","Vellore, Tamil Nadu, India",electric,26,54.15
T682,B10,12955,3/3/2024 8:45,Car,6,1,"Salem, Tamil Nadu, India","Tiruppur, Tamil Nadu, India",electric,30,7.04
T683,H30,12856,3/3/2024 8:50,Car,21,1,"Tiruppur, Tamil Nadu, India","Cuddalore, Tamil Nadu, India",gasoline,29,25.49
T684,251,12716,3/3/2024 8:55,Bike,22,2,"Tiruchirappalli, Tamil Nadu, India","Coimbatore, Tamil Nadu, India",gasoline,23,67.34
T685,168,14011,3/3/2024 9:00,Car,20,3,"Sivakasi, Tamil Nadu, India","Coimbatore, Tamil Nadu, India",electric,23,91.83
T686,178S,13484,3/3/2024 9:05,Car,3,5,"Chennai, Tamil Nadu, India","Salem, Tamil Nadu, India",electric,22,24.0
T687,M44,10915,3/3/2024 9:10,Bike,10,4,"Cuddalore, Tamil Nadu, India","Thoothukudi, Tamil Nadu, India",gasoline,28,50.29
T688,507,11429,3/3/2024 9:15,Car,7,2,"Dindigul, Tamil Nadu, India","Cuddalore, Tamil Nadu, India",gasoline,27,18.25
T689,203B,12994,3/3/2024 9:20,Car,18,1,"Dindigul, Tamil Nadu, India","Tiruppur, Tamil Nadu, India",gasoline,22,28.8
T690,150,12880,3/3/2024 9:25,Bike,20,4,"Thanjavur, Tamil Nadu, India","Tirunelveli, Tamil Nadu, India",electric,27,104.3
T691,M44,16667,3/3/2024 9:30,Bike,11,4,"Cuddalore, Tamil Nadu, India","Thoothukudi, Tamil Nadu, India",electric,29,53.41
T692,265,14931,3/3/2024 9:35,Bike,25,5,"Tirunelveli, Tamil Nadu, India","Hosur, Tamil Nadu, India",electric,24,183.33
T693,150,12774,3/3/2024 9:40,Car,11,2,"Coimbatore, Tamil Nadu, India","Erode, Tamil Nadu, India",gasoline,28,27.66
T694,C1,10790,3/3/2024 9:45,Car,12,5,"Thanjavur, Tamil Nadu, India","Madurai, Tamil Nadu, India",gasoline,27,78.22
T695,442,18403,3/3/2024 9:50,Car,25,5,"Thoothukudi, Tamil Nadu, India","Tiruchirappalli, Tamil Nadu, India",gasoline,26,169.23
T696,440,10157,3/3/2024 9:55,Bike,24,2,"Dindigul, Tamil Nadu, India","Nagapattinam, Tamil Nadu, India",gasoline,27,62.58
T697,150,17452,3/3/2024 10:00,Car,23,3,"Cuddalore, Tamil Nadu, India","Tirunelveli, Tamil Nadu, India",electric,25,97.15
T698,208,12474,3/3/2024 10:05,Car,7,4,"Tirunelveli, Tamil Nadu, India","Coimbatore, Tamil Nadu, India",electric,30,32.85
T699,248,13781,3/3/2024 10:10,Bike,15,4,"Tiruchirappalli, Tamil Nadu, India","Chennai, Tamil Nadu, India",electric,24,88.0
T700,501,11330,3/3/2024 10:15,Car,21,3,"Tirunelveli, Tamil Nadu, India","Salem, Tamil Nadu, India",gasoline,24,92.4
T701,493,18223,3/3/2024 10:20,Car,12,1,"Nagapattinam, Tamil Nadu, India","Chennai, Tamil Nadu, India",gasoline,28,15.09
T702,230,12191,3/3/2024 10:25,Car,23,5,"Tiruchirappalli, Tamil Nadu, India","Thanjavur, Tamil Nadu, India",gasoline,25,161.92
T703,235,11890,3/3/2024 10:30,Bike,11,1,"Tirunelveli, Tamil Nadu, India","Tiruppur, Tamil Nadu, India",gasoline,23,16.83
T704,865,13758,3/3/2024 10:35,Bike,6,2,"Kanchipuram, Tamil Nadu, India","Thanjavur, Tamil Nadu, India",electric,26,16.25
T705,G10,14048,3/3/2024 10:40,Car,17,5,"Cuddalore, Tamil Nadu, India","Chennai, Tamil Nadu, India",gasoline,24,124.67
T706,M44,13292,3/3/2024 10:45,Car,7,4,"Chennai, Tamil Nadu, India","Dindigul, Tamil Nadu, India",gasoline,29,33.99
T707,506,11048,3/3/2024 10:50,Car,22,2,"Erode, Tamil Nadu, India","Sivakasi, Tamil Nadu, India",gasoline,24,64.53
T708,645,14982,3/3/2024 10:55,Car,25,1,"Tiruppur, Tamil Nadu, India","Erode, Tamil Nadu, India",gasoline,23,38.26
T709,287,13122,3/3/2024 11:00,Car,4,5,"Tirunelveli, Tamil Nadu, India","Karur, Tamil Nadu, India",electric,21,33.52
T710,241,14830,3/3/2024 11:05,Car,12,2,"Dindigul, Tamil Nadu, India","Salem, Tamil Nadu, India",electric,22,38.4
T711,M44,10882,3/3/2024 11:10,Car,11,3,"Erode, Tamil Nadu, India","Vellore, Tamil Nadu, India",electric,27,43.02
T712,G10,13922,3/3/2024 11:15,Bike,14,2,"Coimbatore, Tamil Nadu, India","Dindigul, Tamil Nadu, India",electric,26,37.91
T713,G10,17738,3/3/2024 11:20,Car,10,4,"Vellore, Tamil Nadu, India","Cuddalore, Tamil Nadu, India",electric,24,58.67
T714,300,14001,3/3/2024 11:25,Bike,4,2,"Nagercoil, Tamil Nadu, India","Vellore, Tamil Nadu, India",gasoline,27,10.43
T715,232,12608,3/3/2024 11:30,Car,12,4,"Tiruchirappalli, Tamil Nadu, India","Coimbatore, Tamil Nadu, India",electric,20,84.48
T716,117,12199,3/3/2024 11:35,Bike,23,5,"Dindigul, Tamil Nadu, India","Coimbatore, Tamil Nadu, India",gasoline,20,202.4
T717,M44,11370,3/3/2024 11:40,Car,23,1,"Madurai, Tamil Nadu, India","Sivakasi, Tamil Nadu, India",gasoline,20,40.48
T718,262,14297,3/3/2024 11:45,Bike,1,1,"Thoothukudi, Tamil Nadu, India","Karur, Tamil Nadu, India",electric,20,1.76
T719,203F,11262,3/3/2024 11:50,Car,21,5,"Madurai, Tamil Nadu, India","Vellore, Tamil Nadu, India",electric,20,184.8
T720,147,13649,3/3/2024 11:55,Car,24,1,"Nagercoil, Tamil Nadu, India","Madurai, Tamil Nadu, India",electric,29,29.13
T721,864F,14916,3/3/2024 12:00,Bike,7,2,"Dindigul, Tamil Nadu, India","Tiruppur, Tamil Nadu, India",electric,30,16.43
T722,733,15477,3/3/2024 12:05,Car,9,1,"Dindigul, Tamil Nadu, India","Hosur, Tamil Nadu, India",electric,26,12.18
T723,224F,18395,3/3/2024 12:10,Car,23,5,"Coimbatore, Tamil Nadu, India","Tirunelveli, Tamil Nadu, India",gasoline,21,192.76
T724,157,12546,3/3/2024 12:15,Car,6,2,"Thanjavur, Tamil Nadu, India","Tiruppur, Tamil Nadu, India",electric,23,18.37
T725,273,13310,3/3/2024 12:20,Car,24,5,"Hosur, Tamil Nadu, India","Chennai, Tamil Nadu, India",gasoline,22,192.0
T726,251,12820,3/3/2024 12:25,Car,20,1,"Cuddalore, Tamil Nadu, India","Sivakasi, Tamil Nadu, India",electric,30,23.47
T727,253,12719,3/3/2024 12:30,Car,13,5,"Sivakasi, Tamil Nadu, India","Dindigul, Tamil Nadu, India",gasoline,24,95.33
T728,208,12364,3/3/2024 12:35,Car,19,4,"Kanchipuram, Tamil Nadu, India","Sivakasi, Tamil Nadu, India",electric,27,99.08
T729,147,13282,3/3/2024 12:40,Car,17,5,"Thoothukudi, Tamil Nadu, India","Madurai, Tamil Nadu, India",electric,22,136.0
T730,H20,16415,3/3/2024 12:45,Bike,6,2,"Madurai, Tamil Nadu, India","Nagapattinam, Tamil Nadu, India",gasoline,23,18.37
T731,150,11708,3/3/2024 12:50,Car,7,4,"Karur, Tamil Nadu, India","Nagercoil, Tamil Nadu, India",gasoline,29,33.99
T732,248,14042,3/3/2024 12:55,Car,7,3,"Salem, Tamil Nadu, India","Erode, Tamil Nadu, India",electric,23,32.14
T733,333B,11071,3/3/2024 13:00,Bike,6,1,"Karur, Tamil Nadu, India","Tirunelveli, Tamil Nadu, India",electric,24,8.8
T734,287,13148,3/3/2024 13:05,Car,20,2,"Cuddalore, Tamil Nadu, India","Tiruppur, Tamil Nadu, India",gasoline,20,70.4
T735,230,12502,3/3/2024 13:10,Car,11,3,"Madurai, Tamil Nadu, India","Thanjavur, Tamil Nadu, India",electric,25,46.46
T736,190,14349,3/3/2024 13:15,Car,4,5,"Dindigul, Tamil Nadu, India","Madurai, Tamil Nadu, India",electric,27,26.07
T737,G21,15349,3/3/2024 13:20,Bike,23,5,"Cuddalore, Tamil Nadu, India","Coimbatore, Tamil Nadu, India",electric,20,202.4
T738,506,11401,3/3/2024 13:25,Car,17,4,"Kanchipuram, Tamil Nadu, India","Sivakasi, Tamil Nadu, India",electric,26,92.06
T739,M44,14133,3/3/2024 13:30,Car,13,1,"Erode, Tamil Nadu, India","Nagercoil, Tamil Nadu, India",electric,30,15.25
T740,232,11665,3/3/2024 13:35,Car,4,1,"Chennai, Tamil Nadu, India","Thanjavur, Tamil Nadu, India",electric,21,6.7
T741,224,10259,3/3/2024 13:40,Car,19,2,"Madurai, Tamil Nadu, India","Coimbatore, Tamil Nadu, India",gasoline,22,60.8
T742,H22,16472,3/3/2024 13:45,Bike,18,2,"Tiruchirappalli, Tamil Nadu, India","Tirunelveli, Tamil Nadu, India",gasoline,25,50.69
T743,H30,16359,3/3/2024 13:50,Car,12,3,"Hosur, Tamil Nadu, India","Vellore, Tamil Nadu, India",gasoline,22,57.6
T744,208,12228,3/3/2024 13:55,Car,13,2,"Salem, Tamil Nadu, India","Nagapattinam, Tamil Nadu, India",gasoline,27,33.9
T745,G10,14457,3/3/2024 14:00,Bike,6,5,"Madurai, Tamil Nadu, India","Coimbatore, Tamil Nadu, India",electric,30,35.2
T746,400,10328,3/3/2024 14:05,Car,23,3,"Tiruppur, Tamil Nadu, India","Sivakasi, Tamil Nadu, India",gasoline,21,115.66
T747,178,12101,3/3/2024 14:10,Bike,4,5,"Nagapattinam, Tamil Nadu, India","Madurai, Tamil Nadu, India",electric,28,25.14
T748,M44,14963,3/3/2024 14:15,Bike,17,4,"Nagercoil, Tamil Nadu, India","Madurai, Tamil Nadu, India",electric,22,108.8
T749,M44,12129,3/3/2024 14:20,Car,10,2,"Vellore, Tamil Nadu, India","Erode, Tamil Nadu, India",gasoline,24,29.33
T750,H20,16415,3/3/2024 14:25,Car,20,2,"Chennai, Tamil Nadu, India","Nagapattinam, Tamil Nadu, India",electric,20,70.4
T751,G20,13566,3/3/2024 14:30,Car,15,4,"Namakkal, Tamil Nadu, India","Sivakasi, Tamil Nadu, India",electric,27,78.22
T752,H32,16437,3/3/2024 14:35,Car,24,2,"Madurai, Tamil Nadu, India","Salem, Tamil Nadu, India",electric,24,70.4
T753,174,13354,3/3/2024 14:40,Car,22,5,"Tiruchirappalli, Tamil Nadu, India","Vellore, Tamil Nadu, India",gasoline,27,143.41
T754,288,13092,3/3/2024 14:45,Car,18,4,"Namakkal, Tamil Nadu, India","Erode, Tamil Nadu, India",gasoline,23,110.19
T755,178,12624,3/3/2024 14:50,Bike,15,2,"Karur, Tamil Nadu, India","Salem, Tamil Nadu, India",electric,29,36.41
T756,442,17315,3/3/2024 14:55,Car,18,3,"Salem, Tamil Nadu, India","Tiruppur, Tamil Nadu, India",electric,20,95.04
T757,117,12681,3/3/2024 15:00,Car,17,2,"Karur, Tamil Nadu, India","Nagercoil, Tamil Nadu, India",gasoline,21,56.99
T758,248F,14622,3/3/2024 15:05,Car,6,2,"Tiruchirappalli, Tamil Nadu, India","Namakkal, Tamil Nadu, India",gasoline,23,18.37
T759,265,14212,3/3/2024 15:10,Bike,21,5,"Sivakasi, Tamil Nadu, India","Thoothukudi, Tamil Nadu, India",gasoline,21,176.0
T760,M44,14963,3/3/2024 15:15,Bike,25,2,"Chennai, Tamil Nadu, India","Vellore, Tamil Nadu, India",gasoline,22,80.0
T761,100,14037,3/3/2024 15:20,Car,5,1,"Vellore, Tamil Nadu, India","Karur, Tamil Nadu, India",gasoline,23,7.65
T762,225M,10727,3/3/2024 15:25,Car,19,2,"Madurai, Tamil Nadu, India","Salem, Tamil Nadu, India",electric,30,44.59
T763,118,12806,3/3/2024 15:30,Car,5,4,"Tiruchirappalli, Tamil Nadu, India","Chennai, Tamil Nadu, India",gasoline,23,30.61
T764,G10,12010,3/3/2024 15:35,Car,13,3,"Madurai, Tamil Nadu, India","Nagercoil, Tamil Nadu, India",gasoline,26,52.8
T765,669,14413,3/3/2024 15:40,Car,10,4,"Salem, Tamil Nadu, India","Hosur, Tamil Nadu, India",electric,23,61.22
T766,248,14625,3/3/2024 15:45,Car,7,2,"Karur, Tamil Nadu, India","Dindigul, Tamil Nadu, India",electric,26,18.95
T767,645,15251,3/3/2024 15:50,Car,21,5,"Namakkal, Tamil Nadu, India","Tiruppur, Tamil Nadu, India",gasoline,26,142.15
T768,734,15762,3/3/2024 15:55,Car,2,1,"Chennai, Tamil Nadu, India","Namakkal, Tamil Nadu, India",electric,28,2.51
T769,147,13674,3/3/2024 16:00,Car,3,3,"Karur, Tamil Nadu, India","Namakkal, Tamil Nadu, India",gasoline,24,13.2
T770,506,11197,3/3/2024 16:05,Car,14,5,"Tiruppur, Tamil Nadu, India","Chennai, Tamil Nadu, India",gasoline,21,117.33
T771,263,13814,3/3/2024 16:10,Car,4,3,"Nagercoil, Tamil Nadu, India","Madurai, Tamil Nadu, India",gasoline,26,16.25
T772,222,12409,3/3/2024 16:15,Car,12,4,"Madurai, Tamil Nadu, India","Cuddalore, Tamil Nadu, India",gasoline,21,80.46
T773,232,11904,3/3/2024 16:20,Bike,21,3,"Namakkal, Tamil Nadu, India","Salem, Tamil Nadu, India",electric,25,88.7
T774,M44C,14295,3/3/2024 16:25,Car,18,3,"Tiruchirappalli, Tamil Nadu, India","Cuddalore, Tamil Nadu, India",gasoline,25,76.03
T775,T840,18642,3/3/2024 16:30,Car,2,4,"Sivakasi, Tamil Nadu, India","Dindigul, Tamil Nadu, India",electric,24,11.73
T776,H20,13813,3/3/2024 16:35,Car,9,5,"Erode, Tamil Nadu, India","Cuddalore, Tamil Nadu, India",gasoline,23,68.87
T777,M44,18491,3/3/2024 16:40,Car,20,1,"Karur, Tamil Nadu, India","Nagercoil, Tamil Nadu, India",electric,28,25.14
T778,168,14011,3/3/2024 16:45,Car,15,2,"Coimbatore, Tamil Nadu, India","Karur, Tamil Nadu, India",electric,27,39.11
T779,241,14149,3/3/2024 16:50,Car,8,5,"Nagapattinam, Tamil Nadu, India","Coimbatore, Tamil Nadu, India",gasoline,23,61.22
T780,B10,13324,3/3/2024 16:55,Car,10,4,"Nagercoil, Tamil Nadu, India","Karur, Tamil Nadu, India",gasoline,24,58.67
T781,733,15333,3/3/2024 17:00,Car,6,5,"Namakkal, Tamil Nadu, India","Cuddalore, Tamil Nadu, India",electric,28,37.71
T782,224,13091,3/3/2024 17:05,Bike,16,2,"Vellore, Tamil Nadu, India","Cuddalore, Tamil Nadu, India",gasoline,30,37.55
T783,G10,13078,3/3/2024 17:10,Car,23,1,"Nagapattinam, Tamil Nadu, India","Dindigul, Tamil Nadu, India",electric,25,32.38
T784,733,15492,3/3/2024 17:15,Bike,17,3,"Salem, Tamil Nadu, India","Nagapattinam, Tamil Nadu, India",electric,24,74.8
T785,440,17730,3/3/2024 17:20,Car,3,1,"Dindigul, Tamil Nadu, India","Cuddalore, Tamil Nadu, India",electric,27,3.91
T786,H33,12803,3/3/2024 17:25,Car,16,5,"Kanchipuram, Tamil Nadu, India","Madurai, Tamil Nadu, India",electric,27,104.3
T787,262,14305,3/3/2024 17:30,Bike,20,5,"Kanchipuram, Tamil Nadu, India","Salem, Tamil Nadu, India",gasoline,26,135.38
T788,273,12295,3/3/2024 17:35,Bike,24,5,"Tirunelveli, Tamil Nadu, India","Thanjavur, Tamil Nadu, India",gasoline,30,140.8
T789,239,11915,3/3/2024 17:40,Car,4,1,"Namakkal, Tamil Nadu, India","Tirunelveli, Tamil Nadu, India",electric,30,4.69
T790,300,14605,3/3/2024 17:45,Car,8,3,"Madurai, Tamil Nadu, India","Coimbatore, Tamil Nadu, India",electric,27,31.29
T791,174,12096,3/3/2024 17:50,Bike,3,5,"Nagapattinam, Tamil Nadu, India","Madurai, Tamil Nadu, India",gasoline,27,19.56
T792,178,12812,3/3/2024 17:55,Car,14,1,"Hosur, Tamil Nadu, India","Dindigul, Tamil Nadu, India",gasoline,23,21.43
T793,G10,13784,3/3/2024 18:00,Car,5,2,"Nagercoil, Tamil Nadu, India","Sivakasi, Tamil Nadu, India",electric,30,11.73
T794,502,16600,3/3/2024 18:05,Bike,1,2,"Sivakasi, Tamil Nadu, India","Salem, Tamil Nadu, India",electric,29,2.43
T795,721,17119,3/3/2024 18:10,Car,17,4,"Namakkal, Tamil Nadu, India","Cuddalore, Tamil Nadu, India",gasoline,20,119.68
T796,T722,14416,3/3/2024 18:15,Car,23,5,"Thanjavur, Tamil Nadu, India","Coimbatore, Tamil Nadu, India",gasoline,23,176.0
T797,502,10645,3/3/2024 18:20,Car,9,4,"Tirunelveli, Tamil Nadu, India","Erode, Tamil Nadu, India",gasoline,21,60.34
T798,H22,16460,3/3/2024 18:25,Car,11,1,"Kanchipuram, Tamil Nadu, India","Coimbatore, Tamil Nadu, India",gasoline,26,14.89
T799,600,17727,3/3/2024 18:30,Car,15,5,"Dindigul, Tamil Nadu, India","Madurai, Tamil Nadu, India",electric,30,88.0
T800,G40,16594,3/3/2024 18:35,Car,8,1,"Karur, Tamil Nadu, India","Hosur, Tamil Nadu, India",gasoline,24,11.73
T801,147,13576,3/3/2024 18:40,Bike,1,4,"Namakkal, Tamil Nadu, India","Vellore, Tamil Nadu, India",gasoline,23,6.12
T802,J8,14964,3/3/2024 18:45,Car,9,5,"Cuddalore, Tamil Nadu, India","Vellore, Tamil Nadu, India",electric,23,68.87
T803,J2,17327,3/3/2024 18:50,Car,3,3,"Erode, Tamil Nadu, India","Nagapattinam, Tamil Nadu, India",electric,20,15.84
T804,273,12680,3/3/2024 18:55,Car,16,4,"Cuddalore, Tamil Nadu, India","Tirunelveli, Tamil Nadu, India",electric,23,97.95
T805,H30,13373,3/3/2024 19:00,Car,18,3,"Hosur, Tamil Nadu, India","Thanjavur, Tamil Nadu, India",electric,27,70.4
T806,733,15782,3/3/2024 19:05,Car,21,2,"Sivakasi, Tamil Nadu, India","Hosur, Tamil Nadu, India",gasoline,22,67.2
T807,H30,13343,3/3/2024 19:10,Car,13,4,"Namakkal, Tamil Nadu, India","Vellore, Tamil Nadu, India",electric,30,61.01
T808,720H,17969,3/3/2024 19:15,Bike,19,5,"Chennai, Tamil Nadu, India","Karur, Tamil Nadu, India",gasoline,30,111.47
T809,M44,14471,3/3/2024 19:20,Bike,12,4,"Nagapattinam, Tamil Nadu, India","Madurai, Tamil Nadu, India",electric,23,73.46
T810,861,13745,3/3/2024 19:25,Car,10,2,"Erode, Tamil Nadu, India","Namakkal, Tamil Nadu, India",gasoline,25,28.16
T811,254,12889,3/3/2024 19:30,Bike,25,3,"Hosur, Tamil Nadu, India","Karur, Tamil Nadu, India",electric,25,105.6
T812,237,12699,3/3/2024 19:35,Bike,17,2,"Hosur, Tamil Nadu, India","Tirunelveli, Tamil Nadu, India",electric,28,42.74
T813,168,13828,3/3/2024 19:40,Car,9,5,"Coimbatore, Tamil Nadu, India","Hosur, Tamil Nadu, India",electric,24,66.0
T814,208,12424,3/3/2024 19:45,Bike,14,5,"Nagercoil, Tamil Nadu, India","Thanjavur, Tamil Nadu, India",gasoline,29,84.97
T815,C1G,13365,3/3/2024 19:50,Bike,16,2,"Tiruchirappalli, Tamil Nadu, India","Karur, Tamil Nadu, India",gasoline,30,37.55
T816,B10,13312,3/3/2024 19:55,Car,16,5,"Chennai, Tamil Nadu, India","Salem, Tamil Nadu, India",electric,27,104.3
T817,271,12630,3/3/2024 20:00,Car,14,1,"Thanjavur, Tamil Nadu, India","Vellore, Tamil Nadu, India",electric,30,16.43
T818,G10,14964,3/3/2024 20:05,Bike,17,4,"Thanjavur, Tamil Nadu, India","Tiruppur, Tamil Nadu, India",gasoline,27,88.65
T819,300,12657,3/3/2024 20:10,Car,13,3,"Madurai, Tamil Nadu, India","Thoothukudi, Tamil Nadu, India",electric,29,47.34
T820,118,12928,3/3/2024 20:15,Bike,12,1,"Tiruchirappalli, Tamil Nadu, India","Salem, Tamil Nadu, India",electric,27,15.64
T821,202,11836,3/3/2024 20:20,Car,19,4,"Namakkal, Tamil Nadu, India","Sivakasi, Tamil Nadu, India",electric,26,102.89
T822,542,11263,3/3/2024 20:25,Car,4,3,"Chennai, Tamil Nadu, India","Karur, Tamil Nadu, India",gasoline,26,16.25
T823,720,14221,3/3/2024 20:30,Car,8,4,"Cuddalore, Tamil Nadu, India","Tiruppur, Tamil Nadu, India",electric,29,38.84
T824,157,12885,3/3/2024 20:35,Car,11,4,"Nagercoil, Tamil Nadu, India","Tiruppur, Tamil Nadu, India",gasoline,20,77.44
T825,178,13300,3/3/2024 20:40,Car,1,2,"Salem, Tamil Nadu, India","Erode, Tamil Nadu, India",gasoline,24,2.93
T826,202F,16279,3/3/2024 20:45,Car,8,5,"Kanchipuram, Tamil Nadu, India","Coimbatore, Tamil Nadu, India",gasoline,26,54.15
T827,168,13728,3/3/2024 20:50,Car,21,1,"Tirunelveli, Tamil Nadu, India","Karur, Tamil Nadu, India",electric,22,33.6
T828,725,15814,3/3/2024 20:55,Car,16,5,"Sivakasi, Tamil Nadu, India","Karur, Tamil Nadu, India",electric,25,112.64
T829,541X,11074,3/3/2024 21:00,Car,3,5,"Nagapattinam, Tamil Nadu, India","Coimbatore, Tamil Nadu, India",gasoline,28,18.86
T830,157,12359,3/3/2024 21:05,Bike,25,2,"Karur, Tamil Nadu, India","Namakkal, Tamil Nadu, India",electric,26,67.69
T831,646,15102,3/3/2024 21:10,Bike,13,5,"Dindigul, Tamil Nadu, India","Cuddalore, Tamil Nadu, India",electric,30,76.27
T832,J2,13531,3/3/2024 21:15,Car,2,1,"Dindigul, Tamil Nadu, India","Karur, Tamil Nadu, India",gasoline,29,2.43
T833,753H,17072,3/3/2024 21:20,Car,1,2,"Salem, Tamil Nadu, India","Kanchipuram, Tamil Nadu, India",gasoline,23,3.06
T834,401,10515,3/3/2024 21:25,Car,22,4,"Tiruchirappalli, Tamil Nadu, India","Tirunelveli, Tamil Nadu, India",electric,23,134.68
T835,M44,14824,3/3/2024 21:30,Car,20,1,"Sivakasi, Tamil Nadu, India","Salem, Tamil Nadu, India",electric,22,32.0
T836,265,14767,3/3/2024 21:35,Car,24,3,"Kanchipuram, Tamil Nadu, India","Tirunelveli, Tamil Nadu, India",gasoline,28,90.51
T837,H30,12894,3/3/2024 21:40,Bike,15,4,"Nagapattinam, Tamil Nadu, India","Kanchipuram, Tamil Nadu, India",gasoline,27,78.22
T838,178,12572,3/3/2024 21:45,Bike,16,1,"Nagercoil, Tamil Nadu, India","Namakkal, Tamil Nadu, India",gasoline,22,25.6
T839,557X,11874,3/3/2024 21:50,Car,21,5,"Kanchipuram, Tamil Nadu, India","Nagapattinam, Tamil Nadu, India",electric,27,136.89
T840,208B,12773,3/3/2024 21:55,Car,20,1,"Nagercoil, Tamil Nadu, India","Nagapattinam, Tamil Nadu, India",electric,29,24.28
T841,200,14273,3/3/2024 22:00,Bike,10,1,"Madurai, Tamil Nadu, India","Erode, Tamil Nadu, India",electric,24,14.67
T842,118,11757,3/3/2024 22:05,Car,5,3,"Thanjavur, Tamil Nadu, India","Tiruchirappalli, Tamil Nadu, India",gasoline,28,18.86
T843,G40,14919,3/3/2024 22:10,Car,24,5,"Kanchipuram, Tamil Nadu, India","Tiruchirappalli, Tamil Nadu, India",gasoline,27,156.44
T844,203,16279,3/3/2024 22:15,Car,20,3,"Karur, Tamil Nadu, India","Namakkal, Tamil Nadu, India",gasoline,26,81.23
T845,281,12167,3/3/2024 22:20,Car,20,5,"Coimbatore, Tamil Nadu, India","Cuddalore, Tamil Nadu, India",gasoline,27,130.37
T846,H30,12855,3/3/2024 22:25,Car,19,4,"Cuddalore, Tamil Nadu, India","Dindigul, Tamil Nadu, India",electric,25,107.01
T847,150,12952,3/3/2024 22:30,Car,13,4,"Hosur, Tamil Nadu, India","Madurai, Tamil Nadu, India",electric,30,61.01
T848,721F,16005,3/3/2024 22:35,Bike,13,5,"Thoothukudi, Tamil Nadu, India","Salem, Tamil Nadu, India",electric,24,95.33
T849,G10C,13078,3/3/2024 22:40,Car,23,5,"Hosur, Tamil Nadu, India","Sivakasi, Tamil Nadu, India",gasoline,24,168.67
T850,401,17856,3/3/2024 22:45,Bike,25,1,"Coimbatore, Tamil Nadu, India","Sivakasi, Tamil Nadu, India",gasoline,28,31.43
T851,502,10787,3/3/2024 22:50,Car,6,5,"Thanjavur, Tamil Nadu, India","Salem, Tamil Nadu, India",gasoline,25,42.24
T852,B10,13193,3/3/2024 22:55,Car,18,1,"Cuddalore, Tamil Nadu, India","Tirunelveli, Tamil Nadu, India",gasoline,23,27.55
T853,H22,13247,3/3/2024 23:00,Car,24,1,"Erode, Tamil Nadu, India","Thoothukudi, Tamil Nadu, India",electric,26,32.49
T854,751,17084,3/3/2024 23:05,Car,13,5,"Vellore, Tamil Nadu, India","Tiruppur, Tamil Nadu, India",gasoline,24,95.33
T855,232,12311,3/3/2024 23:10,Car,3,3,"Dindigul, Tamil Nadu, India","Thanjavur, Tamil Nadu, India",gasoline,29,10.92
T856,543,10910,3/3/2024 23:15,Bike,15,1,"Thoothukudi, Tamil Nadu, India","Nagapattinam, Tamil Nadu, India",gasoline,24,22.0
T857,265,15166,3/3/2024 23:20,Car,4,4,"Thanjavur, Tamil Nadu, India","Nagapattinam, Tamil Nadu, India",gasoline,23,24.49
T858,720H,14950,3/3/2024 23:25,Bike,11,3,"Tiruchirappalli, Tamil Nadu, India","Cuddalore, Tamil Nadu, India",electric,21,55.31
T859,190,13708,3/3/2024 23:30,Bike,1,2,"Tirunelveli, Tamil Nadu, India","Cuddalore, Tamil Nadu, India",electric,22,3.2
T860,H30,13337,3/3/2024 23:35,Bike,2,4,"Dindigul, Tamil Nadu, India","Namakkal, Tamil Nadu, India",electric,27,10.43
T861,273,13036,3/3/2024 23:40,Car,14,1,"Sivakasi, Tamil Nadu, India","Nagercoil, Tamil Nadu, India",electric,26,18.95
T862,M44T,13453,3/3/2024 23:45,Car,7,3,"Hosur, Tamil Nadu, India","Namakkal, Tamil Nadu, India",electric,24,30.8
T863,W90,13824,3/3/2024 23:50,Car,8,3,"Chennai, Tamil Nadu, India","Cuddalore, Tamil Nadu, India",gasoline,27,31.29
T864,867,14596,3/3/2024 23:55,Car,19,4,"Sivakasi, Tamil Nadu, India","Dindigul, Tamil Nadu, India",electric,20,133.76
T865,251,12496,3/4/2024 0:00,Car,14,3,"Sivakasi, Tamil Nadu, India","Tirunelveli, Tamil Nadu, India",gasoline,20,73.92
T866,230,12483,3/4/2024 0:05,Bike,11,4,"Chennai, Tamil Nadu, India","Hosur, Tamil Nadu, India",gasoline,20,77.44
T867,506,11010,3/4/2024 0:10,Car,11,4,"Cuddalore, Tamil Nadu, India","Tiruppur, Tamil Nadu, India",electric,20,77.44
T868,202F,16279,3/4/2024 0:15,Car,15,1,"Salem, Tamil Nadu, India","Madurai, Tamil Nadu, India",electric,20,26.4
T869,G10B,11796,3/4/2024 0:20,Car,5,4,"Tirunelveli, Tamil Nadu, India","Nagercoil, Tamil Nadu, India",electric,29,24.28
T870,222,11182,3/4/2024 0:25,Car,12,2,"Erode, Tamil Nadu, India","Hosur, Tamil Nadu, India",electric,30,28.16
T871,190,14391,3/4/2024 0:30,Car,4,1,"Karur, Tamil Nadu, India","Kanchipuram, Tamil Nadu, India",electric,26,5.42
T872,G10,12135,3/4/2024 0:35,Car,16,3,"Thoothukudi, Tamil Nadu, India","Nagercoil, Tamil Nadu, India",gasoline,21,80.46
T873,230,13049,3/4/2024 0:40,Car,4,5,"Tiruppur, Tamil Nadu, India","Namakkal, Tamil Nadu, India",electric,23,30.61
T874,G10B,11672,3/4/2024 0:45,Car,3,1,"Tiruchirappalli, Tamil Nadu, India","Thoothukudi, Tamil Nadu, India",gasoline,22,4.8
T875,281K,13077,3/4/2024 0:50,Car,22,4,"Hosur, Tamil Nadu, India","Sivakasi, Tamil Nadu, India",electric,30,103.25
T876,222,12665,3/4/2024 0:55,Bike,13,4,"Madurai, Tamil Nadu, India","Kanchipuram, Tamil Nadu, India",gasoline,24,76.27
T877,400,10290,3/4/2024 1:00,Car,11,5,"Coimbatore, Tamil Nadu, India","Tiruppur, Tamil Nadu, India",electric,27,71.7
T878,G10,12441,3/4/2024 1:05,Car,23,2,"Tirunelveli, Tamil Nadu, India","Madurai, Tamil Nadu, India",electric,22,73.6
T879,232,12315,3/4/2024 1:10,Car,8,2,"Thoothukudi, Tamil Nadu, India","Coimbatore, Tamil Nadu, India",gasoline,23,24.49
T880,411,10450,3/4/2024 1:15,Car,21,1,"Chennai, Tamil Nadu, India","Kanchipuram, Tamil Nadu, India",gasoline,29,25.49
T881,171,14229,3/4/2024 1:20,Car,22,2,"Tiruppur, Tamil Nadu, India","Karur, Tamil Nadu, India",electric,23,67.34
T882,864F,18642,3/4/2024 1:25,Car,16,4,"Salem, Tamil Nadu, India","Nagercoil, Tamil Nadu, India",electric,24,93.87
T883,190,14402,3/4/2024 1:30,Car,17,5,"Nagercoil, Tamil Nadu, India","Coimbatore, Tamil Nadu, India",gasoline,20,149.6
T884,M44,11049,3/4/2024 1:35,Car,9,4,"Namakkal, Tamil Nadu, India","Thanjavur, Tamil Nadu, India",electric,25,50.69
T885,B10,13239,3/4/2024 1:40,Car,2,2,"Thoothukudi, Tamil Nadu, India","Coimbatore, Tamil Nadu, India",electric,27,5.21
T886,H22,13348,3/4/2024 1:45,Car,10,2,"Erode, Tamil Nadu, India","Sivakasi, Tamil Nadu, India",electric,20,35.2
T887,733,15337,3/4/2024 1:50,Car,18,3,"Salem, Tamil Nadu, India","Tiruchirappalli, Tamil Nadu, India",electric,26,73.11
T888,557,11544,3/4/2024 1:55,Car,22,2,"Tiruchirappalli, Tamil Nadu, India","Cuddalore, Tamil Nadu, India",electric,30,51.63
T889,287,13297,3/4/2024 2:00,Car,12,1,"Dindigul, Tamil Nadu, India","Sivakasi, Tamil Nadu, India",electric,21,20.11
T890,506,11948,3/4/2024 2:05,Car,19,3,"Dindigul, Tamil Nadu, India","Kanchipuram, Tamil Nadu, India",gasoline,22,91.2
T891,174,12464,3/4/2024 2:10,Car,1,1,"Kanchipuram, Tamil Nadu, India","Madurai, Tamil Nadu, India",gasoline,25,1.41
T892,147,13579,3/4/2024 2:15,Car,19,1,"Tirunelveli, Tamil Nadu, India","Thanjavur, Tamil Nadu, India",gasoline,22,30.4
T893,W90,12520,3/4/2024 2:20,Car,2,3,"Vellore, Tamil Nadu, India","Karur, Tamil Nadu, India",gasoline,27,7.82
T894,241,13798,3/4/2024 2:25,Bike,5,5,"Tiruppur, Tamil Nadu, India","Kanchipuram, Tamil Nadu, India",electric,30,29.33
T895,451,18125,3/4/2024 2:30,Car,4,4,"Salem, Tamil Nadu, India","Tiruchirappalli, Tamil Nadu, India",gasoline,21,26.82
T896,252,13078,3/4/2024 2:35,Car,13,4,"Hosur, Tamil Nadu, India","Kanchipuram, Tamil Nadu, India",electric,28,65.37
T897,232,12308,3/4/2024 2:40,Car,15,3,"Namakkal, Tamil Nadu, India","Tiruppur, Tamil Nadu, India",electric,22,72.0
T898,174,12760,3/4/2024 2:45,Car,7,4,"Cuddalore, Tamil Nadu, India","Erode, Tamil Nadu, India",gasoline,24,41.07
T899,118,12858,3/4/2024 2:50,Car,3,4,"Thoothukudi, Tamil Nadu, India","Hosur, Tamil Nadu, India",electric,20,21.12
T900,H30,12910,3/4/2024 2:55,Car,21,2,"Salem, Tamil Nadu, India","Erode, Tamil Nadu, India",electric,27,54.76
T901,254X,16287,3/4/2024 3:00,Car,10,5,"Nagercoil, Tamil Nadu, India","Cuddalore, Tamil Nadu, India",electric,24,73.33
T902,652,11304,3/4/2024 3:05,Car,24,2,"Erode, Tamil Nadu, India","Salem, Tamil Nadu, India",gasoline,27,62.58
T903,281,13077,3/4/2024 3:10,Car,6,2,"Tiruchirappalli, Tamil Nadu, India","Vellore, Tamil Nadu, India",gasoline,23,18.37
T904,117,11623,3/4/2024 3:15,Bike,15,1,"Tiruppur, Tamil Nadu, India","Tiruchirappalli, Tamil Nadu, India",electric,29,18.21
T905,W90,14950,3/4/2024 3:20,Car,4,3,"Madurai, Tamil Nadu, India","Chennai, Tamil Nadu, India",electric,20,21.12
T906,753,17084,3/4/2024 3:25,Bike,10,1,"Kanchipuram, Tamil Nadu, India","Tiruppur, Tamil Nadu, India",gasoline,21,16.76
T907,147,13282,3/4/2024 3:30,Car,11,3,"Erode, Tamil Nadu, India","Thoothukudi, Tamil Nadu, India",gasoline,23,50.5
T908,502,10587,3/4/2024 3:35,Car,22,3,"Chennai, Tamil Nadu, India","Salem, Tamil Nadu, India",gasoline,21,110.63
T909,157X,13292,3/4/2024 3:40,Bike,13,3,"Coimbatore, Tamil Nadu, India","Salem, Tamil Nadu, India",gasoline,22,62.4
T910,190,13483,3/4/2024 3:45,Car,25,4,"Tirunelveli, Tamil Nadu, India","Coimbatore, Tamil Nadu, India",gasoline,23,153.04
T911,725,15769,3/4/2024 3:50,Car,21,2,"Thanjavur, Tamil Nadu, India","Namakkal, Tamil Nadu, India",electric,30,49.28
T912,H22L,16390,3/4/2024 3:55,Car,10,3,"Chennai, Tamil Nadu, India","Salem, Tamil Nadu, India",gasoline,23,45.91
T913,741,16029,3/4/2024 4:00,Bike,17,1,"Karur, Tamil Nadu, India","Cuddalore, Tamil Nadu, India",gasoline,26,23.02
T914,M44,10987,3/4/2024 4:05,Car,1,4,"Madurai, Tamil Nadu, India","Tirunelveli, Tamil Nadu, India",electric,23,6.12
T915,M44G,14760,3/4/2024 4:10,Car,6,5,"Nagapattinam, Tamil Nadu, India","Tiruppur, Tamil Nadu, India",electric,26,40.62
T916,C1,11378,3/4/2024 4:15,Car,18,2,"Namakkal, Tamil Nadu, India","Erode, Tamil Nadu, India",gasoline,26,48.74
T917,560P,10998,3/4/2024 4:20,Car,25,5,"Nagapattinam, Tamil Nadu, India","Tiruchirappalli, Tamil Nadu, India",electric,28,157.14
T918,734,16020,3/4/2024 4:25,Bike,19,2,"Erode, Tamil Nadu, India","Vellore, Tamil Nadu, India",gasoline,24,55.73
T919,203F,11778,3/4/2024 4:30,Car,6,1,"Nagercoil, Tamil Nadu, India","Erode, Tamil Nadu, India",gasoline,21,10.06
T920,287,16487,3/4/2024 4:35,Car,11,4,"Karur, Tamil Nadu, India","Thoothukudi, Tamil Nadu, India",gasoline,26,59.57
T921,203,12322,3/4/2024 4:40,Bike,14,3,"Vellore, Tamil Nadu, India","Nagercoil, Tamil Nadu, India",gasoline,21,70.4
T922,G10,13003,3/4/2024 4:45,Car,25,2,"Kanchipuram, Tamil Nadu, India","Erode, Tamil Nadu, India",electric,25,70.4
T923,J1,13516,3/4/2024 4:50,Car,4,3,"Hosur, Tamil Nadu, India","Madurai, Tamil Nadu, India",gasoline,25,16.9
T924,235,13353,3/4/2024 4:55,Bike,9,1,"Hosur, Tamil Nadu, India","Nagercoil, Tamil Nadu, India",electric,24,13.2
T925,239,12577,3/4/2024 5:00,Car,15,4,"Erode, Tamil Nadu, India","Namakkal, Tamil Nadu, India",gasoline,23,91.83
T926,506,11113,3/4/2024 5:05,Car,12,3,"Thanjavur, Tamil Nadu, India","Cuddalore, Tamil Nadu, India",electric,28,45.26
T927,B12,13008,3/4/2024 5:10,Car,12,2,"Madurai, Tamil Nadu, India","Hosur, Tamil Nadu, India",electric,27,31.29
T928,222,12171,3/4/2024 5:15,Bike,4,5,"Sivakasi, Tamil Nadu, India","Vellore, Tamil Nadu, India",gasoline,23,30.61
T929,157,11454,3/4/2024 5:20,Car,21,2,"Thoothukudi, Tamil Nadu, India","Cuddalore, Tamil Nadu, India",gasoline,24,61.6
T930,451,17922,3/4/2024 5:25,Bike,23,1,"Tirunelveli, Tamil Nadu, India","Erode, Tamil Nadu, India",electric,28,28.91
T931,681,15429,3/4/2024 5:30,Car,6,2,"Tirunelveli, Tamil Nadu, India","Vellore, Tamil Nadu, India",gasoline,30,14.08
T932,G40,17353,3/4/2024 5:35,Car,17,2,"Namakkal, Tamil Nadu, India","Sivakasi, Tamil Nadu, India",electric,25,47.87
T933,237,11890,3/4/2024 5:40,Car,1,3,"Erode, Tamil Nadu, India","Tiruppur, Tamil Nadu, India",electric,24,4.4
T934,263,14292,3/4/2024 5:45,Car,24,4,"Tiruppur, Tamil Nadu, India","Erode, Tamil Nadu, India",electric,27,125.16
T935,H22,13327,3/4/2024 5:50,Car,10,2,"Tiruchirappalli, Tamil Nadu, India","Sivakasi, Tamil Nadu, India",electric,27,26.07
T936,452,10189,3/4/2024 5:55,Car,22,1,"Madurai, Tamil Nadu, India","Namakkal, Tamil Nadu, India",gasoline,26,29.78
T937,H22,13354,3/4/2024 6:00,Car,24,5,"Nagercoil, Tamil Nadu, India","Kanchipuram, Tamil Nadu, India",gasoline,30,140.8
T938,N4,13820,3/4/2024 6:05,Car,16,2,"Tiruppur, Tamil Nadu, India","Vellore, Tamil Nadu, India",electric,30,37.55
T939,600,15073,3/4/2024 6:10,Car,14,5,"Tirunelveli, Tamil Nadu, India","Vellore, Tamil Nadu, India",electric,27,91.26
T940,232,11808,3/4/2024 6:15,Car,11,1,"Thoothukudi, Tamil Nadu, India","Chennai, Tamil Nadu, India",gasoline,27,14.34
T941,W90,14592,3/4/2024 6:20,Car,20,5,"Erode, Tamil Nadu, India","Cuddalore, Tamil Nadu, India",gasoline,23,153.04
T942,224,12288,3/4/2024 6:25,Bike,23,3,"Thanjavur, Tamil Nadu, India","Coimbatore, Tamil Nadu, India",electric,30,80.96
T943,513,17537,3/4/2024 6:30,Bike,12,1,"Kanchipuram, Tamil Nadu, India","Dindigul, Tamil Nadu, India",electric,29,14.57
T944,H20,16364,3/4/2024 6:35,Car,12,3,"Hosur, Tamil Nadu, India","Tiruchirappalli, Tamil Nadu, India",gasoline,20,63.36
T945,628,18046,3/4/2024 6:40,Car,5,5,"Tiruchirappalli, Tamil Nadu, India","Dindigul, Tamil Nadu, India",gasoline,23,38.26
T946,229,11168,3/4/2024 6:45,Car,18,5,"Salem, Tamil Nadu, India","Thoothukudi, Tamil Nadu, India",gasoline,21,150.86
T947,C1,17172,3/4/2024 6:50,Car,25,2,"Thanjavur, Tamil Nadu, India","Dindigul, Tamil Nadu, India",gasoline,26,67.69
T948,C1,12129,3/4/2024 6:55,Car,10,2,"Nagapattinam, Tamil Nadu, India","Tiruchirappalli, Tamil Nadu, India",electric,30,23.47
T949,J8,17747,3/4/2024 7:00,Car,5,5,"Tirunelveli, Tamil Nadu, India","Salem, Tamil Nadu, India",gasoline,24,36.67
T950,232,16291,3/4/2024 7:05,Car,15,5,"Kanchipuram, Tamil Nadu, India","Nagapattinam, Tamil Nadu, India",gasoline,23,114.78
T951,271,12347,3/4/2024 7:10,Bike,20,3,"Chennai, Tamil Nadu, India","Tiruppur, Tamil Nadu, India",electric,23,91.83
T952,230,11735,3/4/2024 7:15,Car,23,5,"Karur, Tamil Nadu, India","Thoothukudi, Tamil Nadu, India",electric,20,202.4
T953,273,12613,3/4/2024 7:20,Car,21,3,"Thoothukudi, Tamil Nadu, India","Nagapattinam, Tamil Nadu, India",electric,23,96.42
T954,749,17700,3/4/2024 7:25,Car,10,1,"Vellore, Tamil Nadu, India","Tiruppur, Tamil Nadu, India",electric,27,13.04
T955,H21,16386,3/4/2024 7:30,Car,9,3,"Nagapattinam, Tamil Nadu, India","Hosur, Tamil Nadu, India",gasoline,22,43.2
T956,B10,12925,3/4/2024 7:35,Car,4,3,"Erode, Tamil Nadu, India","Coimbatore, Tamil Nadu, India",electric,30,14.08
T957,H30,16336,3/4/2024 7:40,Car,23,4,"Kanchipuram, Tamil Nadu, India","Chennai, Tamil Nadu, India",gasoline,30,107.95
T958,864,14916,3/4/2024 7:45,Car,1,1,"Karur, Tamil Nadu, India","Hosur, Tamil Nadu, India",electric,23,1.53
T959,361,11673,3/4/2024 7:50,Car,9,3,"Chennai, Tamil Nadu, India","Salem, Tamil Nadu, India",gasoline,25,38.02
T960,202F,17621,3/4/2024 7:55,Bike,23,3,"Karur, Tamil Nadu, India","Dindigul, Tamil Nadu, India",electric,25,97.15
T961,400,10353,3/4/2024 8:00,Car,13,1,"Hosur, Tamil Nadu, India","Sivakasi, Tamil Nadu, India",electric,28,16.34
T962,252,16287,3/4/2024 8:05,Car,25,5,"Kanchipuram, Tamil Nadu, India","Karur, Tamil Nadu, India",electric,24,183.33
T963,300,12234,3/4/2024 8:10,Car,21,3,"Tiruchirappalli, Tamil Nadu, India","Thanjavur, Tamil Nadu, India",gasoline,29,76.47
T964,232,12788,3/4/2024 8:15,Car,7,3,"Dindigul, Tamil Nadu, India","Nagapattinam, Tamil Nadu, India",gasoline,30,24.64
T965,557,12187,3/4/2024 8:20,Car,7,5,"Cuddalore, Tamil Nadu, India","Dindigul, Tamil Nadu, India",electric,27,45.63
T966,411,17281,3/4/2024 8:25,Car,15,5,"Namakkal, Tamil Nadu, India","Dindigul, Tamil Nadu, India",electric,30,88.0
T967,720,14192,3/4/2024 8:30,Car,24,4,"Erode, Tamil Nadu, India","Karur, Tamil Nadu, India",gasoline,27,125.16
T968,271,13095,3/4/2024 8:35,Car,2,2,"Kanchipuram, Tamil Nadu, India","Coimbatore, Tamil Nadu, India",electric,29,4.86
T969,190,13799,3/4/2024 8:40,Car,9,3,"Nagercoil, Tamil Nadu, India","Hosur, Tamil Nadu, India",electric,27,35.2
T970,235,11804,3/4/2024 8:45,Car,6,1,"Madurai, Tamil Nadu, India","Vellore, Tamil Nadu, India",electric,26,8.12
T971,251,11884,3/4/2024 8:50,Bike,6,4,"Sivakasi, Tamil Nadu, India","Thoothukudi, Tamil Nadu, India",gasoline,26,32.49
T972,241,14637,3/4/2024 8:55,Car,8,1,"Karur, Tamil Nadu, India","Thoothukudi, Tamil Nadu, India",electric,29,9.71
T973,172,18049,3/4/2024 9:00,Bike,22,1,"Cuddalore, Tamil Nadu, India","Madurai, Tamil Nadu, India",gasoline,20,38.72
T974,506,11793,3/4/2024 9:05,Car,24,3,"Kanchipuram, Tamil Nadu, India","Salem, Tamil Nadu, India",gasoline,24,105.6
T975,271,12064,3/4/2024 9:10,Car,25,5,"Dindigul, Tamil Nadu, India","Namakkal, Tamil Nadu, India",gasoline,26,169.23
T976,271,12613,3/4/2024 9:15,Car,24,2,"Tiruppur, Tamil Nadu, India","Hosur, Tamil Nadu, India",electric,22,76.8
T977,251,12597,3/4/2024 9:20,Bike,22,5,"Hosur, Tamil Nadu, India","Kanchipuram, Tamil Nadu, India",electric,25,154.88
T978,734,15178,3/4/2024 9:25,Car,25,4,"Tiruppur, Tamil Nadu, India","Hosur, Tamil Nadu, India",gasoline,28,125.71
T979,722F,15875,3/4/2024 9:30,Car,7,4,"Tiruppur, Tamil Nadu, India","Kanchipuram, Tamil Nadu, India",electric,26,37.91
T980,863F,13348,3/4/2024 9:35,Car,14,4,"Tirunelveli, Tamil Nadu, India","Thanjavur, Tamil Nadu, India",electric,30,65.71
T981,400A,10293,3/4/2024 9:40,Car,25,4,"Hosur, Tamil Nadu, India","Tiruchirappalli, Tamil Nadu, India",gasoline,29,121.38
T982,B10,13089,3/4/2024 9:45,Car,9,2,"Kanchipuram, Tamil Nadu, India","Thanjavur, Tamil Nadu, India",gasoline,23,27.55
T983,864F,13763,3/4/2024 9:50,Bike,8,3,"Erode, Tamil Nadu, India","Chennai, Tamil Nadu, India",electric,23,36.73
T984,H30,13337,3/4/2024 9:55,Car,18,3,"Karur, Tamil Nadu, India","Cuddalore, Tamil Nadu, India",electric,22,86.4
T985,734,15448,3/4/2024 10:00,Car,18,4,"Thanjavur, Tamil Nadu, India","Vellore, Tamil Nadu, India",gasoline,28,90.51
T986,500,10522,3/4/2024 10:05,Bike,3,2,"Chennai, Tamil Nadu, India","Kanchipuram, Tamil Nadu, India",gasoline,27,7.82
T987,682,17970,3/4/2024 10:10,Car,13,4,"Namakkal, Tamil Nadu, India","Thoothukudi, Tamil Nadu, India",gasoline,22,83.2
T988,721,16274,3/4/2024 10:15,Car,4,4,"Madurai, Tamil Nadu, India","Sivakasi, Tamil Nadu, India",electric,27,20.86
T989,170,14083,3/4/2024 10:20,Bike,17,3,"Salem, Tamil Nadu, India","Kanchipuram, Tamil Nadu, India",electric,29,61.9
T990,222,12771,3/4/2024 10:25,Car,6,2,"Tiruppur, Tamil Nadu, India","Cuddalore, Tamil Nadu, India",electric,24,17.6
T991,179F,12566,3/4/2024 10:30,Bike,24,4,"Chennai, Tamil Nadu, India","Tirunelveli, Tamil Nadu, India",gasoline,28,120.69
T992,J2,13508,3/4/2024 10:35,Bike,23,2,"Madurai, Tamil Nadu, India","Dindigul, Tamil Nadu, India",gasoline,27,59.97
T993,502,13351,3/4/2024 10:40,Bike,25,5,"Sivakasi, Tamil Nadu, India","Hosur, Tamil Nadu, India",gasoline,26,169.23
T994,B10,13231,3/4/2024 10:45,Car,18,5,"Chennai, Tamil Nadu, India","Nagercoil, Tamil Nadu, India",gasoline,27,117.33
T995,749,16028,3/4/2024 10:50,Car,6,4,"Namakkal, Tamil Nadu, India","Coimbatore, Tamil Nadu, India",electric,25,33.79
T996,J2,13527,3/4/2024 10:55,Car,24,4,"Karur, Tamil Nadu, India","Tiruppur, Tamil Nadu, India",electric,30,112.64
T997,142,13378,3/4/2024 11:00,Car,21,1,"Thoothukudi, Tamil Nadu, India","Salem, Tamil Nadu, India",electric,24,30.8
T998,733,15942,3/4/2024 11:05,Bike,15,2,"Hosur, Tamil Nadu, India","Tirunelveli, Tamil Nadu, India",gasoline,24,44.0
T999,747,16218,3/4/2024 11:10,Car,20,1,"Vellore, Tamil Nadu, India","Hosur, Tamil Nadu, India",gasoline,28,25.14
T1000,H33C,12975,3/4/2024 11:15,Car,21,1,"Salem, Tamil Nadu, India","Sivakasi, Tamil Nadu, India",gasoline,25,29.57
