Date,Hour,Station,Latitude,Longitude,Trip_Count,Available_Bikes,Avg_Trip_Duration_Min,Station_Utilisation_Pct,Avg_Temperature_C,Vehicle_Type
2026-01-01,6,Central Station,13.0827,80.2707,8,13,27.6,32.5,30.5,Bike
2026-01-01,6,Guindy Station,13.0067,80.2206,5,13,20.6,24.9,27.9,Bike
2026-01-01,6,T Nagar Station,13.0418,80.2341,14,13,21.0,50.6,29.0,Bike
2026-01-01,6,Adyar Station,13.0012,80.2565,24,4,26.8,87.8,32.0,Bike
2026-01-01,6,Velachery Station,12.9815,80.218,16,24,30.6,36.3,27.2,Bike
2026-01-01,6,Anna Nagar Station,13.085,80.2101,12,18,24.0,34.0,28.3,Bike
2026-01-01,6,Egmore Station,13.0732,80.2609,11,22,14.2,34.4,32.1,Car
2026-01-01,6,Tambaram Station,12.9249,80.1,14,11,42.6,58.4,31.5,Bike
2026-01-01,6,Porur Station,13.038,80.1565,16,4,21.3,79.8,28.7,Bike
2026-01-01,6,OMR Station,12.9352,80.23,15,4,30.5,82.4,30.0,Bike
2026-01-01,7,Central Station,13.0827,80.2707,18,3,32.2,84.8,28.3,Bike
2026-01-01,7,Guindy Station,13.0067,80.2206,7,8,28.5,41.5,29.3,Bike
2026-01-01,7,T Nagar Station,13.0418,80.2341,7,19,29.5,43.8,26.7,Bike
2026-01-01,7,Adyar Station,13.0012,80.2565,17,9,22.0,78.6,26.4,Bike
2026-01-01,7,Velachery Station,12.9815,80.218,14,14,13.5,58.1,32.0,Car
2026-01-01,7,Anna Nagar Station,13.085,80.2101,24,7,32.1,70.0,28.8,Bike
2026-01-01,7,Egmore Station,13.0732,80.2609,21,26,21.5,41.2,28.5,Bike
2026-01-01,7,Tambaram Station,12.9249,80.1,31,5,16.9,72.8,30.5,Bike
2026-01-01,7,Porur Station,13.038,80.1565,31,26,18.3,55.5,23.4,Bike
2026-01-01,7,OMR Station,12.9352,80.23,32,11,23.8,74.3,24.5,Bike
2026-01-01,8,Central Station,13.0827,80.2707,42,19,26.4,71.2,28.7,Bike
2026-01-01,8,Guindy Station,13.0067,80.2206,6,11,34.4,39.1,26.1,Bike
2026-01-01,8,T Nagar Station,13.0418,80.2341,39,17,33.7,69.4,30.2,Car
2026-01-01,8,Adyar Station,13.0012,80.2565,39,3,30.5,96.8,30.8,Bike
2026-01-01,8,Velachery Station,12.9815,80.218,19,21,21.4,43.9,28.7,Car
2026-01-01,8,Anna Nagar Station,13.085,80.2101,29,0,22.9,100.0,32.1,Bike
2026-01-01,8,Egmore Station,13.0732,80.2609,33,24,15.4,58.0,30.6,Bike
2026-01-01,8,Tambaram Station,12.9249,80.1,15,12,29.5,60.4,26.3,Car
2026-01-01,8,Porur Station,13.038,80.1565,49,18,26.4,76.4,32.8,Bike
2026-01-01,8,OMR Station,12.9352,80.23,42,14,19.0,75.9,25.8,Bike
2026-01-01,9,Central Station,13.0827,80.2707,41,12,21.3,81.2,33.3,Car
2026-01-01,9,Guindy Station,13.0067,80.2206,44,23,10.8,58.8,27.2,Bike
2026-01-01,9,T Nagar Station,13.0418,80.2341,23,9,26.9,77.9,31.1,Bike
2026-01-01,9,Adyar Station,13.0012,80.2565,33,14,23.8,64.9,30.9,Car
2026-01-01,9,Velachery Station,12.9815,80.218,36,7,29.0,83.1,30.5,Bike
2026-01-01,9,Anna Nagar Station,13.085,80.2101,14,4,19.8,73.1,28.0,Bike
2026-01-01,9,Egmore Station,13.0732,80.2609,14,18,25.1,49.0,29.7,Bike
2026-01-01,9,Tambaram Station,12.9249,80.1,16,10,18.9,66.1,27.7,Car
2026-01-01,9,Porur Station,13.038,80.1565,31,7,27.5,86.3,31.5,Car
2026-01-01,9,OMR Station,12.9352,80.23,36,21,22.3,57.2,33.1,Bike
2026-01-01,10,Central Station,13.0827,80.2707,28,1,21.7,93.8,31.8,Car
2026-01-01,10,Guindy Station,13.0067,80.2206,28,23,36.9,54.4,28.0,Bike
2026-01-01,10,T Nagar Station,13.0418,80.2341,23,2,19.3,90.3,28.5,Bike
2026-01-01,10,Adyar Station,13.0012,80.2565,32,4,39.7,82.3,35.0,Bike
2026-01-01,10,Velachery Station,12.9815,80.218,28,15,22.2,63.9,35.1,Bike
2026-01-01,10,Anna Nagar Station,13.085,80.2101,28,5,31.7,93.0,25.2,Bike
2026-01-01,10,Egmore Station,13.0732,80.2609,12,28,29.3,25.1,30.9,Bike
2026-01-01,10,Tambaram Station,12.9249,80.1,12,31,21.3,30.9,32.6,Bike
2026-01-01,10,Porur Station,13.038,80.1565,19,7,10.3,78.8,30.8,Bike
2026-01-01,10,OMR Station,12.9352,80.23,25,17,19.6,53.7,34.2,Bike
2026-01-01,11,Central Station,13.0827,80.2707,6,31,12.0,21.0,33.9,Car
2026-01-01,11,Guindy Station,13.0067,80.2206,10,8,23.4,58.3,27.4,Car
2026-01-01,11,T Nagar Station,13.0418,80.2341,15,20,26.7,39.5,33.0,Car
2026-01-01,11,Adyar Station,13.0012,80.2565,12,27,16.2,28.7,30.3,Car
2026-01-01,11,Velachery Station,12.9815,80.218,18,29,30.6,40.3,29.1,Bike
2026-01-01,11,Anna Nagar Station,13.085,80.2101,27,21,31.5,57.3,27.1,Bike
2026-01-01,11,Egmore Station,13.0732,80.2609,15,18,26.8,47.5,27.8,Bike
2026-01-01,11,Tambaram Station,12.9249,80.1,10,14,20.5,46.1,28.8,Bike
2026-01-01,11,Porur Station,13.038,80.1565,10,17,13.8,42.8,28.1,Car
2026-01-01,11,OMR Station,12.9352,80.23,12,23,33.5,35.8,33.9,Bike
2026-01-01,12,Central Station,13.0827,80.2707,19,15,17.0,63.1,23.8,Bike
2026-01-01,12,Guindy Station,13.0067,80.2206,12,5,18.2,65.1,31.8,Bike
2026-01-01,12,T Nagar Station,13.0418,80.2341,18,23,18.1,44.3,32.5,Car
2026-01-01,12,Adyar Station,13.0012,80.2565,12,29,16.5,40.6,30.7,Bike
2026-01-01,12,Velachery Station,12.9815,80.218,10,20,36.7,35.2,30.1,Car
2026-01-01,12,Anna Nagar Station,13.085,80.2101,16,24,30.8,35.8,27.7,Bike
2026-01-01,12,Egmore Station,13.0732,80.2609,15,7,14.6,58.6,30.6,Car
2026-01-01,12,Tambaram Station,12.9249,80.1,20,4,34.3,77.2,30.1,Bike
2026-01-01,12,Porur Station,13.038,80.1565,7,16,23.9,21.9,33.6,Car
2026-01-01,12,OMR Station,12.9352,80.23,17,5,32.7,78.4,28.0,Bike
2026-01-01,13,Central Station,13.0827,80.2707,9,9,24.3,54.6,31.9,Bike
2026-01-01,13,Guindy Station,13.0067,80.2206,13,16,18.5,38.0,31.1,Bike
2026-01-01,13,T Nagar Station,13.0418,80.2341,3,32,21.9,10.0,28.7,Car
2026-01-01,13,Adyar Station,13.0012,80.2565,19,7,32.1,70.3,37.1,Bike
2026-01-01,13,Velachery Station,12.9815,80.218,14,22,30.1,40.1,31.9,Car
2026-01-01,13,Anna Nagar Station,13.085,80.2101,11,31,34.1,27.4,28.1,Bike
2026-01-01,13,Egmore Station,13.0732,80.2609,4,29,33.3,21.7,30.2,Car
2026-01-01,13,Tambaram Station,12.9249,80.1,12,24,29.6,35.3,29.4,Bike
2026-01-01,13,Porur Station,13.038,80.1565,16,14,14.4,55.2,26.7,Bike
2026-01-01,13,OMR Station,12.9352,80.23,7,23,31.5,16.5,31.0,Car
2026-01-01,14,Central Station,13.0827,80.2707,15,24,20.1,46.9,36.6,Bike
2026-01-01,14,Guindy Station,13.0067,80.2206,15,16,8.0,45.3,28.7,Bike
2026-01-01,14,T Nagar Station,13.0418,80.2341,11,20,24.3,34.9,28.8,Car
2026-01-01,14,Adyar Station,13.0012,80.2565,18,17,24.2,50.1,22.6,Bike
2026-01-01,14,Velachery Station,12.9815,80.218,22,15,22.3,63.8,30.9,Bike
2026-01-01,14,Anna Nagar Station,13.085,80.2101,13,22,30.3,33.1,26.8,Bike
2026-01-01,14,Egmore Station,13.0732,80.2609,17,24,25.6,37.6,28.4,Car
2026-01-01,14,Tambaram Station,12.9249,80.1,11,13,21.3,41.5,29.5,Bike
2026-01-01,14,Porur Station,13.038,80.1565,15,15,33.7,48.1,27.5,Bike
2026-01-01,14,OMR Station,12.9352,80.23,6,11,12.5,28.3,31.2,Bike
2026-01-01,15,Central Station,13.0827,80.2707,8,16,8.1,34.2,32.2,Car
2026-01-01,15,Guindy Station,13.0067,80.2206,14,27,29.3,38.2,31.2,Bike
2026-01-01,15,T Nagar Station,13.0418,80.2341,6,17,27.8,21.5,31.4,Bike
2026-01-01,15,Adyar Station,13.0012,80.2565,15,9,17.7,56.8,30.3,Bike
2026-01-01,15,Velachery Station,12.9815,80.218,6,29,32.7,14.1,31.8,Bike
2026-01-01,15,Anna Nagar Station,13.085,80.2101,17,8,16.8,59.1,26.4,Car
2026-01-01,15,Egmore Station,13.0732,80.2609,16,14,23.0,53.8,29.0,Bike
2026-01-01,15,Tambaram Station,12.9249,80.1,13,6,28.9,70.4,28.2,Bike
2026-01-01,15,Porur Station,13.038,80.1565,11,22,12.0,32.1,33.4,Bike
2026-01-01,15,OMR Station,12.9352,80.23,22,16,39.5,48.6,32.5,Bike
2026-01-01,16,Central Station,13.0827,80.2707,10,23,24.7,18.9,33.8,Bike
2026-01-01,16,Guindy Station,13.0067,80.2206,16,18,21.2,47.0,32.7,Bike
2026-01-01,16,T Nagar Station,13.0418,80.2341,12,5,29.0,70.9,28.1,Bike
2026-01-01,16,Adyar Station,13.0012,80.2565,16,18,20.4,53.5,28.2,Bike
2026-01-01,16,Velachery Station,12.9815,80.218,22,28,20.7,50.9,32.5,Bike
2026-01-01,16,Anna Nagar Station,13.085,80.2101,18,12,26.5,54.1,27.5,Bike
2026-01-01,16,Egmore Station,13.0732,80.2609,18,10,25.5,76.5,29.9,Bike
2026-01-01,16,Tambaram Station,12.9249,80.1,13,7,29.1,71.0,31.5,Bike
2026-01-01,16,Porur Station,13.038,80.1565,18,10,20.4,62.6,28.1,Bike
2026-01-01,16,OMR Station,12.9352,80.23,8,13,31.7,30.2,33.7,Bike
2026-01-01,17,Central Station,13.0827,80.2707,18,27,12.4,32.2,21.1,Car
2026-01-01,17,Guindy Station,13.0067,80.2206,26,20,13.3,60.5,29.0,Bike
2026-01-01,17,T Nagar Station,13.0418,80.2341,20,22,27.6,59.0,24.6,Car
2026-01-01,17,Adyar Station,13.0012,80.2565,30,12,24.4,64.6,23.8,Car
2026-01-01,17,Velachery Station,12.9815,80.218,32,7,20.2,73.8,31.6,Bike
2026-01-01,17,Anna Nagar Station,13.085,80.2101,23,19,31.6,62.7,29.4,Bike
2026-01-01,17,Egmore Station,13.0732,80.2609,14,17,18.6,52.2,29.9,Car
2026-01-01,17,Tambaram Station,12.9249,80.1,32,24,31.2,53.6,27.3,Bike
2026-01-01,17,Porur Station,13.038,80.1565,20,5,23.1,80.7,32.4,Bike
2026-01-01,17,OMR Station,12.9352,80.23,16,27,17.4,28.7,26.8,Bike
2026-01-01,18,Central Station,13.0827,80.2707,23,3,36.4,89.6,31.7,Bike
2026-01-01,18,Guindy Station,13.0067,80.2206,14,23,23.3,31.4,34.8,Bike
2026-01-01,18,T Nagar Station,13.0418,80.2341,14,29,27.3,29.8,30.7,Car
2026-01-01,18,Adyar Station,13.0012,80.2565,32,17,23.1,76.1,31.5,Bike
2026-01-01,18,Velachery Station,12.9815,80.218,28,13,22.4,73.8,33.0,Car
2026-01-01,18,Anna Nagar Station,13.085,80.2101,24,18,27.9,56.8,21.8,Bike
2026-01-01,18,Egmore Station,13.0732,80.2609,28,6,19.5,77.8,32.0,Bike
2026-01-01,18,Tambaram Station,12.9249,80.1,29,20,25.8,61.1,22.4,Bike
2026-01-01,18,Porur Station,13.038,80.1565,31,3,32.5,86.3,32.7,Bike
2026-01-01,18,OMR Station,12.9352,80.23,18,24,23.2,38.6,31.6,Bike
2026-01-01,19,Central Station,13.0827,80.2707,49,11,22.0,94.5,29.2,Bike
2026-01-01,19,Guindy Station,13.0067,80.2206,16,14,36.4,48.6,36.4,Bike
2026-01-01,19,T Nagar Station,13.0418,80.2341,47,1,30.8,89.1,32.9,Bike
2026-01-01,19,Adyar Station,13.0012,80.2565,37,13,22.4,75.9,31.3,Car
2026-01-01,19,Velachery Station,12.9815,80.218,24,26,27.2,49.3,31.7,Bike
2026-01-01,19,Anna Nagar Station,13.085,80.2101,30,22,25.5,51.4,37.3,Bike
2026-01-01,19,Egmore Station,13.0732,80.2609,35,14,31.4,70.4,26.6,Car
2026-01-01,19,Tambaram Station,12.9249,80.1,46,5,30.2,96.9,33.4,Bike
2026-01-01,19,Porur Station,13.038,80.1565,30,22,32.9,64.9,23.8,Car
2026-01-01,19,OMR Station,12.9352,80.23,17,20,31.3,32.7,31.7,Car
2026-01-01,20,Central Station,13.0827,80.2707,15,6,24.3,71.3,27.8,Bike
2026-01-01,20,Guindy Station,13.0067,80.2206,18,7,11.7,62.7,28.6,Car
2026-01-01,20,T Nagar Station,13.0418,80.2341,26,24,15.5,48.8,31.9,Bike
2026-01-01,20,Adyar Station,13.0012,80.2565,28,25,19.4,52.3,29.7,Bike
2026-01-01,20,Velachery Station,12.9815,80.218,28,2,24.5,91.3,29.2,Car
2026-01-01,20,Anna Nagar Station,13.085,80.2101,19,25,32.4,50.3,27.8,Bike
2026-01-01,20,Egmore Station,13.0732,80.2609,11,28,28.4,17.0,26.9,Bike
2026-01-01,20,Tambaram Station,12.9249,80.1,21,26,22.7,40.4,29.8,Bike
2026-01-01,20,Porur Station,13.038,80.1565,29,4,19.6,91.4,26.3,Bike
2026-01-01,20,OMR Station,12.9352,80.23,36,1,24.3,100.0,26.1,Bike
2026-01-01,21,Central Station,13.0827,80.2707,15,19,36.1,48.8,30.8,Car
2026-01-01,21,Guindy Station,13.0067,80.2206,7,26,18.8,26.3,34.1,Bike
2026-01-01,21,T Nagar Station,13.0418,80.2341,14,13,23.3,50.0,27.0,Bike
2026-01-01,21,Adyar Station,13.0012,80.2565,20,14,26.8,59.8,29.6,Bike
2026-01-01,21,Velachery Station,12.9815,80.218,9,7,39.1,54.3,27.5,Bike
2026-01-01,21,Anna Nagar Station,13.085,80.2101,11,19,26.0,37.5,30.7,Bike
2026-01-01,21,Egmore Station,13.0732,80.2609,21,23,30.8,53.7,24.9,Bike
2026-01-01,21,Tambaram Station,12.9249,80.1,26,20,18.8,64.3,29.3,Bike
2026-01-01,21,Porur Station,13.038,80.1565,1,13,8.6,13.6,29.8,Bike
2026-01-01,21,OMR Station,12.9352,80.23,3,17,29.1,13.9,26.1,Car
2026-01-01,22,Central Station,13.0827,80.2707,15,30,34.8,37.8,28.9,Bike
2026-01-01,22,Guindy Station,13.0067,80.2206,7,17,22.4,23.4,37.2,Bike
2026-01-01,22,T Nagar Station,13.0418,80.2341,15,21,15.7,44.9,33.5,Bike
2026-01-01,22,Adyar Station,13.0012,80.2565,6,19,14.6,32.2,34.0,Bike
2026-01-01,22,Velachery Station,12.9815,80.218,11,26,14.0,21.8,31.2,Car
2026-01-01,22,Anna Nagar Station,13.085,80.2101,21,19,21.3,64.9,28.0,Bike
2026-01-01,22,Egmore Station,13.0732,80.2609,16,22,27.3,40.8,28.3,Car
2026-01-01,22,Tambaram Station,12.9249,80.1,26,20,23.8,62.4,27.5,Car
2026-01-01,22,Porur Station,13.038,80.1565,2,19,24.3,10.0,26.2,Car
2026-01-01,22,OMR Station,12.9352,80.23,19,12,27.9,68.3,32.3,Bike
2026-01-02,6,Central Station,13.0827,80.2707,15,12,34.7,59.0,30.7,Bike
2026-01-02,6,Guindy Station,13.0067,80.2206,24,8,20.3,78.3,35.4,Bike
2026-01-02,6,T Nagar Station,13.0418,80.2341,14,15,20.8,45.0,28.0,Car
2026-01-02,6,Adyar Station,13.0012,80.2565,21,24,20.0,49.2,23.5,Bike
2026-01-02,6,Velachery Station,12.9815,80.218,7,27,20.7,26.0,29.2,Bike
2026-01-02,6,Anna Nagar Station,13.085,80.2101,25,20,29.3,71.1,30.5,Bike
2026-01-02,6,Egmore Station,13.0732,80.2609,18,6,20.8,66.8,27.8,Bike
2026-01-02,6,Tambaram Station,12.9249,80.1,11,25,8.0,27.4,30.7,Bike
2026-01-02,6,Porur Station,13.038,80.1565,23,15,32.9,60.4,33.0,Bike
2026-01-02,6,OMR Station,12.9352,80.23,22,21,36.6,45.4,30.5,Bike
2026-01-02,7,Central Station,13.0827,80.2707,19,6,34.8,75.8,30.9,Bike
2026-01-02,7,Guindy Station,13.0067,80.2206,5,15,19.4,20.6,30.8,Bike
2026-01-02,7,T Nagar Station,13.0418,80.2341,26,22,30.0,58.4,33.2,Bike
2026-01-02,7,Adyar Station,13.0012,80.2565,30,14,36.5,66.7,30.6,Bike
2026-01-02,7,Velachery Station,12.9815,80.218,28,5,28.4,83.9,30.8,Bike
2026-01-02,7,Anna Nagar Station,13.085,80.2101,24,19,35.3,56.5,30.9,Car
2026-01-02,7,Egmore Station,13.0732,80.2609,21,7,26.1,80.5,26.4,Bike
2026-01-02,7,Tambaram Station,12.9249,80.1,17,7,37.4,70.3,29.4,Bike
2026-01-02,7,Porur Station,13.038,80.1565,21,28,27.5,43.8,30.8,Bike
2026-01-02,7,OMR Station,12.9352,80.23,38,0,36.7,99.7,30.5,Car
2026-01-02,8,Central Station,13.0827,80.2707,27,11,20.4,69.8,32.4,Bike
2026-01-02,8,Guindy Station,13.0067,80.2206,27,13,23.0,66.0,33.6,Car
2026-01-02,8,T Nagar Station,13.0418,80.2341,20,23,12.5,50.9,23.0,Bike
2026-01-02,8,Adyar Station,13.0012,80.2565,41,7,23.8,93.6,32.5,Bike
2026-01-02,8,Velachery Station,12.9815,80.218,50,2,24.2,83.7,36.4,Bike
2026-01-02,8,Anna Nagar Station,13.085,80.2101,34,13,15.7,84.0,31.7,Bike
2026-01-02,8,Egmore Station,13.0732,80.2609,26,11,30.9,69.0,30.7,Car
2026-01-02,8,Tambaram Station,12.9249,80.1,39,16,14.1,70.7,26.6,Bike
2026-01-02,8,Porur Station,13.038,80.1565,50,0,25.4,95.9,30.0,Bike
2026-01-02,8,OMR Station,12.9352,80.23,13,28,12.9,26.4,29.7,Car
2026-01-02,9,Central Station,13.0827,80.2707,32,23,25.6,55.3,31.1,Car
2026-01-02,9,Guindy Station,13.0067,80.2206,54,0,23.5,100.0,22.7,Bike
2026-01-02,9,T Nagar Station,13.0418,80.2341,40,19,26.7,74.4,30.8,Bike
2026-01-02,9,Adyar Station,13.0012,80.2565,29,25,29.3,49.4,26.3,Bike
2026-01-02,9,Velachery Station,12.9815,80.218,27,18,18.2,57.2,30.8,Bike
2026-01-02,9,Anna Nagar Station,13.085,80.2101,23,3,18.9,100.0,23.8,Bike
2026-01-02,9,Egmore Station,13.0732,80.2609,26,11,35.4,67.5,25.4,Bike
2026-01-02,9,Tambaram Station,12.9249,80.1,18,20,13.2,40.2,23.8,Bike
2026-01-02,9,Porur Station,13.038,80.1565,44,2,32.4,87.5,31.2,Bike
2026-01-02,9,OMR Station,12.9352,80.23,31,8,36.0,74.0,27.4,Bike
2026-01-02,10,Central Station,13.0827,80.2707,19,7,22.5,74.1,27.7,Bike
2026-01-02,10,Guindy Station,13.0067,80.2206,22,27,38.8,51.0,25.9,Car
2026-01-02,10,T Nagar Station,13.0418,80.2341,4,28,19.6,15.3,29.7,Bike
2026-01-02,10,Adyar Station,13.0012,80.2565,30,24,14.1,43.9,28.0,Bike
2026-01-02,10,Velachery Station,12.9815,80.218,35,23,29.5,57.1,30.3,Bike
2026-01-02,10,Anna Nagar Station,13.085,80.2101,18,18,26.5,43.8,29.6,Bike
2026-01-02,10,Egmore Station,13.0732,80.2609,10,6,17.8,54.8,25.9,Bike
2026-01-02,10,Tambaram Station,12.9249,80.1,7,28,12.8,22.2,27.9,Bike
2026-01-02,10,Porur Station,13.038,80.1565,16,20,8.0,44.9,29.2,Bike
2026-01-02,10,OMR Station,12.9352,80.23,24,17,26.3,61.4,27.9,Bike
2026-01-02,11,Central Station,13.0827,80.2707,9,22,17.7,29.5,31.1,Car
2026-01-02,11,Guindy Station,13.0067,80.2206,6,19,29.7,25.4,29.2,Car
2026-01-02,11,T Nagar Station,13.0418,80.2341,12,6,22.7,58.8,29.6,Bike
2026-01-02,11,Adyar Station,13.0012,80.2565,13,16,27.4,48.5,28.1,Bike
2026-01-02,11,Velachery Station,12.9815,80.218,19,21,32.5,53.2,23.5,Bike
2026-01-02,11,Anna Nagar Station,13.085,80.2101,13,27,23.3,29.5,24.3,Bike
2026-01-02,11,Egmore Station,13.0732,80.2609,9,11,30.0,43.1,30.0,Bike
2026-01-02,11,Tambaram Station,12.9249,80.1,7,25,18.8,24.3,26.4,Car
2026-01-02,11,Porur Station,13.038,80.1565,13,10,22.4,46.8,37.6,Bike
2026-01-02,11,OMR Station,12.9352,80.23,8,32,22.8,26.8,28.3,Bike
2026-01-02,12,Central Station,13.0827,80.2707,4,32,31.2,10.0,29.4,Bike
2026-01-02,12,Guindy Station,13.0067,80.2206,17,6,20.8,72.0,31.2,Bike
2026-01-02,12,T Nagar Station,13.0418,80.2341,2,12,12.7,16.8,29.2,Bike
2026-01-02,12,Adyar Station,13.0012,80.2565,19,4,25.2,74.6,28.3,Car
2026-01-02,12,Velachery Station,12.9815,80.218,19,4,19.8,77.9,23.0,Bike
2026-01-02,12,Anna Nagar Station,13.085,80.2101,18,21,18.7,43.1,29.3,Bike
2026-01-02,12,Egmore Station,13.0732,80.2609,17,5,28.0,73.3,33.4,Bike
2026-01-02,12,Tambaram Station,12.9249,80.1,11,30,32.4,28.2,27.4,Bike
2026-01-02,12,Porur Station,13.038,80.1565,15,5,33.2,70.7,26.9,Bike
2026-01-02,12,OMR Station,12.9352,80.23,15,30,21.4,33.6,30.3,Bike
2026-01-02,13,Central Station,13.0827,80.2707,19,13,31.5,55.2,30.1,Bike
2026-01-02,13,Guindy Station,13.0067,80.2206,23,23,16.3,51.6,29.0,Bike
2026-01-02,13,T Nagar Station,13.0418,80.2341,20,5,29.7,73.9,32.9,Car
2026-01-02,13,Adyar Station,13.0012,80.2565,13,16,26.0,46.7,34.3,Bike
2026-01-02,13,Velachery Station,12.9815,80.218,17,27,18.4,38.2,29.2,Bike
2026-01-02,13,Anna Nagar Station,13.085,80.2101,18,26,13.6,36.0,24.2,Bike
2026-01-02,13,Egmore Station,13.0732,80.2609,1,25,24.5,10.0,30.1,Bike
2026-01-02,13,Tambaram Station,12.9249,80.1,10,5,23.9,69.4,30.5,Bike
2026-01-02,13,Porur Station,13.038,80.1565,12,15,21.0,49.9,26.9,Car
2026-01-02,13,OMR Station,12.9352,80.23,11,24,19.7,37.4,29.7,Car
2026-01-02,14,Central Station,13.0827,80.2707,11,6,28.5,68.6,32.9,Bike
2026-01-02,14,Guindy Station,13.0067,80.2206,6,25,9.3,16.0,31.5,Bike
2026-01-02,14,T Nagar Station,13.0418,80.2341,16,24,18.7,37.9,26.0,Bike
2026-01-02,14,Adyar Station,13.0012,80.2565,19,26,21.9,41.1,28.5,Bike
2026-01-02,14,Velachery Station,12.9815,80.218,13,22,34.9,33.1,29.5,Bike
2026-01-02,14,Anna Nagar Station,13.085,80.2101,17,21,20.5,39.0,28.9,Bike
2026-01-02,14,Egmore Station,13.0732,80.2609,5,32,23.1,16.6,31.6,Bike
2026-01-02,14,Tambaram Station,12.9249,80.1,16,23,16.4,39.3,30.3,Bike
2026-01-02,14,Porur Station,13.038,80.1565,19,28,30.1,34.2,30.5,Bike
2026-01-02,14,OMR Station,12.9352,80.23,20,24,18.0,46.2,24.2,Bike
2026-01-02,15,Central Station,13.0827,80.2707,17,21,12.8,41.3,22.8,Bike
2026-01-02,15,Guindy Station,13.0067,80.2206,13,29,26.3,32.0,28.4,Bike
2026-01-02,15,T Nagar Station,13.0418,80.2341,4,26,17.0,15.1,29.9,Bike
2026-01-02,15,Adyar Station,13.0012,80.2565,10,18,17.3,31.5,26.7,Bike
2026-01-02,15,Velachery Station,12.9815,80.218,10,13,29.0,40.8,29.5,Bike
2026-01-02,15,Anna Nagar Station,13.085,80.2101,13,4,16.1,75.6,29.8,Bike
2026-01-02,15,Egmore Station,13.0732,80.2609,13,10,27.6,62.3,28.4,Car
2026-01-02,15,Tambaram Station,12.9249,80.1,18,28,15.2,36.3,26.3,Bike
2026-01-02,15,Porur Station,13.038,80.1565,11,22,21.8,30.3,34.4,Bike
2026-01-02,15,OMR Station,12.9352,80.23,1,8,24.4,16.2,22.6,Car
2026-01-02,16,Central Station,13.0827,80.2707,14,9,24.6,59.7,33.0,Bike
2026-01-02,16,Guindy Station,13.0067,80.2206,16,19,23.0,54.6,26.4,Bike
2026-01-02,16,T Nagar Station,13.0418,80.2341,22,11,24.4,56.0,29.4,Car
2026-01-02,16,Adyar Station,13.0012,80.2565,8,29,35.4,23.4,27.0,Bike
2026-01-02,16,Velachery Station,12.9815,80.218,14,29,13.1,34.4,34.3,Bike
2026-01-02,16,Anna Nagar Station,13.085,80.2101,7,25,30.2,19.3,33.1,Bike
2026-01-02,16,Egmore Station,13.0732,80.2609,18,13,17.9,58.6,25.2,Bike
2026-01-02,16,Tambaram Station,12.9249,80.1,19,25,31.6,37.5,31.1,Car
2026-01-02,16,Porur Station,13.038,80.1565,20,14,18.1,60.7,26.1,Bike
2026-01-02,16,OMR Station,12.9352,80.23,18,3,15.0,85.2,28.5,Bike
2026-01-02,17,Central Station,13.0827,80.2707,30,5,15.9,87.4,27.9,Bike
2026-01-02,17,Guindy Station,13.0067,80.2206,11,25,23.7,25.9,33.0,Car
2026-01-02,17,T Nagar Station,13.0418,80.2341,20,27,42.1,40.0,31.2,Bike
2026-01-02,17,Adyar Station,13.0012,80.2565,14,23,21.9,39.2,31.7,Bike
2026-01-02,17,Velachery Station,12.9815,80.218,12,30,24.8,26.3,28.6,Bike
2026-01-02,17,Anna Nagar Station,13.085,80.2101,8,14,21.1,32.4,31.3,Bike
2026-01-02,17,Egmore Station,13.0732,80.2609,37,9,27.6,82.5,29.4,Bike
2026-01-02,17,Tambaram Station,12.9249,80.1,34,1,26.1,94.8,30.1,Bike
2026-01-02,17,Porur Station,13.038,80.1565,25,15,21.4,57.5,27.5,Bike
2026-01-02,17,OMR Station,12.9352,80.23,29,16,25.5,68.1,31.5,Bike
2026-01-02,18,Central Station,13.0827,80.2707,48,22,26.4,63.7,30.0,Bike
2026-01-02,18,Guindy Station,13.0067,80.2206,21,4,14.8,90.5,28.4,Bike
2026-01-02,18,T Nagar Station,13.0418,80.2341,42,12,27.0,80.5,32.2,Car
2026-01-02,18,Adyar Station,13.0012,80.2565,39,16,20.3,72.7,35.0,Bike
2026-01-02,18,Velachery Station,12.9815,80.218,28,25,21.9,56.6,26.8,Bike
2026-01-02,18,Anna Nagar Station,13.085,80.2101,15,27,15.1,39.4,27.6,Bike
2026-01-02,18,Egmore Station,13.0732,80.2609,21,22,19.2,45.2,29.6,Car
2026-01-02,18,Tambaram Station,12.9249,80.1,24,10,23.4,71.9,31.4,Car
2026-01-02,18,Porur Station,13.038,80.1565,9,23,23.2,27.4,32.4,Bike
2026-01-02,18,OMR Station,12.9352,80.23,52,13,22.1,80.4,24.7,Bike
2026-01-02,19,Central Station,13.0827,80.2707,42,0,22.8,99.0,24.3,Car
2026-01-02,19,Guindy Station,13.0067,80.2206,24,26,25.4,52.0,30.1,Bike
2026-01-02,19,T Nagar Station,13.0418,80.2341,24,4,23.4,79.3,21.6,Bike
2026-01-02,19,Adyar Station,13.0012,80.2565,24,2,26.0,97.7,27.8,Bike
2026-01-02,19,Velachery Station,12.9815,80.218,32,8,22.7,77.1,32.1,Car
2026-01-02,19,Anna Nagar Station,13.085,80.2101,47,2,30.9,100.0,29.3,Car
2026-01-02,19,Egmore Station,13.0732,80.2609,41,4,19.0,92.4,31.0,Bike
2026-01-02,19,Tambaram Station,12.9249,80.1,45,21,17.1,71.6,30.8,Bike
2026-01-02,19,Porur Station,13.038,80.1565,34,2,28.0,90.3,22.9,Bike
2026-01-02,19,OMR Station,12.9352,80.23,51,11,39.4,84.8,29.0,Bike
2026-01-02,20,Central Station,13.0827,80.2707,24,14,26.1,64.2,31.8,Car
2026-01-02,20,Guindy Station,13.0067,80.2206,41,2,29.3,98.1,32.3,Bike
2026-01-02,20,T Nagar Station,13.0418,80.2341,35,24,20.6,58.4,25.0,Car
2026-01-02,20,Adyar Station,13.0012,80.2565,19,20,29.9,45.0,29.0,Bike
2026-01-02,20,Velachery Station,12.9815,80.218,16,5,34.0,71.5,23.0,Bike
2026-01-02,20,Anna Nagar Station,13.085,80.2101,14,19,19.1,42.0,28.5,Bike
2026-01-02,20,Egmore Station,13.0732,80.2609,11,8,15.5,57.1,30.8,Bike
2026-01-02,20,Tambaram Station,12.9249,80.1,28,27,32.5,42.5,27.1,Bike
2026-01-02,20,Porur Station,13.038,80.1565,21,25,24.8,45.5,30.3,Bike
2026-01-02,20,OMR Station,12.9352,80.23,27,13,26.9,65.3,29.2,Bike
2026-01-02,21,Central Station,13.0827,80.2707,6,20,17.7,17.6,29.4,Car
2026-01-02,21,Guindy Station,13.0067,80.2206,8,28,25.6,22.9,29.5,Bike
2026-01-02,21,T Nagar Station,13.0418,80.2341,10,21,26.3,24.4,26.1,Bike
2026-01-02,21,Adyar Station,13.0012,80.2565,19,15,11.4,59.1,31.0,Bike
2026-01-02,21,Velachery Station,12.9815,80.218,14,29,29.9,31.7,28.1,Bike
2026-01-02,21,Anna Nagar Station,13.085,80.2101,14,4,32.8,72.4,30.2,Bike
2026-01-02,21,Egmore Station,13.0732,80.2609,14,20,28.0,36.7,32.7,Bike
2026-01-02,21,Tambaram Station,12.9249,80.1,17,7,15.1,84.1,25.0,Bike
2026-01-02,21,Porur Station,13.038,80.1565,7,17,36.4,25.8,29.7,Bike
2026-01-02,21,OMR Station,12.9352,80.23,11,20,15.8,36.6,28.5,Bike
2026-01-02,22,Central Station,13.0827,80.2707,4,30,19.4,22.2,26.0,Car
2026-01-02,22,Guindy Station,13.0067,80.2206,23,15,25.6,49.5,24.4,Bike
2026-01-02,22,T Nagar Station,13.0418,80.2341,18,18,24.6,44.9,27.1,Bike
2026-01-02,22,Adyar Station,13.0012,80.2565,9,18,8.0,36.9,26.9,Bike
2026-01-02,22,Velachery Station,12.9815,80.218,13,24,31.6,40.9,27.9,Bike
2026-01-02,22,Anna Nagar Station,13.085,80.2101,21,16,13.9,58.9,27.7,Bike
2026-01-02,22,Egmore Station,13.0732,80.2609,14,5,27.1,72.6,26.9,Bike
2026-01-02,22,Tambaram Station,12.9249,80.1,9,10,12.6,49.7,23.9,Bike
2026-01-02,22,Porur Station,13.038,80.1565,15,19,28.3,40.5,30.5,Car
2026-01-02,22,OMR Station,12.9352,80.23,12,30,23.5,20.5,27.2,Bike
2026-01-03,6,Central Station,13.0827,80.2707,4,30,18.7,15.9,28.9,Bike
2026-01-03,6,Guindy Station,13.0067,80.2206,13,24,15.3,42.5,28.1,Bike
2026-01-03,6,T Nagar Station,13.0418,80.2341,19,22,32.7,48.5,36.2,Bike
2026-01-03,6,Adyar Station,13.0012,80.2565,17,24,27.5,36.4,30.0,Car
2026-01-03,6,Velachery Station,12.9815,80.218,11,18,11.6,33.1,32.3,Bike
2026-01-03,6,Anna Nagar Station,13.085,80.2101,15,25,24.1,35.9,30.0,Car
2026-01-03,6,Egmore Station,13.0732,80.2609,13,14,22.8,47.3,29.9,Bike
2026-01-03,6,Tambaram Station,12.9249,80.1,10,19,19.4,33.9,31.4,Bike
2026-01-03,6,Porur Station,13.038,80.1565,11,27,26.4,16.8,29.1,Bike
2026-01-03,6,OMR Station,12.9352,80.23,11,15,19.7,43.3,29.7,Bike
2026-01-03,7,Central Station,13.0827,80.2707,33,7,25.1,83.5,28.6,Bike
2026-01-03,7,Guindy Station,13.0067,80.2206,22,8,17.2,59.2,29.6,Bike
2026-01-03,7,T Nagar Station,13.0418,80.2341,38,6,28.4,92.5,28.5,Car
2026-01-03,7,Adyar Station,13.0012,80.2565,34,20,21.7,61.6,30.6,Bike
2026-01-03,7,Velachery Station,12.9815,80.218,26,8,21.0,82.8,31.9,Bike
2026-01-03,7,Anna Nagar Station,13.085,80.2101,26,22,21.6,55.1,29.1,Bike
2026-01-03,7,Egmore Station,13.0732,80.2609,17,24,27.6,32.7,29.9,Car
2026-01-03,7,Tambaram Station,12.9249,80.1,29,1,22.7,95.6,21.6,Bike
2026-01-03,7,Porur Station,13.038,80.1565,31,10,27.1,82.7,27.8,Bike
2026-01-03,7,OMR Station,12.9352,80.23,31,25,34.8,56.5,32.8,Bike
2026-01-03,8,Central Station,13.0827,80.2707,38,3,25.3,83.2,27.3,Bike
2026-01-03,8,Guindy Station,13.0067,80.2206,20,18,13.7,62.0,31.9,Bike
2026-01-03,8,T Nagar Station,13.0418,80.2341,20,27,25.7,37.9,27.5,Bike
2026-01-03,8,Adyar Station,13.0012,80.2565,26,15,12.5,64.3,28.2,Bike
2026-01-03,8,Velachery Station,12.9815,80.218,27,15,25.6,71.6,30.5,Bike
2026-01-03,8,Anna Nagar Station,13.085,80.2101,37,22,25.8,64.7,33.7,Bike
2026-01-03,8,Egmore Station,13.0732,80.2609,21,12,35.0,59.6,25.7,Car
2026-01-03,8,Tambaram Station,12.9249,80.1,40,23,21.3,59.3,35.8,Bike
2026-01-03,8,Porur Station,13.038,80.1565,49,20,18.5,68.4,30.2,Bike
2026-01-03,8,OMR Station,12.9352,80.23,39,0,25.3,99.0,25.8,Bike
2026-01-03,9,Central Station,13.0827,80.2707,29,10,26.8,76.6,30.6,Bike
2026-01-03,9,Guindy Station,13.0067,80.2206,24,17,18.3,61.3,29.2,Bike
2026-01-03,9,T Nagar Station,13.0418,80.2341,32,18,12.7,61.5,27.8,Bike
2026-01-03,9,Adyar Station,13.0012,80.2565,25,27,19.9,54.9,26.5,Bike
2026-01-03,9,Velachery Station,12.9815,80.218,41,0,15.3,100.0,25.6,Bike
2026-01-03,9,Anna Nagar Station,13.085,80.2101,54,15,26.5,83.9,30.5,Car
2026-01-03,9,Egmore Station,13.0732,80.2609,28,23,27.3,52.6,30.3,Bike
2026-01-03,9,Tambaram Station,12.9249,80.1,31,6,13.8,77.1,24.7,Bike
2026-01-03,9,Porur Station,13.038,80.1565,17,28,19.3,43.7,27.7,Bike
2026-01-03,9,OMR Station,12.9352,80.23,41,0,35.3,96.4,27.7,Car
2026-01-03,10,Central Station,13.0827,80.2707,33,0,29.2,100.0,28.9,Bike
2026-01-03,10,Guindy Station,13.0067,80.2206,8,24,37.9,15.9,27.2,Car
2026-01-03,10,T Nagar Station,13.0418,80.2341,30,6,22.0,81.8,32.8,Bike
2026-01-03,10,Adyar Station,13.0012,80.2565,23,14,30.9,55.9,30.6,Bike
2026-01-03,10,Velachery Station,12.9815,80.218,19,29,21.8,26.6,30.1,Car
2026-01-03,10,Anna Nagar Station,13.085,80.2101,17,6,32.5,65.0,30.5,Bike
2026-01-03,10,Egmore Station,13.0732,80.2609,20,11,8.5,61.1,29.6,Car
2026-01-03,10,Tambaram Station,12.9249,80.1,22,23,22.9,52.3,26.1,Bike
2026-01-03,10,Porur Station,13.038,80.1565,18,7,33.8,76.3,31.2,Bike
2026-01-03,10,OMR Station,12.9352,80.23,36,15,12.0,64.1,24.1,Bike
2026-01-03,11,Central Station,13.0827,80.2707,8,16,33.8,31.7,36.4,Bike
2026-01-03,11,Guindy Station,13.0067,80.2206,21,22,17.0,56.1,30.4,Bike
2026-01-03,11,T Nagar Station,13.0418,80.2341,21,25,22.7,43.9,28.4,Bike
2026-01-03,11,Adyar Station,13.0012,80.2565,10,11,27.5,45.5,32.3,Bike
2026-01-03,11,Velachery Station,12.9815,80.218,9,10,16.3,42.7,30.9,Bike
2026-01-03,11,Anna Nagar Station,13.085,80.2101,19,25,35.7,33.8,31.0,Bike
2026-01-03,11,Egmore Station,13.0732,80.2609,11,22,29.9,34.6,28.5,Bike
2026-01-03,11,Tambaram Station,12.9249,80.1,1,33,21.5,12.4,29.5,Bike
2026-01-03,11,Porur Station,13.038,80.1565,11,31,19.4,21.0,29.4,Car
2026-01-03,11,OMR Station,12.9352,80.23,8,9,25.6,39.6,32.5,Car
2026-01-03,12,Central Station,13.0827,80.2707,8,28,20.7,28.3,30.3,Car
2026-01-03,12,Guindy Station,13.0067,80.2206,16,4,20.5,71.1,30.7,Bike
2026-01-03,12,T Nagar Station,13.0418,80.2341,8,30,31.8,22.4,32.3,Bike
2026-01-03,12,Adyar Station,13.0012,80.2565,3,25,12.0,10.0,30.1,Bike
2026-01-03,12,Velachery Station,12.9815,80.218,11,26,27.5,26.9,30.5,Car
2026-01-03,12,Anna Nagar Station,13.085,80.2101,16,13,17.3,57.2,29.4,Bike
2026-01-03,12,Egmore Station,13.0732,80.2609,9,22,26.7,25.8,34.6,Bike
2026-01-03,12,Tambaram Station,12.9249,80.1,14,5,19.1,64.9,29.1,Bike
2026-01-03,12,Porur Station,13.038,80.1565,9,27,27.0,24.6,30.1,Bike
2026-01-03,12,OMR Station,12.9352,80.23,10,6,23.4,68.4,32.5,Bike
2026-01-03,13,Central Station,13.0827,80.2707,5,7,25.2,40.6,30.3,Bike
2026-01-03,13,Guindy Station,13.0067,80.2206,4,7,23.0,36.6,28.7,Bike
2026-01-03,13,T Nagar Station,13.0418,80.2341,11,10,34.2,52.3,29.0,Bike
2026-01-03,13,Adyar Station,13.0012,80.2565,14,12,12.8,55.2,24.9,Bike
2026-01-03,13,Velachery Station,12.9815,80.218,16,20,25.8,39.6,23.9,Bike
2026-01-03,13,Anna Nagar Station,13.085,80.2101,3,22,25.7,15.8,28.5,Bike
2026-01-03,13,Egmore Station,13.0732,80.2609,8,19,29.2,31.3,22.0,Bike
2026-01-03,13,Tambaram Station,12.9249,80.1,19,19,18.7,50.8,31.8,Bike
2026-01-03,13,Porur Station,13.038,80.1565,16,29,33.5,39.7,26.4,Bike
2026-01-03,13,OMR Station,12.9352,80.23,3,21,24.8,10.1,24.2,Bike
2026-01-03,14,Central Station,13.0827,80.2707,1,17,35.4,10.0,29.5,Bike
2026-01-03,14,Guindy Station,13.0067,80.2206,14,4,16.9,85.2,29.8,Car
2026-01-03,14,T Nagar Station,13.0418,80.2341,19,22,25.2,53.1,28.8,Bike
2026-01-03,14,Adyar Station,13.0012,80.2565,14,26,12.4,39.3,26.9,Bike
2026-01-03,14,Velachery Station,12.9815,80.218,17,7,22.2,65.1,25.4,Bike
2026-01-03,14,Anna Nagar Station,13.085,80.2101,7,14,16.4,34.9,23.0,Car
2026-01-03,14,Egmore Station,13.0732,80.2609,15,28,9.5,23.3,26.3,Bike
2026-01-03,14,Tambaram Station,12.9249,80.1,18,19,21.9,51.7,30.7,Bike
2026-01-03,14,Porur Station,13.038,80.1565,9,5,24.4,59.3,24.2,Bike
2026-01-03,14,OMR Station,12.9352,80.23,16,22,15.2,42.6,24.9,Bike
2026-01-03,15,Central Station,13.0827,80.2707,13,22,19.4,43.1,27.1,Bike
2026-01-03,15,Guindy Station,13.0067,80.2206,5,6,33.9,54.8,30.7,Bike
2026-01-03,15,T Nagar Station,13.0418,80.2341,3,19,16.6,15.3,32.3,Bike
2026-01-03,15,Adyar Station,13.0012,80.2565,14,10,37.5,60.5,27.1,Bike
2026-01-03,15,Velachery Station,12.9815,80.218,11,30,31.8,13.4,30.3,Bike
2026-01-03,15,Anna Nagar Station,13.085,80.2101,19,5,30.0,89.3,32.4,Bike
2026-01-03,15,Egmore Station,13.0732,80.2609,22,26,24.9,44.5,30.5,Bike
2026-01-03,15,Tambaram Station,12.9249,80.1,16,22,45.9,38.1,29.3,Bike
2026-01-03,15,Porur Station,13.038,80.1565,5,13,23.4,24.7,30.1,Bike
2026-01-03,15,OMR Station,12.9352,80.23,11,18,23.3,34.8,28.9,Bike
2026-01-03,16,Central Station,13.0827,80.2707,19,29,21.2,45.1,28.3,Car
2026-01-03,16,Guindy Station,13.0067,80.2206,13,28,34.6,23.4,35.0,Bike
2026-01-03,16,T Nagar Station,13.0418,80.2341,20,28,28.4,45.0,26.7,Bike
2026-01-03,16,Adyar Station,13.0012,80.2565,7,31,12.7,19.4,30.4,Bike
2026-01-03,16,Velachery Station,12.9815,80.218,8,15,32.1,31.0,24.4,Bike
2026-01-03,16,Anna Nagar Station,13.085,80.2101,14,11,16.9,61.2,30.4,Car
2026-01-03,16,Egmore Station,13.0732,80.2609,7,22,24.2,18.9,30.2,Bike
2026-01-03,16,Tambaram Station,12.9249,80.1,18,8,27.8,80.2,31.1,Bike
2026-01-03,16,Porur Station,13.038,80.1565,11,25,24.8,25.5,31.6,Bike
2026-01-03,16,OMR Station,12.9352,80.23,16,7,27.8,71.3,29.4,Car
2026-01-03,17,Central Station,13.0827,80.2707,13,11,27.2,55.9,24.8,Bike
2026-01-03,17,Guindy Station,13.0067,80.2206,32,13,33.9,69.5,31.7,Car
2026-01-03,17,T Nagar Station,13.0418,80.2341,17,10,25.9,65.3,24.9,Bike
2026-01-03,17,Adyar Station,13.0012,80.2565,40,13,15.8,70.4,28.8,Bike
2026-01-03,17,Velachery Station,12.9815,80.218,34,14,23.7,65.7,32.8,Bike
2026-01-03,17,Anna Nagar Station,13.085,80.2101,17,21,13.3,45.5,29.6,Bike
2026-01-03,17,Egmore Station,13.0732,80.2609,20,27,26.9,45.1,25.3,Car
2026-01-03,17,Tambaram Station,12.9249,80.1,33,25,13.5,44.3,25.4,Bike
2026-01-03,17,Porur Station,13.038,80.1565,35,12,23.6,74.1,27.5,Bike
2026-01-03,17,OMR Station,12.9352,80.23,31,26,25.1,59.4,33.5,Bike
2026-01-03,18,Central Station,13.0827,80.2707,49,0,28.2,100.0,26.9,Bike
2026-01-03,18,Guindy Station,13.0067,80.2206,42,14,23.5,82.8,32.1,Car
2026-01-03,18,T Nagar Station,13.0418,80.2341,48,19,27.9,77.6,30.4,Bike
2026-01-03,18,Adyar Station,13.0012,80.2565,25,22,31.8,51.3,30.0,Bike
2026-01-03,18,Velachery Station,12.9815,80.218,46,11,25.8,84.9,34.4,Bike
2026-01-03,18,Anna Nagar Station,13.085,80.2101,35,21,34.4,67.0,27.6,Car
2026-01-03,18,Egmore Station,13.0732,80.2609,51,17,16.8,77.9,30.0,Bike
2026-01-03,18,Tambaram Station,12.9249,80.1,35,21,22.6,70.7,26.5,Car
2026-01-03,18,Porur Station,13.038,80.1565,52,1,25.8,94.8,27.4,Bike
2026-01-03,18,OMR Station,12.9352,80.23,28,5,8.0,76.3,28.1,Car
2026-01-03,19,Central Station,13.0827,80.2707,32,23,28.1,56.3,27.8,Bike
2026-01-03,19,Guindy Station,13.0067,80.2206,34,4,26.3,89.3,27.0,Bike
2026-01-03,19,T Nagar Station,13.0418,80.2341,36,4,26.1,86.5,32.5,Bike
2026-01-03,19,Adyar Station,13.0012,80.2565,33,15,11.6,70.3,29.4,Bike
2026-01-03,19,Velachery Station,12.9815,80.218,27,22,14.3,57.8,34.4,Bike
2026-01-03,19,Anna Nagar Station,13.085,80.2101,22,16,28.1,64.0,29.9,Car
2026-01-03,19,Egmore Station,13.0732,80.2609,18,11,37.9,45.4,25.1,Car
2026-01-03,19,Tambaram Station,12.9249,80.1,26,16,22.2,59.3,23.6,Bike
2026-01-03,19,Porur Station,13.038,80.1565,28,25,15.2,58.3,29.6,Bike
2026-01-03,19,OMR Station,12.9352,80.23,25,27,25.2,49.2,26.2,Bike
2026-01-03,20,Central Station,13.0827,80.2707,11,6,20.2,65.8,32.0,Bike
2026-01-03,20,Guindy Station,13.0067,80.2206,25,3,20.1,95.5,26.9,Bike
2026-01-03,20,T Nagar Station,13.0418,80.2341,18,11,17.2,62.7,24.5,Bike
2026-01-03,20,Adyar Station,13.0012,80.2565,16,16,32.6,46.2,26.9,Bike
2026-01-03,20,Velachery Station,12.9815,80.218,26,18,17.6,62.6,30.0,Car
2026-01-03,20,Anna Nagar Station,13.085,80.2101,18,27,9.2,44.3,34.1,Bike
2026-01-03,20,Egmore Station,13.0732,80.2609,33,16,25.2,73.2,28.4,Bike
2026-01-03,20,Tambaram Station,12.9249,80.1,31,19,9.1,60.1,35.6,Bike
2026-01-03,20,Porur Station,13.038,80.1565,39,6,20.8,85.2,30.4,Bike
2026-01-03,20,OMR Station,12.9352,80.23,9,16,16.1,33.2,30.5,Bike
2026-01-03,21,Central Station,13.0827,80.2707,12,15,27.4,42.2,33.3,Bike
2026-01-03,21,Guindy Station,13.0067,80.2206,8,31,28.2,23.9,35.0,Car
2026-01-03,21,T Nagar Station,13.0418,80.2341,4,19,16.6,17.9,33.4,Bike
2026-01-03,21,Adyar Station,13.0012,80.2565,1,27,19.4,10.0,30.3,Car
2026-01-03,21,Velachery Station,12.9815,80.218,13,5,27.8,79.1,34.5,Bike
2026-01-03,21,Anna Nagar Station,13.085,80.2101,21,15,34.3,55.0,32.1,Bike
2026-01-03,21,Egmore Station,13.0732,80.2609,7,29,24.2,22.6,28.9,Bike
2026-01-03,21,Tambaram Station,12.9249,80.1,15,27,17.1,32.5,23.5,Car
2026-01-03,21,Porur Station,13.038,80.1565,6,15,12.6,29.9,31.7,Bike
2026-01-03,21,OMR Station,12.9352,80.23,15,5,36.2,73.1,32.4,Bike
2026-01-03,22,Central Station,13.0827,80.2707,12,5,16.3,78.9,28.2,Car
2026-01-03,22,Guindy Station,13.0067,80.2206,21,7,36.0,76.6,29.9,Bike
2026-01-03,22,T Nagar Station,13.0418,80.2341,11,29,22.3,19.5,25.9,Bike
2026-01-03,22,Adyar Station,13.0012,80.2565,17,20,32.8,55.4,30.2,Bike
2026-01-03,22,Velachery Station,12.9815,80.218,14,8,27.5,60.0,28.8,Bike
2026-01-03,22,Anna Nagar Station,13.085,80.2101,9,5,19.2,68.7,34.0,Car
2026-01-03,22,Egmore Station,13.0732,80.2609,7,27,28.1,27.4,28.4,Bike
2026-01-03,22,Tambaram Station,12.9249,80.1,16,25,20.7,41.8,25.5,Bike
2026-01-03,22,Porur Station,13.038,80.1565,17,19,20.7,44.8,30.8,Bike
2026-01-03,22,OMR Station,12.9352,80.23,14,17,18.0,45.8,32.0,Bike
2026-01-04,6,Central Station,13.0827,80.2707,13,30,27.2,26.7,32.2,Bike
2026-01-04,6,Guindy Station,13.0067,80.2206,7,28,25.6,17.5,29.6,Bike
2026-01-04,6,T Nagar Station,13.0418,80.2341,23,19,15.3,55.1,30.8,Bike
2026-01-04,6,Adyar Station,13.0012,80.2565,12,19,18.7,41.8,30.0,Bike
2026-01-04,6,Velachery Station,12.9815,80.218,13,6,28.7,74.2,28.5,Car
2026-01-04,6,Anna Nagar Station,13.085,80.2101,24,7,21.5,83.2,33.4,Bike
2026-01-04,6,Egmore Station,13.0732,80.2609,18,18,11.7,44.0,28.6,Car
2026-01-04,6,Tambaram Station,12.9249,80.1,7,16,13.0,26.1,26.2,Car
2026-01-04,6,Porur Station,13.038,80.1565,15,6,34.0,70.1,27.7,Bike
2026-01-04,6,OMR Station,12.9352,80.23,13,16,27.9,46.1,28.4,Bike
2026-01-04,7,Central Station,13.0827,80.2707,22,10,32.5,72.1,24.2,Bike
2026-01-04,7,Guindy Station,13.0067,80.2206,15,7,29.8,62.6,27.3,Bike
2026-01-04,7,T Nagar Station,13.0418,80.2341,13,25,22.8,30.7,32.1,Car
2026-01-04,7,Adyar Station,13.0012,80.2565,4,33,14.4,10.0,31.2,Bike
2026-01-04,7,Velachery Station,12.9815,80.218,10,29,15.5,28.9,32.1,Bike
2026-01-04,7,Anna Nagar Station,13.085,80.2101,19,13,22.4,61.8,28.4,Car
2026-01-04,7,Egmore Station,13.0732,80.2609,22,4,23.8,85.0,28.3,Bike
2026-01-04,7,Tambaram Station,12.9249,80.1,21,11,18.3,57.0,34.0,Car
2026-01-04,7,Porur Station,13.038,80.1565,12,19,19.0,41.1,28.7,Bike
2026-01-04,7,OMR Station,12.9352,80.23,23,18,21.8,59.3,27.9,Car
2026-01-04,8,Central Station,13.0827,80.2707,35,21,30.0,65.9,27.2,Bike
2026-01-04,8,Guindy Station,13.0067,80.2206,21,16,36.4,50.6,29.8,Bike
2026-01-04,8,T Nagar Station,13.0418,80.2341,19,22,27.2,42.2,33.3,Bike
2026-01-04,8,Adyar Station,13.0012,80.2565,42,9,21.3,87.7,27.8,Bike
2026-01-04,8,Velachery Station,12.9815,80.218,15,22,18.7,44.9,30.5,Car
2026-01-04,8,Anna Nagar Station,13.085,80.2101,52,12,27.7,81.9,28.4,Bike
2026-01-04,8,Egmore Station,13.0732,80.2609,18,12,22.6,61.2,20.6,Bike
2026-01-04,8,Tambaram Station,12.9249,80.1,33,23,31.8,70.3,29.8,Car
2026-01-04,8,Porur Station,13.038,80.1565,9,6,9.5,63.6,23.9,Car
2026-01-04,8,OMR Station,12.9352,80.23,37,21,21.3,64.9,33.3,Bike
2026-01-04,9,Central Station,13.0827,80.2707,35,8,19.3,83.7,33.4,Bike
2026-01-04,9,Guindy Station,13.0067,80.2206,50,6,27.2,84.3,28.5,Bike
2026-01-04,9,T Nagar Station,13.0418,80.2341,26,13,29.3,72.9,33.4,Bike
2026-01-04,9,Adyar Station,13.0012,80.2565,39,15,22.1,70.8,23.2,Car
2026-01-04,9,Velachery Station,12.9815,80.218,31,15,27.3,67.8,28.7,Bike
2026-01-04,9,Anna Nagar Station,13.085,80.2101,17,27,17.9,39.6,32.3,Bike
2026-01-04,9,Egmore Station,13.0732,80.2609,35,22,25.2,64.5,28.8,Bike
2026-01-04,9,Tambaram Station,12.9249,80.1,19,16,31.3,46.3,32.1,Car
2026-01-04,9,Porur Station,13.038,80.1565,48,8,25.8,81.3,27.4,Bike
2026-01-04,9,OMR Station,12.9352,80.23,26,14,16.6,60.5,33.0,Bike
2026-01-04,10,Central Station,13.0827,80.2707,28,5,8.0,83.8,26.9,Bike
2026-01-04,10,Guindy Station,13.0067,80.2206,24,20,33.5,61.2,30.2,Bike
2026-01-04,10,T Nagar Station,13.0418,80.2341,5,30,34.5,12.1,22.3,Bike
2026-01-04,10,Adyar Station,13.0012,80.2565,21,17,22.7,52.5,32.5,Bike
2026-01-04,10,Velachery Station,12.9815,80.218,36,6,23.8,81.8,28.3,Bike
2026-01-04,10,Anna Nagar Station,13.085,80.2101,10,24,26.4,34.6,32.0,Car
2026-01-04,10,Egmore Station,13.0732,80.2609,38,10,34.1,84.8,31.7,Bike
2026-01-04,10,Tambaram Station,12.9249,80.1,33,17,26.4,67.4,25.0,Bike
2026-01-04,10,Porur Station,13.038,80.1565,45,4,19.5,92.8,26.8,Bike
2026-01-04,10,OMR Station,12.9352,80.23,28,11,22.9,71.8,27.7,Bike
2026-01-04,11,Central Station,13.0827,80.2707,22,2,31.6,91.9,30.7,Bike
2026-01-04,11,Guindy Station,13.0067,80.2206,22,5,14.6,84.5,26.7,Bike
2026-01-04,11,T Nagar Station,13.0418,80.2341,13,24,28.9,33.3,29.0,Bike
2026-01-04,11,Adyar Station,13.0012,80.2565,16,20,35.4,38.5,32.8,Bike
2026-01-04,11,Velachery Station,12.9815,80.218,9,15,21.6,37.1,30.5,Bike
2026-01-04,11,Anna Nagar Station,13.085,80.2101,19,5,18.9,68.8,27.4,Bike
2026-01-04,11,Egmore Station,13.0732,80.2609,17,8,23.8,75.9,26.1,Bike
2026-01-04,11,Tambaram Station,12.9249,80.1,16,28,8.3,37.2,31.0,Car
2026-01-04,11,Porur Station,13.038,80.1565,9,20,18.6,22.1,34.0,Bike
2026-01-04,11,OMR Station,12.9352,80.23,7,9,17.5,39.5,31.5,Bike
2026-01-04,12,Central Station,13.0827,80.2707,5,8,21.1,36.8,28.0,Bike
2026-01-04,12,Guindy Station,13.0067,80.2206,20,16,18.5,54.2,28.6,Car
2026-01-04,12,T Nagar Station,13.0418,80.2341,6,9,16.0,42.4,36.6,Bike
2026-01-04,12,Adyar Station,13.0012,80.2565,22,23,26.2,60.2,28.3,Car
2026-01-04,12,Velachery Station,12.9815,80.218,14,4,19.7,72.9,24.6,Bike
2026-01-04,12,Anna Nagar Station,13.085,80.2101,30,4,27.7,90.2,28.0,Bike
2026-01-04,12,Egmore Station,13.0732,80.2609,8,26,29.9,33.5,27.0,Bike
2026-01-04,12,Tambaram Station,12.9249,80.1,22,13,25.5,64.7,30.2,Car
2026-01-04,12,Porur Station,13.038,80.1565,14,20,32.5,37.4,29.5,Bike
2026-01-04,12,OMR Station,12.9352,80.23,1,27,13.4,10.0,29.2,Bike
2026-01-04,13,Central Station,13.0827,80.2707,23,14,37.5,64.3,30.8,Car
2026-01-04,13,Guindy Station,13.0067,80.2206,4,13,29.2,17.4,28.9,Bike
2026-01-04,13,T Nagar Station,13.0418,80.2341,9,10,33.9,32.7,35.7,Bike
2026-01-04,13,Adyar Station,13.0012,80.2565,19,5,23.9,79.8,27.3,Bike
2026-01-04,13,Velachery Station,12.9815,80.218,14,24,18.4,47.4,31.3,Bike
2026-01-04,13,Anna Nagar Station,13.085,80.2101,8,22,39.8,18.5,29.9,Bike
2026-01-04,13,Egmore Station,13.0732,80.2609,17,27,30.5,37.0,26.5,Bike
2026-01-04,13,Tambaram Station,12.9249,80.1,14,22,27.5,44.6,27.3,Bike
2026-01-04,13,Porur Station,13.038,80.1565,18,27,24.4,47.7,31.5,Bike
2026-01-04,13,OMR Station,12.9352,80.23,13,25,22.5,27.9,31.0,Bike
2026-01-04,14,Central Station,13.0827,80.2707,18,17,23.7,61.5,26.5,Bike
2026-01-04,14,Guindy Station,13.0067,80.2206,19,14,24.4,69.1,29.0,Bike
2026-01-04,14,T Nagar Station,13.0418,80.2341,24,28,17.9,48.1,22.6,Bike
2026-01-04,14,Adyar Station,13.0012,80.2565,15,9,38.5,65.0,22.0,Car
2026-01-04,14,Velachery Station,12.9815,80.218,22,14,28.4,58.2,26.0,Bike
2026-01-04,14,Anna Nagar Station,13.085,80.2101,16,16,35.6,57.5,35.1,Bike
2026-01-04,14,Egmore Station,13.0732,80.2609,18,20,35.2,46.5,24.5,Bike
2026-01-04,14,Tambaram Station,12.9249,80.1,14,28,18.3,36.6,32.0,Bike
2026-01-04,14,Porur Station,13.038,80.1565,7,27,19.8,29.6,25.1,Bike
2026-01-04,14,OMR Station,12.9352,80.23,22,7,22.8,74.5,27.7,Bike
2026-01-04,15,Central Station,13.0827,80.2707,7,29,14.9,15.0,28.5,Bike
2026-01-04,15,Guindy Station,13.0067,80.2206,6,30,31.5,21.8,25.1,Car
2026-01-04,15,T Nagar Station,13.0418,80.2341,13,13,18.0,47.1,27.1,Bike
2026-01-04,15,Adyar Station,13.0012,80.2565,20,8,11.2,68.0,29.9,Car
2026-01-04,15,Velachery Station,12.9815,80.218,7,29,24.7,25.6,28.3,Bike
2026-01-04,15,Anna Nagar Station,13.085,80.2101,15,7,28.2,63.9,25.9,Bike
2026-01-04,15,Egmore Station,13.0732,80.2609,18,20,13.6,47.7,29.7,Bike
2026-01-04,15,Tambaram Station,12.9249,80.1,11,12,31.0,40.8,32.7,Bike
2026-01-04,15,Porur Station,13.038,80.1565,11,17,21.4,37.3,25.4,Bike
2026-01-04,15,OMR Station,12.9352,80.23,8,29,31.6,22.5,31.4,Car
2026-01-04,16,Central Station,13.0827,80.2707,19,27,22.0,39.1,26.8,Bike
2026-01-04,16,Guindy Station,13.0067,80.2206,19,9,30.3,74.8,31.9,Bike
2026-01-04,16,T Nagar Station,13.0418,80.2341,15,8,17.4,62.7,25.2,Bike
2026-01-04,16,Adyar Station,13.0012,80.2565,18,14,27.7,48.7,26.0,Bike
2026-01-04,16,Velachery Station,12.9815,80.218,19,20,19.8,53.7,27.7,Car
2026-01-04,16,Anna Nagar Station,13.085,80.2101,12,28,27.0,28.0,29.0,Bike
2026-01-04,16,Egmore Station,13.0732,80.2609,9,6,24.2,59.9,29.1,Bike
2026-01-04,16,Tambaram Station,12.9249,80.1,13,23,28.1,40.8,27.4,Car
2026-01-04,16,Porur Station,13.038,80.1565,19,26,30.1,48.5,34.0,Bike
2026-01-04,16,OMR Station,12.9352,80.23,15,30,22.9,33.0,29.4,Bike
2026-01-04,17,Central Station,13.0827,80.2707,28,4,34.0,78.8,31.6,Bike
2026-01-04,17,Guindy Station,13.0067,80.2206,32,19,26.6,62.0,31.5,Bike
2026-01-04,17,T Nagar Station,13.0418,80.2341,27,17,33.8,57.5,28.2,Bike
2026-01-04,17,Adyar Station,13.0012,80.2565,26,27,22.5,54.4,33.9,Bike
2026-01-04,17,Velachery Station,12.9815,80.218,17,4,26.4,78.3,33.6,Bike
2026-01-04,17,Anna Nagar Station,13.085,80.2101,38,12,24.3,69.2,25.7,Bike
2026-01-04,17,Egmore Station,13.0732,80.2609,18,27,31.3,39.1,29.2,Bike
2026-01-04,17,Tambaram Station,12.9249,80.1,42,0,21.3,95.8,30.7,Bike
2026-01-04,17,Porur Station,13.038,80.1565,12,10,27.8,58.8,28.1,Bike
2026-01-04,17,OMR Station,12.9352,80.23,35,7,10.4,76.3,28.3,Bike
2026-01-04,18,Central Station,13.0827,80.2707,12,6,24.8,67.4,28.6,Car
2026-01-04,18,Guindy Station,13.0067,80.2206,10,22,31.7,31.9,28.8,Bike
2026-01-04,18,T Nagar Station,13.0418,80.2341,30,17,20.8,72.1,28.5,Bike
2026-01-04,18,Adyar Station,13.0012,80.2565,31,21,27.0,61.0,29.4,Bike
2026-01-04,18,Velachery Station,12.9815,80.218,23,27,27.4,47.1,29.6,Car
2026-01-04,18,Anna Nagar Station,13.085,80.2101,33,7,12.0,85.8,27.8,Bike
2026-01-04,18,Egmore Station,13.0732,80.2609,23,8,16.2,75.4,25.5,Bike
2026-01-04,18,Tambaram Station,12.9249,80.1,14,14,10.0,49.9,32.2,Bike
2026-01-04,18,Porur Station,13.038,80.1565,14,21,30.8,34.7,26.3,Bike
2026-01-04,18,OMR Station,12.9352,80.23,38,21,26.0,59.6,25.9,Bike
2026-01-04,19,Central Station,13.0827,80.2707,46,1,20.7,100.0,28.3,Bike
2026-01-04,19,Guindy Station,13.0067,80.2206,25,4,22.3,83.0,26.8,Bike
2026-01-04,19,T Nagar Station,13.0418,80.2341,46,0,15.2,97.4,26.8,Bike
2026-01-04,19,Adyar Station,13.0012,80.2565,19,3,36.3,87.2,25.9,Bike
2026-01-04,19,Velachery Station,12.9815,80.218,42,19,20.1,68.2,30.7,Bike
2026-01-04,19,Anna Nagar Station,13.085,80.2101,36,24,37.2,66.6,27.8,Bike
2026-01-04,19,Egmore Station,13.0732,80.2609,45,0,33.7,100.0,32.1,Car
2026-01-04,19,Tambaram Station,12.9249,80.1,26,20,33.0,49.5,33.5,Bike
2026-01-04,19,Porur Station,13.038,80.1565,18,19,37.1,51.0,29.3,Bike
2026-01-04,19,OMR Station,12.9352,80.23,51,3,35.7,100.0,30.0,Bike
2026-01-04,20,Central Station,13.0827,80.2707,19,6,8.0,63.1,31.0,Bike
2026-01-04,20,Guindy Station,13.0067,80.2206,12,20,29.0,34.5,25.3,Bike
2026-01-04,20,T Nagar Station,13.0418,80.2341,21,25,14.0,40.3,29.4,Bike
2026-01-04,20,Adyar Station,13.0012,80.2565,33,6,17.3,79.8,31.9,Bike
2026-01-04,20,Velachery Station,12.9815,80.218,17,18,25.1,52.6,24.7,Bike
2026-01-04,20,Anna Nagar Station,13.085,80.2101,25,18,32.3,71.5,29.7,Bike
2026-01-04,20,Egmore Station,13.0732,80.2609,19,21,22.6,47.4,26.9,Bike
2026-01-04,20,Tambaram Station,12.9249,80.1,28,21,27.8,48.1,30.9,Bike
2026-01-04,20,Porur Station,13.038,80.1565,18,5,22.5,69.9,32.6,Bike
2026-01-04,20,OMR Station,12.9352,80.23,10,20,20.0,40.1,24.1,Bike
2026-01-04,21,Central Station,13.0827,80.2707,5,14,27.4,24.6,28.8,Bike
2026-01-04,21,Guindy Station,13.0067,80.2206,5,8,35.7,38.0,31.1,Bike
2026-01-04,21,T Nagar Station,13.0418,80.2341,14,17,27.8,43.4,24.7,Bike
2026-01-04,21,Adyar Station,13.0012,80.2565,21,3,27.2,89.9,27.3,Bike
2026-01-04,21,Velachery Station,12.9815,80.218,17,16,27.1,42.2,32.1,Bike
2026-01-04,21,Anna Nagar Station,13.085,80.2101,4,24,23.9,19.3,27.9,Bike
2026-01-04,21,Egmore Station,13.0732,80.2609,20,21,14.6,53.0,28.4,Bike
2026-01-04,21,Tambaram Station,12.9249,80.1,22,16,16.3,51.9,28.7,Bike
2026-01-04,21,Porur Station,13.038,80.1565,9,12,11.2,46.0,23.9,Car
2026-01-04,21,OMR Station,12.9352,80.23,3,16,17.7,16.0,31.8,Bike
2026-01-04,22,Central Station,13.0827,80.2707,14,4,27.8,87.9,33.4,Bike
2026-01-04,22,Guindy Station,13.0067,80.2206,15,21,26.1,43.4,30.1,Bike
2026-01-04,22,T Nagar Station,13.0418,80.2341,4,17,16.9,25.9,34.4,Bike
2026-01-04,22,Adyar Station,13.0012,80.2565,8,9,21.1,49.8,27.9,Bike
2026-01-04,22,Velachery Station,12.9815,80.218,20,24,18.6,49.2,31.4,Bike
2026-01-04,22,Anna Nagar Station,13.085,80.2101,9,13,30.0,46.8,26.9,Bike
2026-01-04,22,Egmore Station,13.0732,80.2609,17,28,20.9,38.5,28.0,Bike
2026-01-04,22,Tambaram Station,12.9249,80.1,29,6,26.6,69.3,27.6,Bike
2026-01-04,22,Porur Station,13.038,80.1565,18,29,28.4,41.9,27.9,Bike
2026-01-04,22,OMR Station,12.9352,80.23,8,7,25.4,46.1,23.9,Bike
2026-01-05,6,Central Station,13.0827,80.2707,15,21,22.5,40.5,27.0,Bike
2026-01-05,6,Guindy Station,13.0067,80.2206,26,14,36.9,71.1,24.9,Car
2026-01-05,6,T Nagar Station,13.0418,80.2341,13,4,31.4,84.5,31.9,Bike
2026-01-05,6,Adyar Station,13.0012,80.2565,14,29,31.1,28.5,32.4,Bike
2026-01-05,6,Velachery Station,12.9815,80.218,6,30,19.2,10.5,30.0,Bike
2026-01-05,6,Anna Nagar Station,13.085,80.2101,23,28,21.1,46.4,28.3,Car
2026-01-05,6,Egmore Station,13.0732,80.2609,13,25,26.8,39.5,28.5,Bike
2026-01-05,6,Tambaram Station,12.9249,80.1,14,18,28.4,45.4,32.0,Car
2026-01-05,6,Porur Station,13.038,80.1565,11,19,16.0,40.5,32.9,Bike
2026-01-05,6,OMR Station,12.9352,80.23,15,7,16.7,71.0,25.5,Bike
2026-01-05,7,Central Station,13.0827,80.2707,29,6,12.8,80.9,28.6,Bike
2026-01-05,7,Guindy Station,13.0067,80.2206,16,13,27.1,54.9,28.0,Car
2026-01-05,7,T Nagar Station,13.0418,80.2341,31,4,20.1,87.5,31.8,Car
2026-01-05,7,Adyar Station,13.0012,80.2565,13,29,8.0,33.7,29.0,Bike
2026-01-05,7,Velachery Station,12.9815,80.218,13,8,15.2,65.2,31.9,Bike
2026-01-05,7,Anna Nagar Station,13.085,80.2101,32,21,19.5,66.4,28.0,Bike
2026-01-05,7,Egmore Station,13.0732,80.2609,34,23,35.7,65.4,27.2,Bike
2026-01-05,7,Tambaram Station,12.9249,80.1,20,12,20.2,58.1,25.2,Bike
2026-01-05,7,Porur Station,13.038,80.1565,29,2,23.0,100.0,31.9,Bike
2026-01-05,7,OMR Station,12.9352,80.23,20,25,12.6,43.0,29.8,Bike
2026-01-05,8,Central Station,13.0827,80.2707,27,23,10.3,55.3,31.0,Bike
2026-01-05,8,Guindy Station,13.0067,80.2206,37,13,36.1,62.2,28.0,Car
2026-01-05,8,T Nagar Station,13.0418,80.2341,40,20,23.8,65.1,30.8,Bike
2026-01-05,8,Adyar Station,13.0012,80.2565,41,14,24.8,76.8,32.5,Bike
2026-01-05,8,Velachery Station,12.9815,80.218,36,18,19.0,72.4,28.2,Bike
2026-01-05,8,Anna Nagar Station,13.085,80.2101,29,25,23.0,62.8,28.5,Car
2026-01-05,8,Egmore Station,13.0732,80.2609,42,13,24.4,72.1,27.7,Bike
2026-01-05,8,Tambaram Station,12.9249,80.1,27,8,15.1,75.1,29.3,Car
2026-01-05,8,Porur Station,13.038,80.1565,15,14,17.8,43.2,37.4,Bike
2026-01-05,8,OMR Station,12.9352,80.23,23,28,24.6,48.5,30.0,Car
2026-01-05,9,Central Station,13.0827,80.2707,41,1,21.4,98.8,26.2,Bike
2026-01-05,9,Guindy Station,13.0067,80.2206,47,4,19.6,100.0,28.3,Bike
2026-01-05,9,T Nagar Station,13.0418,80.2341,32,12,16.1,72.3,32.8,Bike
2026-01-05,9,Adyar Station,13.0012,80.2565,26,23,11.0,55.7,33.2,Car
2026-01-05,9,Velachery Station,12.9815,80.218,33,25,32.7,55.3,29.6,Bike
2026-01-05,9,Anna Nagar Station,13.085,80.2101,16,21,28.8,44.9,24.1,Bike
2026-01-05,9,Egmore Station,13.0732,80.2609,17,7,21.9,72.2,29.5,Bike
2026-01-05,9,Tambaram Station,12.9249,80.1,44,19,26.4,62.0,26.0,Bike
2026-01-05,9,Porur Station,13.038,80.1565,39,0,22.8,90.8,32.2,Car
2026-01-05,9,OMR Station,12.9352,80.23,16,13,18.9,56.0,36.1,Bike
2026-01-05,10,Central Station,13.0827,80.2707,29,26,20.8,53.8,26.2,Car
2026-01-05,10,Guindy Station,13.0067,80.2206,9,10,22.3,50.1,24.8,Bike
2026-01-05,10,T Nagar Station,13.0418,80.2341,17,6,15.3,71.5,32.3,Car
2026-01-05,10,Adyar Station,13.0012,80.2565,19,25,25.9,41.7,28.2,Bike
2026-01-05,10,Velachery Station,12.9815,80.218,23,26,15.5,47.4,34.3,Bike
2026-01-05,10,Anna Nagar Station,13.085,80.2101,30,3,24.3,89.1,32.6,Bike
2026-01-05,10,Egmore Station,13.0732,80.2609,12,30,19.4,25.0,24.9,Bike
2026-01-05,10,Tambaram Station,12.9249,80.1,16,6,32.4,73.6,30.8,Bike
2026-01-05,10,Porur Station,13.038,80.1565,19,15,23.4,50.6,29.9,Bike
2026-01-05,10,OMR Station,12.9352,80.23,36,8,18.4,81.8,28.8,Bike
2026-01-05,11,Central Station,13.0827,80.2707,7,13,29.1,30.6,33.6,Bike
2026-01-05,11,Guindy Station,13.0067,80.2206,12,17,21.4,48.4,26.4,Bike
2026-01-05,11,T Nagar Station,13.0418,80.2341,4,17,29.0,18.2,32.7,Bike
2026-01-05,11,Adyar Station,13.0012,80.2565,5,29,11.5,20.4,37.0,Bike
2026-01-05,11,Velachery Station,12.9815,80.218,18,5,11.4,67.9,28.5,Bike
2026-01-05,11,Anna Nagar Station,13.085,80.2101,11,24,15.0,28.2,29.6,Bike
2026-01-05,11,Egmore Station,13.0732,80.2609,12,24,22.7,27.6,27.0,Bike
2026-01-05,11,Tambaram Station,12.9249,80.1,8,11,11.2,39.1,30.5,Bike
2026-01-05,11,Porur Station,13.038,80.1565,7,20,29.6,31.1,30.8,Bike
2026-01-05,11,OMR Station,12.9352,80.23,23,6,19.7,79.8,28.5,Bike
2026-01-05,12,Central Station,13.0827,80.2707,21,11,11.3,64.2,28.9,Bike
2026-01-05,12,Guindy Station,13.0067,80.2206,7,14,31.4,35.4,28.8,Bike
2026-01-05,12,T Nagar Station,13.0418,80.2341,12,31,31.8,32.9,25.0,Bike
2026-01-05,12,Adyar Station,13.0012,80.2565,8,11,19.7,47.9,28.3,Car
2026-01-05,12,Velachery Station,12.9815,80.218,18,24,20.3,35.9,33.2,Car
2026-01-05,12,Anna Nagar Station,13.085,80.2101,9,15,33.2,41.3,31.0,Car
2026-01-05,12,Egmore Station,13.0732,80.2609,18,5,26.5,70.0,30.3,Bike
2026-01-05,12,Tambaram Station,12.9249,80.1,11,23,23.5,38.4,30.5,Car
2026-01-05,12,Porur Station,13.038,80.1565,9,14,23.6,35.7,24.9,Car
2026-01-05,12,OMR Station,12.9352,80.23,16,13,25.6,60.4,31.1,Bike
2026-01-05,13,Central Station,13.0827,80.2707,8,10,23.0,46.2,27.0,Bike
2026-01-05,13,Guindy Station,13.0067,80.2206,10,17,19.0,28.1,22.8,Bike
2026-01-05,13,T Nagar Station,13.0418,80.2341,20,8,24.3,73.0,24.8,Bike
2026-01-05,13,Adyar Station,13.0012,80.2565,10,29,32.3,38.2,32.0,Bike
2026-01-05,13,Velachery Station,12.9815,80.218,7,25,26.3,19.9,25.8,Car
2026-01-05,13,Anna Nagar Station,13.085,80.2101,12,18,19.8,39.7,31.0,Bike
2026-01-05,13,Egmore Station,13.0732,80.2609,14,10,32.1,52.7,32.4,Bike
2026-01-05,13,Tambaram Station,12.9249,80.1,10,5,26.9,66.8,27.0,Bike
2026-01-05,13,Porur Station,13.038,80.1565,1,27,30.6,10.0,32.4,Car
2026-01-05,13,OMR Station,12.9352,80.23,14,27,38.4,38.6,25.4,Bike
2026-01-05,14,Central Station,13.0827,80.2707,8,28,19.6,19.6,27.5,Bike
2026-01-05,14,Guindy Station,13.0067,80.2206,13,6,21.4,71.7,27.2,Bike
2026-01-05,14,T Nagar Station,13.0418,80.2341,18,13,17.8,57.9,33.3,Car
2026-01-05,14,Adyar Station,13.0012,80.2565,9,22,23.7,20.7,28.6,Car
2026-01-05,14,Velachery Station,12.9815,80.218,7,14,18.8,26.7,31.1,Bike
2026-01-05,14,Anna Nagar Station,13.085,80.2101,8,29,14.4,25.8,24.0,Bike
2026-01-05,14,Egmore Station,13.0732,80.2609,17,24,26.4,49.9,28.5,Car
2026-01-05,14,Tambaram Station,12.9249,80.1,6,14,31.5,23.6,27.6,Bike
2026-01-05,14,Porur Station,13.038,80.1565,8,27,29.3,21.6,25.8,Bike
2026-01-05,14,OMR Station,12.9352,80.23,21,15,17.9,68.1,28.5,Bike
2026-01-05,15,Central Station,13.0827,80.2707,15,12,28.0,56.2,29.8,Bike
2026-01-05,15,Guindy Station,13.0067,80.2206,8,17,23.6,37.3,27.2,Car
2026-01-05,15,T Nagar Station,13.0418,80.2341,15,7,14.6,67.5,28.8,Car
2026-01-05,15,Adyar Station,13.0012,80.2565,14,27,30.1,37.4,32.6,Bike
2026-01-05,15,Velachery Station,12.9815,80.218,19,18,21.9,50.5,30.1,Bike
2026-01-05,15,Anna Nagar Station,13.085,80.2101,11,30,27.0,26.1,27.3,Bike
2026-01-05,15,Egmore Station,13.0732,80.2609,20,14,30.0,56.3,29.0,Bike
2026-01-05,15,Tambaram Station,12.9249,80.1,6,8,20.5,39.6,27.1,Bike
2026-01-05,15,Porur Station,13.038,80.1565,6,30,24.7,19.3,30.3,Bike
2026-01-05,15,OMR Station,12.9352,80.23,17,17,30.1,50.0,31.9,Car
2026-01-05,16,Central Station,13.0827,80.2707,16,14,30.4,59.8,27.4,Bike
2026-01-05,16,Guindy Station,13.0067,80.2206,2,9,28.9,24.9,29.2,Bike
2026-01-05,16,T Nagar Station,13.0418,80.2341,17,14,22.3,63.5,25.1,Bike
2026-01-05,16,Adyar Station,13.0012,80.2565,15,11,19.3,60.8,26.9,Bike
2026-01-05,16,Velachery Station,12.9815,80.218,11,27,26.9,29.7,31.1,Bike
2026-01-05,16,Anna Nagar Station,13.085,80.2101,18,9,24.1,63.5,30.8,Car
2026-01-05,16,Egmore Station,13.0732,80.2609,8,31,20.0,18.1,26.3,Bike
2026-01-05,16,Tambaram Station,12.9249,80.1,16,18,34.3,49.0,32.0,Bike
2026-01-05,16,Porur Station,13.038,80.1565,12,30,24.9,18.5,21.0,Bike
2026-01-05,16,OMR Station,12.9352,80.23,21,18,34.3,45.8,28.8,Car
2026-01-05,17,Central Station,13.0827,80.2707,20,16,23.8,50.2,29.9,Bike
2026-01-05,17,Guindy Station,13.0067,80.2206,33,8,29.3,77.0,31.6,Bike
2026-01-05,17,T Nagar Station,13.0418,80.2341,10,31,23.4,18.2,32.4,Bike
2026-01-05,17,Adyar Station,13.0012,80.2565,6,17,19.5,19.8,31.7,Bike
2026-01-05,17,Velachery Station,12.9815,80.218,12,13,22.7,42.1,27.1,Car
2026-01-05,17,Anna Nagar Station,13.085,80.2101,14,29,24.1,29.2,27.3,Bike
2026-01-05,17,Egmore Station,13.0732,80.2609,22,18,28.5,54.6,30.2,Bike
2026-01-05,17,Tambaram Station,12.9249,80.1,15,29,27.7,35.6,26.8,Car
2026-01-05,17,Porur Station,13.038,80.1565,20,23,28.0,46.1,29.7,Bike
2026-01-05,17,OMR Station,12.9352,80.23,29,26,23.7,55.2,31.1,Bike
2026-01-05,18,Central Station,13.0827,80.2707,21,4,23.7,74.1,32.8,Car
2026-01-05,18,Guindy Station,13.0067,80.2206,28,7,24.8,71.6,32.7,Car
2026-01-05,18,T Nagar Station,13.0418,80.2341,45,13,24.0,79.3,28.1,Bike
2026-01-05,18,Adyar Station,13.0012,80.2565,30,18,17.3,60.7,30.8,Bike
2026-01-05,18,Velachery Station,12.9815,80.218,51,0,28.8,93.2,31.6,Car
2026-01-05,18,Anna Nagar Station,13.085,80.2101,20,7,25.2,82.1,28.6,Bike
2026-01-05,18,Egmore Station,13.0732,80.2609,49,14,27.8,83.3,28.7,Car
2026-01-05,18,Tambaram Station,12.9249,80.1,38,13,25.3,71.8,30.4,Bike
2026-01-05,18,Porur Station,13.038,80.1565,42,1,26.0,100.0,26.6,Car
2026-01-05,18,OMR Station,12.9352,80.23,37,2,11.2,93.9,26.4,Bike
2026-01-05,19,Central Station,13.0827,80.2707,49,9,22.9,91.3,29.6,Car
2026-01-05,19,Guindy Station,13.0067,80.2206,32,19,28.4,69.4,30.6,Bike
2026-01-05,19,T Nagar Station,13.0418,80.2341,49,1,23.8,100.0,33.5,Car
2026-01-05,19,Adyar Station,13.0012,80.2565,45,20,40.7,67.9,28.3,Car
2026-01-05,19,Velachery Station,12.9815,80.218,40,14,15.2,73.8,29.1,Bike
2026-01-05,19,Anna Nagar Station,13.085,80.2101,26,21,20.6,54.8,30.6,Bike
2026-01-05,19,Egmore Station,13.0732,80.2609,21,26,23.9,48.0,26.7,Bike
2026-01-05,19,Tambaram Station,12.9249,80.1,10,27,23.4,20.1,30.4,Bike
2026-01-05,19,Porur Station,13.038,80.1565,44,22,22.9,65.0,32.1,Bike
2026-01-05,19,OMR Station,12.9352,80.23,31,3,11.8,94.6,28.9,Bike
2026-01-05,20,Central Station,13.0827,80.2707,33,1,30.1,95.2,29.9,Bike
2026-01-05,20,Guindy Station,13.0067,80.2206,17,19,21.3,47.5,34.0,Bike
2026-01-05,20,T Nagar Station,13.0418,80.2341,32,4,30.4,90.1,34.3,Bike
2026-01-05,20,Adyar Station,13.0012,80.2565,18,24,33.2,43.8,31.3,Car
2026-01-05,20,Velachery Station,12.9815,80.218,25,8,23.8,77.2,30.7,Bike
2026-01-05,20,Anna Nagar Station,13.085,80.2101,33,7,21.4,83.1,31.4,Bike
2026-01-05,20,Egmore Station,13.0732,80.2609,16,25,26.9,43.1,29.5,Bike
2026-01-05,20,Tambaram Station,12.9249,80.1,21,4,22.3,84.7,27.9,Bike
2026-01-05,20,Porur Station,13.038,80.1565,16,18,29.5,40.4,30.8,Bike
2026-01-05,20,OMR Station,12.9352,80.23,25,6,30.8,78.7,28.8,Bike
2026-01-05,21,Central Station,13.0827,80.2707,6,6,27.3,50.6,31.0,Bike
2026-01-05,21,Guindy Station,13.0067,80.2206,1,26,25.1,10.0,24.4,Bike
2026-01-05,21,T Nagar Station,13.0418,80.2341,14,7,28.7,72.7,27.5,Car
2026-01-05,21,Adyar Station,13.0012,80.2565,5,30,13.8,11.3,33.2,Bike
2026-01-05,21,Velachery Station,12.9815,80.218,7,19,22.1,25.9,27.7,Bike
2026-01-05,21,Anna Nagar Station,13.085,80.2101,10,19,30.0,39.8,28.4,Bike
2026-01-05,21,Egmore Station,13.0732,80.2609,6,28,14.5,26.0,30.4,Bike
2026-01-05,21,Tambaram Station,12.9249,80.1,17,27,20.9,36.4,30.2,Bike
2026-01-05,21,Porur Station,13.038,80.1565,20,23,8.7,46.1,32.6,Bike
2026-01-05,21,OMR Station,12.9352,80.23,10,15,24.0,43.6,28.6,Car
2026-01-05,22,Central Station,13.0827,80.2707,15,26,32.4,39.5,33.4,Bike
2026-01-05,22,Guindy Station,13.0067,80.2206,11,23,20.8,28.7,29.5,Bike
2026-01-05,22,T Nagar Station,13.0418,80.2341,7,14,24.5,31.7,26.4,Car
2026-01-05,22,Adyar Station,13.0012,80.2565,15,26,31.3,32.0,33.8,Bike
2026-01-05,22,Velachery Station,12.9815,80.218,14,20,8.0,42.4,25.9,Bike
2026-01-05,22,Anna Nagar Station,13.085,80.2101,16,20,12.3,44.2,32.5,Bike
2026-01-05,22,Egmore Station,13.0732,80.2609,7,18,20.1,37.3,32.4,Bike
2026-01-05,22,Tambaram Station,12.9249,80.1,31,24,28.4,48.4,23.4,Bike
2026-01-05,22,Porur Station,13.038,80.1565,8,30,8.0,13.8,27.4,Bike
2026-01-05,22,OMR Station,12.9352,80.23,12,28,27.7,31.7,30.2,Bike
2026-01-06,6,Central Station,13.0827,80.2707,12,15,33.1,46.9,30.9,Car
2026-01-06,6,Guindy Station,13.0067,80.2206,9,31,30.4,24.6,27.9,Bike
2026-01-06,6,T Nagar Station,13.0418,80.2341,7,30,19.4,10.9,28.9,Bike
2026-01-06,6,Adyar Station,13.0012,80.2565,11,12,31.3,54.3,29.5,Bike
2026-01-06,6,Velachery Station,12.9815,80.218,13,17,15.3,47.0,31.1,Car
2026-01-06,6,Anna Nagar Station,13.085,80.2101,17,17,33.5,60.9,27.4,Bike
2026-01-06,6,Egmore Station,13.0732,80.2609,17,24,20.4,40.6,27.1,Bike
2026-01-06,6,Tambaram Station,12.9249,80.1,15,17,16.2,36.5,29.4,Bike
2026-01-06,6,Porur Station,13.038,80.1565,19,20,9.2,47.1,31.7,Bike
2026-01-06,6,OMR Station,12.9352,80.23,8,17,28.7,30.7,28.9,Bike
2026-01-06,7,Central Station,13.0827,80.2707,34,16,22.6,64.7,32.0,Car
2026-01-06,7,Guindy Station,13.0067,80.2206,31,17,22.5,71.1,28.0,Bike
2026-01-06,7,T Nagar Station,13.0418,80.2341,37,21,24.7,59.8,29.4,Bike
2026-01-06,7,Adyar Station,13.0012,80.2565,32,26,25.0,57.1,31.6,Bike
2026-01-06,7,Velachery Station,12.9815,80.218,24,12,40.3,61.1,35.4,Bike
2026-01-06,7,Anna Nagar Station,13.085,80.2101,18,16,19.1,49.7,29.9,Bike
2026-01-06,7,Egmore Station,13.0732,80.2609,20,29,26.5,44.8,27.7,Bike
2026-01-06,7,Tambaram Station,12.9249,80.1,20,19,18.5,54.8,33.1,Car
2026-01-06,7,Porur Station,13.038,80.1565,18,17,33.9,51.6,31.9,Bike
2026-01-06,7,OMR Station,12.9352,80.23,26,18,17.0,53.3,24.3,Car
2026-01-06,8,Central Station,13.0827,80.2707,43,12,23.9,76.6,30.4,Bike
2026-01-06,8,Guindy Station,13.0067,80.2206,33,0,12.4,94.7,23.2,Car
2026-01-06,8,T Nagar Station,13.0418,80.2341,27,7,19.2,79.2,27.0,Bike
2026-01-06,8,Adyar Station,13.0012,80.2565,29,24,30.6,50.2,25.6,Car
2026-01-06,8,Velachery Station,12.9815,80.218,46,2,29.0,92.4,27.5,Car
2026-01-06,8,Anna Nagar Station,13.085,80.2101,43,17,25.9,76.8,28.3,Bike
2026-01-06,8,Egmore Station,13.0732,80.2609,31,5,22.5,82.5,29.5,Bike
2026-01-06,8,Tambaram Station,12.9249,80.1,21,6,20.3,79.0,23.2,Car
2026-01-06,8,Porur Station,13.038,80.1565,14,21,44.4,44.3,32.0,Bike
2026-01-06,8,OMR Station,12.9352,80.23,21,19,24.1,55.6,28.4,Bike
2026-01-06,9,Central Station,13.0827,80.2707,11,8,25.8,57.5,29.7,Bike
2026-01-06,9,Guindy Station,13.0067,80.2206,27,20,25.6,60.8,28.9,Bike
2026-01-06,9,T Nagar Station,13.0418,80.2341,47,9,19.6,90.2,26.7,Bike
2026-01-06,9,Adyar Station,13.0012,80.2565,35,22,34.1,65.9,34.1,Bike
2026-01-06,9,Velachery Station,12.9815,80.218,15,15,21.6,50.7,31.8,Bike
2026-01-06,9,Anna Nagar Station,13.085,80.2101,49,0,13.6,100.0,29.7,Bike
2026-01-06,9,Egmore Station,13.0732,80.2609,36,16,21.1,65.0,31.4,Bike
2026-01-06,9,Tambaram Station,12.9249,80.1,24,7,26.3,92.1,26.3,Car
2026-01-06,9,Porur Station,13.038,80.1565,18,14,22.7,65.3,31.0,Bike
2026-01-06,9,OMR Station,12.9352,80.23,51,3,24.6,87.5,33.1,Car
2026-01-06,10,Central Station,13.0827,80.2707,28,15,17.8,65.0,33.9,Car
2026-01-06,10,Guindy Station,13.0067,80.2206,27,10,22.6,66.2,28.6,Bike
2026-01-06,10,T Nagar Station,13.0418,80.2341,19,4,19.3,76.7,29.7,Bike
2026-01-06,10,Adyar Station,13.0012,80.2565,18,3,11.9,83.5,33.2,Car
2026-01-06,10,Velachery Station,12.9815,80.218,19,20,18.3,45.4,32.2,Bike
2026-01-06,10,Anna Nagar Station,13.085,80.2101,9,30,29.1,24.8,31.1,Bike
2026-01-06,10,Egmore Station,13.0732,80.2609,6,15,29.0,31.6,23.3,Bike
2026-01-06,10,Tambaram Station,12.9249,80.1,25,10,16.4,75.5,33.2,Bike
2026-01-06,10,Porur Station,13.038,80.1565,25,7,11.9,83.6,28.6,Car
2026-01-06,10,OMR Station,12.9352,80.23,44,4,27.9,91.5,23.1,Bike
2026-01-06,11,Central Station,13.0827,80.2707,19,11,25.8,65.7,27.1,Bike
2026-01-06,11,Guindy Station,13.0067,80.2206,21,6,18.8,79.3,31.0,Bike
2026-01-06,11,T Nagar Station,13.0418,80.2341,10,22,33.6,31.1,29.0,Bike
2026-01-06,11,Adyar Station,13.0012,80.2565,11,22,24.7,32.6,32.4,Bike
2026-01-06,11,Velachery Station,12.9815,80.218,21,8,32.4,73.4,29.5,Bike
2026-01-06,11,Anna Nagar Station,13.085,80.2101,18,11,11.8,56.0,30.5,Car
2026-01-06,11,Egmore Station,13.0732,80.2609,9,5,23.6,62.8,28.6,Bike
2026-01-06,11,Tambaram Station,12.9249,80.1,20,6,35.5,79.1,28.6,Bike
2026-01-06,11,Porur Station,13.038,80.1565,22,17,24.4,55.2,25.9,Bike
2026-01-06,11,OMR Station,12.9352,80.23,8,6,25.8,60.2,18.8,Bike
2026-01-06,12,Central Station,13.0827,80.2707,21,3,26.5,78.8,26.7,Bike
2026-01-06,12,Guindy Station,13.0067,80.2206,13,20,10.3,37.5,28.5,Bike
2026-01-06,12,T Nagar Station,13.0418,80.2341,14,6,21.7,77.3,30.0,Car
2026-01-06,12,Adyar Station,13.0012,80.2565,4,33,18.3,11.6,28.2,Car
2026-01-06,12,Velachery Station,12.9815,80.218,5,27,20.5,16.4,31.5,Car
2026-01-06,12,Anna Nagar Station,13.085,80.2101,16,25,24.1,42.1,27.8,Bike
2026-01-06,12,Egmore Station,13.0732,80.2609,15,18,20.8,49.7,29.6,Car
2026-01-06,12,Tambaram Station,12.9249,80.1,15,14,22.3,45.1,23.0,Bike
2026-01-06,12,Porur Station,13.038,80.1565,14,10,31.8,58.8,29.9,Bike
2026-01-06,12,OMR Station,12.9352,80.23,7,29,33.9,19.8,27.1,Bike
2026-01-06,13,Central Station,13.0827,80.2707,10,13,16.4,43.5,31.3,Bike
2026-01-06,13,Guindy Station,13.0067,80.2206,5,7,31.8,41.4,25.5,Bike
2026-01-06,13,T Nagar Station,13.0418,80.2341,6,28,28.5,23.4,29.8,Bike
2026-01-06,13,Adyar Station,13.0012,80.2565,13,19,15.7,51.2,28.8,Bike
2026-01-06,13,Velachery Station,12.9815,80.218,20,19,28.6,44.0,28.2,Bike
2026-01-06,13,Anna Nagar Station,13.085,80.2101,5,27,29.6,19.1,27.7,Car
2026-01-06,13,Egmore Station,13.0732,80.2609,11,15,17.3,46.2,33.0,Bike
2026-01-06,13,Tambaram Station,12.9249,80.1,12,20,23.0,39.0,28.7,Car
2026-01-06,13,Porur Station,13.038,80.1565,13,15,20.6,51.3,26.6,Car
2026-01-06,13,OMR Station,12.9352,80.23,12,23,18.0,33.9,27.6,Bike
2026-01-06,14,Central Station,13.0827,80.2707,1,32,23.9,10.0,36.5,Bike
2026-01-06,14,Guindy Station,13.0067,80.2206,22,14,26.7,57.8,31.8,Car
2026-01-06,14,T Nagar Station,13.0418,80.2341,22,22,9.1,45.6,25.1,Bike
2026-01-06,14,Adyar Station,13.0012,80.2565,5,28,31.2,13.1,32.6,Bike
2026-01-06,14,Velachery Station,12.9815,80.218,17,27,31.1,27.7,34.3,Bike
2026-01-06,14,Anna Nagar Station,13.085,80.2101,20,10,14.3,59.9,26.1,Bike
2026-01-06,14,Egmore Station,13.0732,80.2609,4,22,8.0,20.3,28.4,Car
2026-01-06,14,Tambaram Station,12.9249,80.1,5,19,23.0,19.8,32.1,Bike
2026-01-06,14,Porur Station,13.038,80.1565,17,29,13.4,31.5,34.3,Bike
2026-01-06,14,OMR Station,12.9352,80.23,14,6,13.5,64.3,31.9,Bike
2026-01-06,15,Central Station,13.0827,80.2707,8,28,19.7,21.0,30.5,Bike
2026-01-06,15,Guindy Station,13.0067,80.2206,18,13,41.5,61.7,33.8,Bike
2026-01-06,15,T Nagar Station,13.0418,80.2341,14,23,30.7,34.3,35.9,Car
2026-01-06,15,Adyar Station,13.0012,80.2565,17,23,28.5,50.7,26.0,Bike
2026-01-06,15,Velachery Station,12.9815,80.218,7,13,13.8,32.4,32.1,Bike
2026-01-06,15,Anna Nagar Station,13.085,80.2101,7,6,23.8,64.7,24.3,Bike
2026-01-06,15,Egmore Station,13.0732,80.2609,25,15,17.4,60.4,29.8,Bike
2026-01-06,15,Tambaram Station,12.9249,80.1,10,27,16.1,23.7,30.1,Bike
2026-01-06,15,Porur Station,13.038,80.1565,6,12,31.2,39.2,27.3,Bike
2026-01-06,15,OMR Station,12.9352,80.23,11,19,34.8,44.8,29.2,Bike
2026-01-06,16,Central Station,13.0827,80.2707,9,22,15.8,22.6,32.1,Car
2026-01-06,16,Guindy Station,13.0067,80.2206,8,12,28.8,38.9,32.4,Bike
2026-01-06,16,T Nagar Station,13.0418,80.2341,2,26,21.3,10.0,32.6,Bike
2026-01-06,16,Adyar Station,13.0012,80.2565,13,16,36.4,45.3,26.4,Car
2026-01-06,16,Velachery Station,12.9815,80.218,5,23,21.7,17.4,30.0,Bike
2026-01-06,16,Anna Nagar Station,13.085,80.2101,16,25,25.1,42.1,30.7,Bike
2026-01-06,16,Egmore Station,13.0732,80.2609,13,6,29.2,70.2,28.1,Bike
2026-01-06,16,Tambaram Station,12.9249,80.1,10,17,25.9,35.9,28.0,Bike
2026-01-06,16,Porur Station,13.038,80.1565,9,15,20.1,43.2,26.8,Bike
2026-01-06,16,OMR Station,12.9352,80.23,17,25,35.0,50.7,26.1,Bike
2026-01-06,17,Central Station,13.0827,80.2707,14,16,30.5,44.1,32.7,Car
2026-01-06,17,Guindy Station,13.0067,80.2206,32,3,38.4,83.5,29.5,Bike
2026-01-06,17,T Nagar Station,13.0418,80.2341,7,22,33.3,25.8,28.9,Bike
2026-01-06,17,Adyar Station,13.0012,80.2565,28,7,24.1,78.4,31.1,Bike
2026-01-06,17,Velachery Station,12.9815,80.218,25,10,21.6,71.0,23.9,Bike
2026-01-06,17,Anna Nagar Station,13.085,80.2101,40,21,20.5,64.2,30.1,Bike
2026-01-06,17,Egmore Station,13.0732,80.2609,30,21,18.8,61.9,28.2,Bike
2026-01-06,17,Tambaram Station,12.9249,80.1,31,15,28.3,70.4,28.5,Bike
2026-01-06,17,Porur Station,13.038,80.1565,10,29,27.5,32.0,28.7,Car
2026-01-06,17,OMR Station,12.9352,80.23,25,5,29.8,84.0,28.5,Car
2026-01-06,18,Central Station,13.0827,80.2707,15,4,26.2,72.3,34.4,Bike
2026-01-06,18,Guindy Station,13.0067,80.2206,36,0,31.6,97.8,25.9,Bike
2026-01-06,18,T Nagar Station,13.0418,80.2341,36,11,37.2,79.5,33.7,Bike
2026-01-06,18,Adyar Station,13.0012,80.2565,37,6,17.1,100.0,30.3,Bike
2026-01-06,18,Velachery Station,12.9815,80.218,31,23,28.8,51.2,29.4,Car
2026-01-06,18,Anna Nagar Station,13.085,80.2101,38,15,33.2,67.2,30.5,Bike
2026-01-06,18,Egmore Station,13.0732,80.2609,25,20,16.3,59.9,26.5,Bike
2026-01-06,18,Tambaram Station,12.9249,80.1,35,21,25.8,62.9,30.5,Bike
2026-01-06,18,Porur Station,13.038,80.1565,29,24,12.6,48.1,28.2,Car
2026-01-06,18,OMR Station,12.9352,80.23,25,12,29.1,60.5,30.6,Car
2026-01-06,19,Central Station,13.0827,80.2707,41,19,24.2,82.4,22.3,Bike
2026-01-06,19,Guindy Station,13.0067,80.2206,34,14,31.3,70.0,30.8,Bike
2026-01-06,19,T Nagar Station,13.0418,80.2341,20,19,20.3,53.2,31.6,Bike
2026-01-06,19,Adyar Station,13.0012,80.2565,14,11,20.9,55.4,22.5,Bike
2026-01-06,19,Velachery Station,12.9815,80.218,42,8,28.7,80.7,24.4,Bike
2026-01-06,19,Anna Nagar Station,13.085,80.2101,43,16,18.3,77.0,26.2,Bike
2026-01-06,19,Egmore Station,13.0732,80.2609,29,1,27.2,91.1,33.1,Bike
2026-01-06,19,Tambaram Station,12.9249,80.1,41,3,23.5,92.6,29.6,Car
2026-01-06,19,Porur Station,13.038,80.1565,46,11,26.9,75.2,32.0,Bike
2026-01-06,19,OMR Station,12.9352,80.23,26,5,34.1,85.9,37.4,Bike
2026-01-06,20,Central Station,13.0827,80.2707,31,12,18.1,75.7,27.9,Bike
2026-01-06,20,Guindy Station,13.0067,80.2206,32,16,29.3,67.9,28.1,Bike
2026-01-06,20,T Nagar Station,13.0418,80.2341,18,22,16.4,33.9,27.9,Bike
2026-01-06,20,Adyar Station,13.0012,80.2565,9,25,28.9,32.9,28.7,Car
2026-01-06,20,Velachery Station,12.9815,80.218,10,5,19.1,65.3,34.0,Bike
2026-01-06,20,Anna Nagar Station,13.085,80.2101,15,24,17.1,35.2,31.0,Car
2026-01-06,20,Egmore Station,13.0732,80.2609,29,10,20.8,67.0,34.5,Bike
2026-01-06,20,Tambaram Station,12.9249,80.1,33,10,24.8,69.7,24.9,Car
2026-01-06,20,Porur Station,13.038,80.1565,28,5,31.6,72.4,30.4,Bike
2026-01-06,20,OMR Station,12.9352,80.23,23,14,16.1,52.2,27.5,Bike
2026-01-06,21,Central Station,13.0827,80.2707,9,5,23.3,65.2,30.1,Car
2026-01-06,21,Guindy Station,13.0067,80.2206,9,27,17.7,30.4,30.1,Bike
2026-01-06,21,T Nagar Station,13.0418,80.2341,14,11,24.1,56.9,21.8,Car
2026-01-06,21,Adyar Station,13.0012,80.2565,6,6,28.8,41.2,26.9,Bike
2026-01-06,21,Velachery Station,12.9815,80.218,3,19,19.5,19.5,30.7,Bike
2026-01-06,21,Anna Nagar Station,13.085,80.2101,17,21,28.9,49.3,33.3,Car
2026-01-06,21,Egmore Station,13.0732,80.2609,23,2,12.9,95.7,28.1,Bike
2026-01-06,21,Tambaram Station,12.9249,80.1,17,23,13.2,39.5,33.0,Bike
2026-01-06,21,Porur Station,13.038,80.1565,14,22,21.3,39.6,29.6,Bike
2026-01-06,21,OMR Station,12.9352,80.23,3,10,22.3,25.7,32.1,Car
2026-01-06,22,Central Station,13.0827,80.2707,8,10,32.1,37.7,28.8,Bike
2026-01-06,22,Guindy Station,13.0067,80.2206,12,5,26.3,66.6,24.9,Bike
2026-01-06,22,T Nagar Station,13.0418,80.2341,10,24,21.4,36.8,32.1,Bike
2026-01-06,22,Adyar Station,13.0012,80.2565,14,19,28.4,49.3,31.8,Bike
2026-01-06,22,Velachery Station,12.9815,80.218,16,15,31.1,47.5,34.8,Bike
2026-01-06,22,Anna Nagar Station,13.085,80.2101,7,23,29.3,21.0,33.0,Bike
2026-01-06,22,Egmore Station,13.0732,80.2609,5,23,20.2,22.2,30.0,Bike
2026-01-06,22,Tambaram Station,12.9249,80.1,12,10,15.8,56.7,33.3,Bike
2026-01-06,22,Porur Station,13.038,80.1565,16,30,29.9,35.3,28.4,Bike
2026-01-06,22,OMR Station,12.9352,80.23,8,13,27.1,34.9,30.3,Bike
2026-01-07,6,Central Station,13.0827,80.2707,14,15,25.4,46.8,26.3,Bike
2026-01-07,6,Guindy Station,13.0067,80.2206,8,19,20.0,29.1,28.6,Bike
2026-01-07,6,T Nagar Station,13.0418,80.2341,4,8,19.9,27.4,27.7,Bike
2026-01-07,6,Adyar Station,13.0012,80.2565,12,13,24.5,53.3,31.6,Bike
2026-01-07,6,Velachery Station,12.9815,80.218,15,20,29.1,42.4,29.3,Bike
2026-01-07,6,Anna Nagar Station,13.085,80.2101,10,28,24.8,23.9,32.0,Bike
2026-01-07,6,Egmore Station,13.0732,80.2609,13,5,14.6,70.7,33.0,Bike
2026-01-07,6,Tambaram Station,12.9249,80.1,15,13,26.3,53.8,31.7,Bike
2026-01-07,6,Porur Station,13.038,80.1565,11,22,36.0,29.2,32.8,Bike
2026-01-07,6,OMR Station,12.9352,80.23,12,23,27.3,35.3,32.4,Bike
2026-01-07,7,Central Station,13.0827,80.2707,31,3,18.6,95.7,26.5,Bike
2026-01-07,7,Guindy Station,13.0067,80.2206,23,5,33.4,79.1,32.8,Bike
2026-01-07,7,T Nagar Station,13.0418,80.2341,32,13,10.9,67.3,29.2,Car
2026-01-07,7,Adyar Station,13.0012,80.2565,17,15,29.4,52.5,27.7,Bike
2026-01-07,7,Velachery Station,12.9815,80.218,30,22,17.9,64.6,29.0,Bike
2026-01-07,7,Anna Nagar Station,13.085,80.2101,25,21,19.0,63.2,29.9,Bike
2026-01-07,7,Egmore Station,13.0732,80.2609,27,24,26.7,50.0,29.3,Bike
2026-01-07,7,Tambaram Station,12.9249,80.1,19,11,27.2,76.9,31.9,Bike
2026-01-07,7,Porur Station,13.038,80.1565,33,13,25.0,72.5,27.1,Car
2026-01-07,7,OMR Station,12.9352,80.23,13,26,29.8,35.5,32.5,Bike
2026-01-07,8,Central Station,13.0827,80.2707,16,6,22.5,72.9,29.6,Bike
2026-01-07,8,Guindy Station,13.0067,80.2206,10,16,30.2,27.8,29.1,Car
2026-01-07,8,T Nagar Station,13.0418,80.2341,8,6,19.3,66.6,26.8,Bike
2026-01-07,8,Adyar Station,13.0012,80.2565,14,4,28.0,81.4,30.8,Bike
2026-01-07,8,Velachery Station,12.9815,80.218,16,22,13.7,41.3,26.7,Bike
2026-01-07,8,Anna Nagar Station,13.085,80.2101,28,7,32.7,80.7,32.1,Bike
2026-01-07,8,Egmore Station,13.0732,80.2609,50,16,26.4,81.4,29.0,Car
2026-01-07,8,Tambaram Station,12.9249,80.1,30,19,24.9,54.5,28.3,Car
2026-01-07,8,Porur Station,13.038,80.1565,48,12,17.4,67.7,27.1,Bike
2026-01-07,8,OMR Station,12.9352,80.23,35,13,18.8,70.6,31.2,Car
2026-01-07,9,Central Station,13.0827,80.2707,49,9,16.5,84.7,33.3,Bike
2026-01-07,9,Guindy Station,13.0067,80.2206,24,10,20.7,69.5,32.4,Bike
2026-01-07,9,T Nagar Station,13.0418,80.2341,28,9,16.3,76.1,32.4,Bike
2026-01-07,9,Adyar Station,13.0012,80.2565,39,22,21.6,74.7,23.9,Car
2026-01-07,9,Velachery Station,12.9815,80.218,33,9,27.9,78.4,31.5,Bike
2026-01-07,9,Anna Nagar Station,13.085,80.2101,48,15,24.1,75.4,35.1,Car
2026-01-07,9,Egmore Station,13.0732,80.2609,16,23,23.5,32.5,26.8,Car
2026-01-07,9,Tambaram Station,12.9249,80.1,33,22,23.8,64.5,27.7,Bike
2026-01-07,9,Porur Station,13.038,80.1565,40,0,30.8,100.0,27.4,Bike
2026-01-07,9,OMR Station,12.9352,80.23,25,11,26.5,65.5,30.4,Bike
2026-01-07,10,Central Station,13.0827,80.2707,31,2,16.1,90.9,31.0,Car
2026-01-07,10,Guindy Station,13.0067,80.2206,15,22,20.3,53.7,30.4,Bike
2026-01-07,10,T Nagar Station,13.0418,80.2341,31,21,19.8,54.6,28.5,Bike
2026-01-07,10,Adyar Station,13.0012,80.2565,30,1,31.8,93.8,29.9,Car
2026-01-07,10,Velachery Station,12.9815,80.218,34,9,27.5,75.2,28.3,Bike
2026-01-07,10,Anna Nagar Station,13.085,80.2101,25,26,20.8,48.1,29.1,Bike
2026-01-07,10,Egmore Station,13.0732,80.2609,13,20,30.4,40.0,30.1,Bike
2026-01-07,10,Tambaram Station,12.9249,80.1,31,2,32.6,88.7,31.6,Bike
2026-01-07,10,Porur Station,13.038,80.1565,26,22,20.6,49.8,30.7,Bike
2026-01-07,10,OMR Station,12.9352,80.23,30,1,38.5,92.4,27.5,Bike
2026-01-07,11,Central Station,13.0827,80.2707,19,12,20.1,60.2,26.9,Bike
2026-01-07,11,Guindy Station,13.0067,80.2206,23,28,16.4,45.9,28.3,Car
2026-01-07,11,T Nagar Station,13.0418,80.2341,11,27,16.4,33.7,27.6,Bike
2026-01-07,11,Adyar Station,13.0012,80.2565,14,6,30.8,74.8,24.3,Bike
2026-01-07,11,Velachery Station,12.9815,80.218,24,9,21.6,64.9,33.8,Car
2026-01-07,11,Anna Nagar Station,13.085,80.2101,12,10,30.1,55.2,29.4,Car
2026-01-07,11,Egmore Station,13.0732,80.2609,21,4,28.3,93.2,28.8,Bike
2026-01-07,11,Tambaram Station,12.9249,80.1,23,2,28.4,86.5,28.0,Bike
2026-01-07,11,Porur Station,13.038,80.1565,5,20,29.1,19.9,28.5,Bike
2026-01-07,11,OMR Station,12.9352,80.23,15,14,18.8,59.6,27.8,Bike
2026-01-07,12,Central Station,13.0827,80.2707,14,18,14.0,47.6,29.7,Car
2026-01-07,12,Guindy Station,13.0067,80.2206,20,11,29.9,70.1,33.3,Car
2026-01-07,12,T Nagar Station,13.0418,80.2341,9,10,31.7,45.4,27.1,Car
2026-01-07,12,Adyar Station,13.0012,80.2565,11,5,14.6,72.4,27.7,Bike
2026-01-07,12,Velachery Station,12.9815,80.218,10,8,27.6,59.8,31.8,Bike
2026-01-07,12,Anna Nagar Station,13.085,80.2101,8,7,22.5,48.8,31.9,Bike
2026-01-07,12,Egmore Station,13.0732,80.2609,20,13,14.0,56.9,28.6,Bike
2026-01-07,12,Tambaram Station,12.9249,80.1,11,6,19.1,59.4,37.4,Car
2026-01-07,12,Porur Station,13.038,80.1565,12,26,13.2,36.5,28.8,Bike
2026-01-07,12,OMR Station,12.9352,80.23,19,7,20.3,71.9,31.1,Bike
2026-01-07,13,Central Station,13.0827,80.2707,15,30,28.1,36.2,26.9,Bike
2026-01-07,13,Guindy Station,13.0067,80.2206,16,22,36.7,41.0,26.5,Bike
2026-01-07,13,T Nagar Station,13.0418,80.2341,16,30,24.7,42.4,33.1,Bike
2026-01-07,13,Adyar Station,13.0012,80.2565,23,7,14.2,74.7,31.7,Bike
2026-01-07,13,Velachery Station,12.9815,80.218,9,11,20.8,41.9,26.2,Bike
2026-01-07,13,Anna Nagar Station,13.085,80.2101,3,32,16.7,10.0,26.5,Bike
2026-01-07,13,Egmore Station,13.0732,80.2609,19,15,23.0,62.9,28.0,Bike
2026-01-07,13,Tambaram Station,12.9249,80.1,5,15,21.6,21.1,33.6,Bike
2026-01-07,13,Porur Station,13.038,80.1565,14,13,16.8,49.4,27.5,Bike
2026-01-07,13,OMR Station,12.9352,80.23,8,20,24.4,32.1,37.0,Bike
2026-01-07,14,Central Station,13.0827,80.2707,12,25,33.2,37.2,31.5,Bike
2026-01-07,14,Guindy Station,13.0067,80.2206,23,23,30.1,44.7,33.7,Bike
2026-01-07,14,T Nagar Station,13.0418,80.2341,11,12,22.2,46.7,28.9,Bike
2026-01-07,14,Adyar Station,13.0012,80.2565,19,9,12.9,62.3,29.5,Car
2026-01-07,14,Velachery Station,12.9815,80.218,8,22,35.9,24.9,29.3,Bike
2026-01-07,14,Anna Nagar Station,13.085,80.2101,14,15,27.9,49.7,31.5,Car
2026-01-07,14,Egmore Station,13.0732,80.2609,18,26,21.8,43.8,27.5,Car
2026-01-07,14,Tambaram Station,12.9249,80.1,7,23,24.9,25.8,31.2,Bike
2026-01-07,14,Porur Station,13.038,80.1565,17,24,17.0,38.9,26.4,Bike
2026-01-07,14,OMR Station,12.9352,80.23,7,31,24.1,18.8,28.4,Bike
2026-01-07,15,Central Station,13.0827,80.2707,9,16,28.1,33.3,26.3,Bike
2026-01-07,15,Guindy Station,13.0067,80.2206,8,11,31.8,37.0,28.9,Bike
2026-01-07,15,T Nagar Station,13.0418,80.2341,8,23,29.0,32.4,35.2,Bike
2026-01-07,15,Adyar Station,13.0012,80.2565,14,24,14.8,39.9,30.7,Bike
2026-01-07,15,Velachery Station,12.9815,80.218,22,7,23.6,79.7,28.6,Bike
2026-01-07,15,Anna Nagar Station,13.085,80.2101,16,24,13.2,44.9,33.5,Car
2026-01-07,15,Egmore Station,13.0732,80.2609,14,4,25.9,87.5,28.8,Bike
2026-01-07,15,Tambaram Station,12.9249,80.1,11,14,33.3,44.0,24.1,Bike
2026-01-07,15,Porur Station,13.038,80.1565,14,22,24.4,48.3,31.6,Bike
2026-01-07,15,OMR Station,12.9352,80.23,11,11,25.3,46.4,31.1,Bike
2026-01-07,16,Central Station,13.0827,80.2707,3,30,39.4,10.0,33.0,Bike
2026-01-07,16,Guindy Station,13.0067,80.2206,13,23,30.9,34.9,32.9,Bike
2026-01-07,16,T Nagar Station,13.0418,80.2341,10,23,9.1,28.6,31.6,Bike
2026-01-07,16,Adyar Station,13.0012,80.2565,12,18,16.1,43.7,30.2,Bike
2026-01-07,16,Velachery Station,12.9815,80.218,11,17,16.5,35.5,28.3,Bike
2026-01-07,16,Anna Nagar Station,13.085,80.2101,2,19,23.3,10.0,29.4,Bike
2026-01-07,16,Egmore Station,13.0732,80.2609,16,16,22.7,45.1,34.9,Bike
2026-01-07,16,Tambaram Station,12.9249,80.1,11,22,18.5,29.6,30.5,Bike
2026-01-07,16,Porur Station,13.038,80.1565,9,5,34.8,67.6,27.1,Bike
2026-01-07,16,OMR Station,12.9352,80.23,14,30,19.6,36.4,24.8,Car
2026-01-07,17,Central Station,13.0827,80.2707,14,25,32.2,42.5,33.4,Car
2026-01-07,17,Guindy Station,13.0067,80.2206,27,15,23.4,64.0,29.4,Bike
2026-01-07,17,T Nagar Station,13.0418,80.2341,13,15,24.6,44.4,31.6,Bike
2026-01-07,17,Adyar Station,13.0012,80.2565,8,17,17.5,42.6,32.7,Car
2026-01-07,17,Velachery Station,12.9815,80.218,16,24,27.3,39.4,32.5,Car
2026-01-07,17,Anna Nagar Station,13.085,80.2101,14,28,18.2,24.7,29.1,Bike
2026-01-07,17,Egmore Station,13.0732,80.2609,18,23,14.2,40.2,30.4,Bike
2026-01-07,17,Tambaram Station,12.9249,80.1,26,21,22.0,59.0,30.2,Bike
2026-01-07,17,Porur Station,13.038,80.1565,38,7,11.1,80.3,28.3,Car
2026-01-07,17,OMR Station,12.9352,80.23,39,17,32.6,74.8,31.3,Bike
2026-01-07,18,Central Station,13.0827,80.2707,29,14,20.2,60.5,24.8,Bike
2026-01-07,18,Guindy Station,13.0067,80.2206,39,14,26.6,65.0,24.8,Bike
2026-01-07,18,T Nagar Station,13.0418,80.2341,34,21,17.6,59.9,30.6,Car
2026-01-07,18,Adyar Station,13.0012,80.2565,60,2,16.8,86.8,29.1,Bike
2026-01-07,18,Velachery Station,12.9815,80.218,36,0,22.5,95.6,25.9,Bike
2026-01-07,18,Anna Nagar Station,13.085,80.2101,28,19,22.8,56.2,28.5,Bike
2026-01-07,18,Egmore Station,13.0732,80.2609,47,4,23.4,93.1,33.8,Bike
2026-01-07,18,Tambaram Station,12.9249,80.1,20,15,34.5,58.6,34.5,Bike
2026-01-07,18,Porur Station,13.038,80.1565,23,16,12.1,67.2,27.6,Car
2026-01-07,18,OMR Station,12.9352,80.23,30,21,31.3,53.3,32.0,Bike
2026-01-07,19,Central Station,13.0827,80.2707,42,17,16.2,77.2,29.5,Bike
2026-01-07,19,Guindy Station,13.0067,80.2206,13,29,31.8,35.8,26.1,Bike
2026-01-07,19,T Nagar Station,13.0418,80.2341,15,6,24.2,74.1,31.2,Bike
2026-01-07,19,Adyar Station,13.0012,80.2565,38,21,29.8,56.2,27.9,Bike
2026-01-07,19,Velachery Station,12.9815,80.218,34,5,11.7,78.8,34.4,Bike
2026-01-07,19,Anna Nagar Station,13.085,80.2101,28,14,20.8,65.9,26.6,Bike
2026-01-07,19,Egmore Station,13.0732,80.2609,46,8,21.2,87.5,29.5,Bike
2026-01-07,19,Tambaram Station,12.9249,80.1,48,14,24.2,69.9,29.5,Bike
2026-01-07,19,Porur Station,13.038,80.1565,51,11,23.9,76.5,29.8,Bike
2026-01-07,19,OMR Station,12.9352,80.23,42,15,17.7,70.8,28.7,Bike
2026-01-07,20,Central Station,13.0827,80.2707,10,5,24.2,78.9,30.8,Car
2026-01-07,20,Guindy Station,13.0067,80.2206,24,18,29.6,51.5,27.2,Bike
2026-01-07,20,T Nagar Station,13.0418,80.2341,11,9,28.6,51.9,32.2,Bike
2026-01-07,20,Adyar Station,13.0012,80.2565,21,6,25.8,83.6,32.7,Bike
2026-01-07,20,Velachery Station,12.9815,80.218,27,17,31.7,58.3,25.9,Bike
2026-01-07,20,Anna Nagar Station,13.085,80.2101,28,8,21.1,66.8,26.9,Car
2026-01-07,20,Egmore Station,13.0732,80.2609,18,25,34.8,37.1,27.2,Bike
2026-01-07,20,Tambaram Station,12.9249,80.1,20,5,24.1,83.8,29.4,Bike
2026-01-07,20,Porur Station,13.038,80.1565,23,15,18.7,58.3,32.7,Bike
2026-01-07,20,OMR Station,12.9352,80.23,13,19,19.5,37.9,30.5,Car
2026-01-07,21,Central Station,13.0827,80.2707,21,2,20.7,95.8,29.7,Car
2026-01-07,21,Guindy Station,13.0067,80.2206,21,17,26.2,51.8,33.0,Bike
2026-01-07,21,T Nagar Station,13.0418,80.2341,16,22,20.6,40.4,29.4,Bike
2026-01-07,21,Adyar Station,13.0012,80.2565,10,21,26.1,43.9,30.0,Bike
2026-01-07,21,Velachery Station,12.9815,80.218,16,18,22.1,40.9,29.3,Bike
2026-01-07,21,Anna Nagar Station,13.085,80.2101,13,21,12.1,46.2,30.5,Bike
2026-01-07,21,Egmore Station,13.0732,80.2609,14,19,21.8,35.0,32.1,Bike
2026-01-07,21,Tambaram Station,12.9249,80.1,20,5,10.9,83.2,25.5,Bike
2026-01-07,21,Porur Station,13.038,80.1565,8,21,26.9,20.9,33.0,Bike
2026-01-07,21,OMR Station,12.9352,80.23,3,30,24.9,10.0,34.9,Car
2026-01-07,22,Central Station,13.0827,80.2707,6,13,16.8,37.2,30.2,Bike
2026-01-07,22,Guindy Station,13.0067,80.2206,7,30,27.8,16.4,30.0,Bike
2026-01-07,22,T Nagar Station,13.0418,80.2341,10,27,23.6,36.2,25.4,Bike
2026-01-07,22,Adyar Station,13.0012,80.2565,13,17,20.5,39.7,34.6,Bike
2026-01-07,22,Velachery Station,12.9815,80.218,17,15,19.3,42.7,31.5,Bike
2026-01-07,22,Anna Nagar Station,13.085,80.2101,5,29,31.9,12.7,25.9,Bike
2026-01-07,22,Egmore Station,13.0732,80.2609,17,25,11.6,30.4,30.4,Bike
2026-01-07,22,Tambaram Station,12.9249,80.1,10,31,33.9,26.3,31.8,Bike
2026-01-07,22,Porur Station,13.038,80.1565,11,14,26.3,51.5,31.5,Bike
2026-01-07,22,OMR Station,12.9352,80.23,9,15,39.2,45.6,34.4,Bike
2026-01-08,6,Central Station,13.0827,80.2707,8,7,20.3,52.5,28.8,Bike
2026-01-08,6,Guindy Station,13.0067,80.2206,13,18,17.5,46.8,27.7,Bike
2026-01-08,6,T Nagar Station,13.0418,80.2341,21,17,13.3,49.4,28.4,Bike
2026-01-08,6,Adyar Station,13.0012,80.2565,4,16,15.9,12.8,30.4,Bike
2026-01-08,6,Velachery Station,12.9815,80.218,5,31,31.7,14.6,33.7,Bike
2026-01-08,6,Anna Nagar Station,13.085,80.2101,21,16,27.7,54.8,28.9,Bike
2026-01-08,6,Egmore Station,13.0732,80.2609,16,16,33.5,43.1,33.0,Bike
2026-01-08,6,Tambaram Station,12.9249,80.1,26,12,17.8,63.8,33.9,Car
2026-01-08,6,Porur Station,13.038,80.1565,6,24,30.4,23.1,35.1,Bike
2026-01-08,6,OMR Station,12.9352,80.23,18,7,9.9,76.2,30.8,Bike
2026-01-08,7,Central Station,13.0827,80.2707,33,25,12.0,58.5,28.1,Car
2026-01-08,7,Guindy Station,13.0067,80.2206,31,26,23.1,61.4,34.5,Bike
2026-01-08,7,T Nagar Station,13.0418,80.2341,25,23,21.3,47.4,29.7,Car
2026-01-08,7,Adyar Station,13.0012,80.2565,8,12,25.1,35.2,27.0,Bike
2026-01-08,7,Velachery Station,12.9815,80.218,26,22,27.2,56.5,31.6,Bike
2026-01-08,7,Anna Nagar Station,13.085,80.2101,12,20,12.0,35.1,29.4,Bike
2026-01-08,7,Egmore Station,13.0732,80.2609,12,26,21.7,35.2,24.2,Car
2026-01-08,7,Tambaram Station,12.9249,80.1,34,12,25.8,76.0,31.1,Bike
2026-01-08,7,Porur Station,13.038,80.1565,32,21,21.1,57.9,29.5,Bike
2026-01-08,7,OMR Station,12.9352,80.23,12,15,11.8,33.0,30.4,Bike
2026-01-08,8,Central Station,13.0827,80.2707,38,0,24.2,97.0,26.2,Bike
2026-01-08,8,Guindy Station,13.0067,80.2206,43,9,35.2,81.3,26.4,Car
2026-01-08,8,T Nagar Station,13.0418,80.2341,42,14,37.9,76.1,26.9,Car
2026-01-08,8,Adyar Station,13.0012,80.2565,46,18,22.3,79.7,29.8,Bike
2026-01-08,8,Velachery Station,12.9815,80.218,17,18,22.3,44.8,28.2,Car
2026-01-08,8,Anna Nagar Station,13.085,80.2101,14,21,23.6,52.5,34.7,Bike
2026-01-08,8,Egmore Station,13.0732,80.2609,18,14,38.2,66.7,28.2,Car
2026-01-08,8,Tambaram Station,12.9249,80.1,15,19,28.0,52.0,31.8,Car
2026-01-08,8,Porur Station,13.038,80.1565,50,8,26.5,90.6,27.3,Bike
2026-01-08,8,OMR Station,12.9352,80.23,42,4,32.3,84.8,28.3,Car
2026-01-08,9,Central Station,13.0827,80.2707,46,3,16.4,88.3,24.3,Bike
2026-01-08,9,Guindy Station,13.0067,80.2206,13,5,27.8,72.2,26.1,Bike
2026-01-08,9,T Nagar Station,13.0418,80.2341,27,25,28.3,46.7,34.6,Car
2026-01-08,9,Adyar Station,13.0012,80.2565,44,13,27.6,75.9,30.3,Bike
2026-01-08,9,Velachery Station,12.9815,80.218,22,12,20.9,71.6,34.4,Bike
2026-01-08,9,Anna Nagar Station,13.085,80.2101,40,13,33.6,73.5,28.3,Bike
2026-01-08,9,Egmore Station,13.0732,80.2609,32,4,30.6,88.3,33.3,Bike
2026-01-08,9,Tambaram Station,12.9249,80.1,32,26,26.8,55.9,33.3,Bike
2026-01-08,9,Porur Station,13.038,80.1565,40,4,24.7,78.2,30.5,Bike
2026-01-08,9,OMR Station,12.9352,80.23,22,13,28.6,64.5,24.8,Car
2026-01-08,10,Central Station,13.0827,80.2707,18,8,35.9,73.6,29.7,Car
2026-01-08,10,Guindy Station,13.0067,80.2206,29,3,39.4,82.0,30.2,Car
2026-01-08,10,T Nagar Station,13.0418,80.2341,49,6,25.7,86.4,28.5,Bike
2026-01-08,10,Adyar Station,13.0012,80.2565,36,8,29.4,79.5,30.7,Bike
2026-01-08,10,Velachery Station,12.9815,80.218,30,2,16.6,88.0,29.6,Bike
2026-01-08,10,Anna Nagar Station,13.085,80.2101,29,26,11.9,53.3,28.2,Bike
2026-01-08,10,Egmore Station,13.0732,80.2609,32,5,29.0,89.0,27.7,Bike
2026-01-08,10,Tambaram Station,12.9249,80.1,22,25,18.9,41.6,26.6,Bike
2026-01-08,10,Porur Station,13.038,80.1565,31,6,16.4,78.2,34.1,Bike
2026-01-08,10,OMR Station,12.9352,80.23,21,18,24.9,57.0,29.1,Bike
2026-01-08,11,Central Station,13.0827,80.2707,19,16,29.0,50.8,36.5,Bike
2026-01-08,11,Guindy Station,13.0067,80.2206,30,17,29.1,56.0,35.7,Bike
2026-01-08,11,T Nagar Station,13.0418,80.2341,9,20,26.1,27.7,31.9,Bike
2026-01-08,11,Adyar Station,13.0012,80.2565,11,6,19.4,61.0,31.0,Bike
2026-01-08,11,Velachery Station,12.9815,80.218,14,28,17.3,34.4,32.0,Bike
2026-01-08,11,Anna Nagar Station,13.085,80.2101,17,22,27.3,45.1,28.8,Bike
2026-01-08,11,Egmore Station,13.0732,80.2609,15,19,23.5,40.3,31.5,Bike
2026-01-08,11,Tambaram Station,12.9249,80.1,6,6,13.4,58.6,28.1,Bike
2026-01-08,11,Porur Station,13.038,80.1565,5,11,27.8,29.3,23.8,Bike
2026-01-08,11,OMR Station,12.9352,80.23,13,19,30.3,47.3,23.3,Bike
2026-01-08,12,Central Station,13.0827,80.2707,10,13,16.7,41.9,30.4,Car
2026-01-08,12,Guindy Station,13.0067,80.2206,17,27,23.2,32.1,28.5,Bike
2026-01-08,12,T Nagar Station,13.0418,80.2341,21,22,27.7,50.7,33.6,Car
2026-01-08,12,Adyar Station,13.0012,80.2565,11,16,34.7,36.9,34.5,Car
2026-01-08,12,Velachery Station,12.9815,80.218,6,12,24.9,32.2,30.7,Bike
2026-01-08,12,Anna Nagar Station,13.085,80.2101,11,27,18.9,30.2,27.2,Bike
2026-01-08,12,Egmore Station,13.0732,80.2609,18,21,16.4,40.5,32.6,Bike
2026-01-08,12,Tambaram Station,12.9249,80.1,16,7,20.0,69.8,25.2,Bike
2026-01-08,12,Porur Station,13.038,80.1565,18,18,26.1,50.8,27.4,Bike
2026-01-08,12,OMR Station,12.9352,80.23,11,21,15.0,31.0,29.8,Bike
2026-01-08,13,Central Station,13.0827,80.2707,15,25,15.5,32.2,26.3,Bike
2026-01-08,13,Guindy Station,13.0067,80.2206,16,19,22.4,42.6,25.5,Bike
2026-01-08,13,T Nagar Station,13.0418,80.2341,21,19,38.3,46.6,26.0,Bike
2026-01-08,13,Adyar Station,13.0012,80.2565,9,28,12.0,22.2,31.4,Bike
2026-01-08,13,Velachery Station,12.9815,80.218,15,7,37.9,75.0,29.3,Car
2026-01-08,13,Anna Nagar Station,13.085,80.2101,15,16,30.9,45.7,23.0,Bike
2026-01-08,13,Egmore Station,13.0732,80.2609,4,19,28.4,22.9,33.2,Bike
2026-01-08,13,Tambaram Station,12.9249,80.1,12,28,8.1,25.8,31.1,Car
2026-01-08,13,Porur Station,13.038,80.1565,3,17,26.8,23.6,29.9,Bike
2026-01-08,13,OMR Station,12.9352,80.23,16,18,24.4,48.1,27.2,Bike
2026-01-08,14,Central Station,13.0827,80.2707,7,22,18.5,18.3,30.9,Bike
2026-01-08,14,Guindy Station,13.0067,80.2206,13,23,19.0,41.0,24.7,Car
2026-01-08,14,T Nagar Station,13.0418,80.2341,19,18,21.2,51.6,28.7,Bike
2026-01-08,14,Adyar Station,13.0012,80.2565,12,23,20.9,30.9,26.7,Car
2026-01-08,14,Velachery Station,12.9815,80.218,18,25,20.5,41.7,27.9,Car
2026-01-08,14,Anna Nagar Station,13.085,80.2101,12,22,32.9,42.2,33.4,Car
2026-01-08,14,Egmore Station,13.0732,80.2609,12,22,11.5,41.2,30.4,Bike
2026-01-08,14,Tambaram Station,12.9249,80.1,5,17,28.5,22.6,28.8,Car
2026-01-08,14,Porur Station,13.038,80.1565,4,17,32.4,17.0,28.1,Bike
2026-01-08,14,OMR Station,12.9352,80.23,16,13,30.1,46.6,26.5,Bike
2026-01-08,15,Central Station,13.0827,80.2707,13,25,15.4,37.7,33.0,Bike
2026-01-08,15,Guindy Station,13.0067,80.2206,7,18,34.4,35.4,29.8,Bike
2026-01-08,15,T Nagar Station,13.0418,80.2341,15,21,28.7,41.8,29.4,Bike
2026-01-08,15,Adyar Station,13.0012,80.2565,9,30,31.2,18.8,31.3,Bike
2026-01-08,15,Velachery Station,12.9815,80.218,19,7,23.6,65.2,26.3,Bike
2026-01-08,15,Anna Nagar Station,13.085,80.2101,17,21,20.4,47.1,32.1,Bike
2026-01-08,15,Egmore Station,13.0732,80.2609,11,7,19.5,62.0,31.7,Car
2026-01-08,15,Tambaram Station,12.9249,80.1,8,15,8.0,34.9,26.8,Bike
2026-01-08,15,Porur Station,13.038,80.1565,17,23,29.8,48.0,38.8,Car
2026-01-08,15,OMR Station,12.9352,80.23,17,28,13.2,41.7,28.8,Car
2026-01-08,16,Central Station,13.0827,80.2707,8,15,33.1,33.1,32.2,Bike
2026-01-08,16,Guindy Station,13.0067,80.2206,20,21,17.2,58.0,28.2,Bike
2026-01-08,16,T Nagar Station,13.0418,80.2341,10,31,24.8,14.0,29.8,Bike
2026-01-08,16,Adyar Station,13.0012,80.2565,8,20,16.9,34.1,28.3,Car
2026-01-08,16,Velachery Station,12.9815,80.218,10,18,31.9,43.3,23.1,Bike
2026-01-08,16,Anna Nagar Station,13.085,80.2101,7,20,17.5,22.6,31.5,Bike
2026-01-08,16,Egmore Station,13.0732,80.2609,13,19,30.2,40.6,29.4,Bike
2026-01-08,16,Tambaram Station,12.9249,80.1,17,8,22.0,62.4,28.8,Bike
2026-01-08,16,Porur Station,13.038,80.1565,6,9,17.9,46.1,31.1,Bike
2026-01-08,16,OMR Station,12.9352,80.23,16,17,30.3,46.1,26.6,Bike
2026-01-08,17,Central Station,13.0827,80.2707,17,13,16.4,55.7,34.5,Car
2026-01-08,17,Guindy Station,13.0067,80.2206,24,12,20.4,61.0,32.2,Bike
2026-01-08,17,T Nagar Station,13.0418,80.2341,27,4,27.8,92.9,27.5,Bike
2026-01-08,17,Adyar Station,13.0012,80.2565,13,4,18.3,77.5,27.7,Car
2026-01-08,17,Velachery Station,12.9815,80.218,20,25,26.3,43.6,24.3,Car
2026-01-08,17,Anna Nagar Station,13.085,80.2101,10,23,15.4,36.7,38.4,Bike
2026-01-08,17,Egmore Station,13.0732,80.2609,9,30,12.7,20.0,29.2,Bike
2026-01-08,17,Tambaram Station,12.9249,80.1,19,11,24.0,65.7,33.9,Bike
2026-01-08,17,Porur Station,13.038,80.1565,32,0,27.6,99.0,31.0,Bike
2026-01-08,17,OMR Station,12.9352,80.23,8,9,28.2,37.6,28.5,Bike
2026-01-08,18,Central Station,13.0827,80.2707,20,6,33.7,76.0,29.7,Bike
2026-01-08,18,Guindy Station,13.0067,80.2206,31,24,27.2,45.6,27.6,Bike
2026-01-08,18,T Nagar Station,13.0418,80.2341,30,14,31.9,75.5,29.4,Bike
2026-01-08,18,Adyar Station,13.0012,80.2565,27,2,15.3,97.6,28.9,Bike
2026-01-08,18,Velachery Station,12.9815,80.218,32,8,20.5,84.1,31.3,Car
2026-01-08,18,Anna Nagar Station,13.085,80.2101,41,8,16.9,86.6,31.1,Bike
2026-01-08,18,Egmore Station,13.0732,80.2609,47,7,30.4,92.4,30.2,Bike
2026-01-08,18,Tambaram Station,12.9249,80.1,29,22,22.5,57.8,28.9,Bike
2026-01-08,18,Porur Station,13.038,80.1565,32,4,33.3,86.1,27.0,Bike
2026-01-08,18,OMR Station,12.9352,80.23,41,9,26.1,68.6,29.1,Bike
2026-01-08,19,Central Station,13.0827,80.2707,21,7,26.0,77.9,29.0,Bike
2026-01-08,19,Guindy Station,13.0067,80.2206,35,5,18.2,84.6,26.8,Bike
2026-01-08,19,T Nagar Station,13.0418,80.2341,40,10,28.6,84.8,33.0,Car
2026-01-08,19,Adyar Station,13.0012,80.2565,33,12,34.8,74.3,26.1,Car
2026-01-08,19,Velachery Station,12.9815,80.218,27,24,37.0,52.0,34.4,Bike
2026-01-08,19,Anna Nagar Station,13.085,80.2101,36,25,21.5,57.6,31.2,Bike
2026-01-08,19,Egmore Station,13.0732,80.2609,49,20,34.3,73.2,25.1,Bike
2026-01-08,19,Tambaram Station,12.9249,80.1,11,29,21.7,31.4,30.6,Bike
2026-01-08,19,Porur Station,13.038,80.1565,42,0,18.1,100.0,24.2,Bike
2026-01-08,19,OMR Station,12.9352,80.23,39,23,29.5,59.5,28.0,Bike
2026-01-08,20,Central Station,13.0827,80.2707,26,20,32.2,59.2,30.7,Bike
2026-01-08,20,Guindy Station,13.0067,80.2206,22,15,26.6,59.0,27.4,Bike
2026-01-08,20,T Nagar Station,13.0418,80.2341,7,28,13.1,21.1,26.5,Bike
2026-01-08,20,Adyar Station,13.0012,80.2565,19,5,27.6,73.2,26.5,Bike
2026-01-08,20,Velachery Station,12.9815,80.218,28,17,18.6,68.9,29.1,Bike
2026-01-08,20,Anna Nagar Station,13.085,80.2101,34,23,18.6,52.9,28.0,Bike
2026-01-08,20,Egmore Station,13.0732,80.2609,16,22,22.8,46.0,31.8,Car
2026-01-08,20,Tambaram Station,12.9249,80.1,13,5,41.8,70.5,29.5,Bike
2026-01-08,20,Porur Station,13.038,80.1565,19,12,23.5,57.8,30.9,Car
2026-01-08,20,OMR Station,12.9352,80.23,30,24,32.2,57.8,29.5,Bike
2026-01-08,21,Central Station,13.0827,80.2707,10,17,18.8,35.1,28.0,Bike
2026-01-08,21,Guindy Station,13.0067,80.2206,7,8,23.4,46.9,29.0,Car
2026-01-08,21,T Nagar Station,13.0418,80.2341,18,7,23.4,66.4,29.6,Bike
2026-01-08,21,Adyar Station,13.0012,80.2565,24,24,26.0,42.8,30.8,Bike
2026-01-08,21,Velachery Station,12.9815,80.218,16,23,21.6,45.9,29.5,Car
2026-01-08,21,Anna Nagar Station,13.085,80.2101,5,12,21.4,28.1,25.3,Bike
2026-01-08,21,Egmore Station,13.0732,80.2609,11,18,17.7,36.6,29.4,Bike
2026-01-08,21,Tambaram Station,12.9249,80.1,17,10,29.1,57.6,25.5,Bike
2026-01-08,21,Porur Station,13.038,80.1565,15,20,27.3,37.5,26.8,Bike
2026-01-08,21,OMR Station,12.9352,80.23,1,28,21.8,10.0,28.8,Bike
2026-01-08,22,Central Station,13.0827,80.2707,3,23,20.5,10.0,30.9,Bike
2026-01-08,22,Guindy Station,13.0067,80.2206,18,8,15.7,74.6,33.6,Bike
2026-01-08,22,T Nagar Station,13.0418,80.2341,16,17,33.3,41.6,28.6,Bike
2026-01-08,22,Adyar Station,13.0012,80.2565,8,30,16.6,22.7,27.0,Bike
2026-01-08,22,Velachery Station,12.9815,80.218,10,27,20.5,25.4,32.3,Bike
2026-01-08,22,Anna Nagar Station,13.085,80.2101,23,5,24.4,75.5,29.3,Bike
2026-01-08,22,Egmore Station,13.0732,80.2609,11,20,20.9,30.2,28.9,Bike
2026-01-08,22,Tambaram Station,12.9249,80.1,9,26,32.4,16.7,26.6,Bike
2026-01-08,22,Porur Station,13.038,80.1565,1,25,18.2,13.5,26.2,Bike
2026-01-08,22,OMR Station,12.9352,80.23,23,18,8.0,63.5,25.6,Bike
2026-01-09,6,Central Station,13.0827,80.2707,14,24,21.8,35.5,30.6,Car
2026-01-09,6,Guindy Station,13.0067,80.2206,22,12,17.2,62.0,26.8,Bike
2026-01-09,6,T Nagar Station,13.0418,80.2341,14,24,29.9,42.8,29.6,Bike
2026-01-09,6,Adyar Station,13.0012,80.2565,13,26,25.0,33.4,35.2,Bike
2026-01-09,6,Velachery Station,12.9815,80.218,14,8,17.1,63.8,28.4,Bike
2026-01-09,6,Anna Nagar Station,13.085,80.2101,16,23,18.4,47.7,24.2,Bike
2026-01-09,6,Egmore Station,13.0732,80.2609,8,24,33.3,20.2,24.0,Bike
2026-01-09,6,Tambaram Station,12.9249,80.1,4,18,25.6,24.4,26.8,Bike
2026-01-09,6,Porur Station,13.038,80.1565,13,16,20.4,47.4,28.8,Car
2026-01-09,6,OMR Station,12.9352,80.23,6,16,42.5,23.8,26.9,Bike
2026-01-09,7,Central Station,13.0827,80.2707,32,5,25.2,92.1,28.0,Bike
2026-01-09,7,Guindy Station,13.0067,80.2206,34,18,29.7,66.0,27.9,Car
2026-01-09,7,T Nagar Station,13.0418,80.2341,24,18,15.1,61.1,33.1,Car
2026-01-09,7,Adyar Station,13.0012,80.2565,16,17,22.9,48.8,26.0,Bike
2026-01-09,7,Velachery Station,12.9815,80.218,19,23,30.9,43.1,29.1,Car
2026-01-09,7,Anna Nagar Station,13.085,80.2101,23,7,25.2,77.7,28.2,Bike
2026-01-09,7,Egmore Station,13.0732,80.2609,36,24,22.7,51.6,27.4,Car
2026-01-09,7,Tambaram Station,12.9249,80.1,31,10,22.5,83.4,23.2,Bike
2026-01-09,7,Porur Station,13.038,80.1565,11,21,14.6,31.9,24.8,Car
2026-01-09,7,OMR Station,12.9352,80.23,20,20,11.2,53.1,34.5,Bike
2026-01-09,8,Central Station,13.0827,80.2707,13,9,30.6,65.4,29.0,Car
2026-01-09,8,Guindy Station,13.0067,80.2206,44,10,23.8,97.5,27.1,Bike
2026-01-09,8,T Nagar Station,13.0418,80.2341,45,1,23.2,100.0,31.5,Bike
2026-01-09,8,Adyar Station,13.0012,80.2565,23,7,31.8,75.3,30.1,Car
2026-01-09,8,Velachery Station,12.9815,80.218,10,7,26.1,67.6,33.1,Bike
2026-01-09,8,Anna Nagar Station,13.085,80.2101,22,18,28.4,57.0,32.3,Bike
2026-01-09,8,Egmore Station,13.0732,80.2609,32,20,24.6,72.0,31.3,Bike
2026-01-09,8,Tambaram Station,12.9249,80.1,46,20,30.4,69.9,36.1,Bike
2026-01-09,8,Porur Station,13.038,80.1565,14,22,26.6,36.5,27.4,Bike
2026-01-09,8,OMR Station,12.9352,80.23,45,2,22.5,92.3,31.7,Bike
2026-01-09,9,Central Station,13.0827,80.2707,21,27,30.2,45.8,26.5,Bike
2026-01-09,9,Guindy Station,13.0067,80.2206,33,19,16.2,66.2,30.8,Bike
2026-01-09,9,T Nagar Station,13.0418,80.2341,30,3,31.3,88.7,36.1,Car
2026-01-09,9,Adyar Station,13.0012,80.2565,35,24,34.3,49.1,27.8,Bike
2026-01-09,9,Velachery Station,12.9815,80.218,17,26,32.3,44.1,26.5,Bike
2026-01-09,9,Anna Nagar Station,13.085,80.2101,38,15,23.9,63.9,31.7,Car
2026-01-09,9,Egmore Station,13.0732,80.2609,29,12,33.4,72.0,26.2,Bike
2026-01-09,9,Tambaram Station,12.9249,80.1,34,6,23.8,79.5,23.8,Bike
2026-01-09,9,Porur Station,13.038,80.1565,24,16,19.6,62.4,32.2,Bike
2026-01-09,9,OMR Station,12.9352,80.23,43,12,9.6,71.8,27.3,Bike
2026-01-09,10,Central Station,13.0827,80.2707,25,24,18.8,43.6,32.7,Bike
2026-01-09,10,Guindy Station,13.0067,80.2206,38,0,33.1,94.4,30.6,Bike
2026-01-09,10,T Nagar Station,13.0418,80.2341,36,15,18.0,67.0,29.7,Bike
2026-01-09,10,Adyar Station,13.0012,80.2565,22,25,30.0,50.6,27.7,Bike
2026-01-09,10,Velachery Station,12.9815,80.218,35,0,18.5,100.0,23.8,Car
2026-01-09,10,Anna Nagar Station,13.085,80.2101,28,6,36.9,82.9,29.1,Car
2026-01-09,10,Egmore Station,13.0732,80.2609,28,6,26.8,86.5,31.9,Car
2026-01-09,10,Tambaram Station,12.9249,80.1,40,18,19.5,65.8,28.7,Bike
2026-01-09,10,Porur Station,13.038,80.1565,17,18,27.0,52.9,31.8,Car
2026-01-09,10,OMR Station,12.9352,80.23,18,11,34.6,57.9,28.0,Bike
2026-01-09,11,Central Station,13.0827,80.2707,15,30,23.4,33.7,34.5,Bike
2026-01-09,11,Guindy Station,13.0067,80.2206,6,23,21.6,19.9,28.8,Bike
2026-01-09,11,T Nagar Station,13.0418,80.2341,22,14,34.4,61.9,31.6,Bike
2026-01-09,11,Adyar Station,13.0012,80.2565,10,8,22.8,56.3,29.0,Bike
2026-01-09,11,Velachery Station,12.9815,80.218,9,16,38.1,34.1,30.4,Bike
2026-01-09,11,Anna Nagar Station,13.085,80.2101,26,9,32.1,76.4,31.8,Bike
2026-01-09,11,Egmore Station,13.0732,80.2609,18,10,25.1,61.5,27.7,Bike
2026-01-09,11,Tambaram Station,12.9249,80.1,17,13,22.4,61.1,30.6,Bike
2026-01-09,11,Porur Station,13.038,80.1565,20,21,26.2,46.9,26.8,Bike
2026-01-09,11,OMR Station,12.9352,80.23,14,23,20.7,36.9,28.9,Bike
2026-01-09,12,Central Station,13.0827,80.2707,11,24,17.4,31.9,30.4,Car
2026-01-09,12,Guindy Station,13.0067,80.2206,24,16,32.3,57.1,25.7,Bike
2026-01-09,12,T Nagar Station,13.0418,80.2341,12,8,26.3,62.5,24.7,Car
2026-01-09,12,Adyar Station,13.0012,80.2565,12,26,12.3,33.8,30.0,Car
2026-01-09,12,Velachery Station,12.9815,80.218,16,18,30.8,46.5,31.6,Bike
2026-01-09,12,Anna Nagar Station,13.085,80.2101,13,24,23.7,44.4,29.8,Bike
2026-01-09,12,Egmore Station,13.0732,80.2609,8,21,26.1,31.9,26.7,Bike
2026-01-09,12,Tambaram Station,12.9249,80.1,11,11,30.6,50.6,31.2,Bike
2026-01-09,12,Porur Station,13.038,80.1565,18,19,17.7,47.4,27.0,Bike
2026-01-09,12,OMR Station,12.9352,80.23,12,26,29.2,34.8,27.8,Car
2026-01-09,13,Central Station,13.0827,80.2707,13,8,23.3,59.4,32.3,Bike
2026-01-09,13,Guindy Station,13.0067,80.2206,17,29,17.0,34.0,30.7,Car
2026-01-09,13,T Nagar Station,13.0418,80.2341,17,6,23.0,68.4,31.7,Bike
2026-01-09,13,Adyar Station,13.0012,80.2565,15,30,20.8,26.9,29.0,Bike
2026-01-09,13,Velachery Station,12.9815,80.218,12,27,21.7,22.8,33.4,Bike
2026-01-09,13,Anna Nagar Station,13.085,80.2101,13,16,15.8,47.2,27.8,Bike
2026-01-09,13,Egmore Station,13.0732,80.2609,12,10,19.7,52.9,29.4,Bike
2026-01-09,13,Tambaram Station,12.9249,80.1,20,3,29.3,86.9,24.0,Bike
2026-01-09,13,Porur Station,13.038,80.1565,15,11,20.1,53.3,32.0,Bike
2026-01-09,13,OMR Station,12.9352,80.23,10,30,31.4,32.8,29.4,Bike
2026-01-09,14,Central Station,13.0827,80.2707,11,17,18.1,37.7,20.7,Bike
2026-01-09,14,Guindy Station,13.0067,80.2206,3,28,14.2,15.4,27.6,Bike
2026-01-09,14,T Nagar Station,13.0418,80.2341,13,13,32.5,45.0,24.3,Bike
2026-01-09,14,Adyar Station,13.0012,80.2565,19,23,33.5,44.0,28.0,Bike
2026-01-09,14,Velachery Station,12.9815,80.218,15,14,25.5,49.4,30.5,Car
2026-01-09,14,Anna Nagar Station,13.085,80.2101,9,25,26.8,24.9,25.4,Bike
2026-01-09,14,Egmore Station,13.0732,80.2609,15,12,22.5,55.9,35.3,Bike
2026-01-09,14,Tambaram Station,12.9249,80.1,15,17,32.3,47.2,31.1,Car
2026-01-09,14,Porur Station,13.038,80.1565,15,24,25.3,44.9,28.2,Bike
2026-01-09,14,OMR Station,12.9352,80.23,12,6,25.5,72.5,29.4,Bike
2026-01-09,15,Central Station,13.0827,80.2707,10,21,11.9,32.6,34.3,Bike
2026-01-09,15,Guindy Station,13.0067,80.2206,2,30,23.3,10.0,29.5,Car
2026-01-09,15,T Nagar Station,13.0418,80.2341,21,25,15.9,42.7,29.0,Bike
2026-01-09,15,Adyar Station,13.0012,80.2565,14,16,29.8,42.0,29.8,Car
2026-01-09,15,Velachery Station,12.9815,80.218,26,6,9.9,83.0,37.0,Bike
2026-01-09,15,Anna Nagar Station,13.085,80.2101,14,16,28.8,53.0,24.8,Bike
2026-01-09,15,Egmore Station,13.0732,80.2609,13,10,23.9,57.3,23.6,Bike
2026-01-09,15,Tambaram Station,12.9249,80.1,24,6,35.3,82.2,26.5,Car
2026-01-09,15,Porur Station,13.038,80.1565,12,12,15.1,44.9,26.9,Bike
2026-01-09,15,OMR Station,12.9352,80.23,14,21,17.2,37.4,35.9,Car
2026-01-09,16,Central Station,13.0827,80.2707,18,22,22.0,47.7,28.1,Bike
2026-01-09,16,Guindy Station,13.0067,80.2206,6,25,18.1,13.2,27.9,Bike
2026-01-09,16,T Nagar Station,13.0418,80.2341,11,20,19.7,43.1,32.9,Bike
2026-01-09,16,Adyar Station,13.0012,80.2565,16,29,31.4,38.1,27.7,Bike
2026-01-09,16,Velachery Station,12.9815,80.218,12,6,15.9,64.5,32.0,Bike
2026-01-09,16,Anna Nagar Station,13.085,80.2101,15,21,21.1,50.9,32.2,Bike
2026-01-09,16,Egmore Station,13.0732,80.2609,22,25,29.9,52.6,26.4,Bike
2026-01-09,16,Tambaram Station,12.9249,80.1,4,32,27.8,10.0,27.4,Bike
2026-01-09,16,Porur Station,13.038,80.1565,5,30,27.8,12.6,32.2,Car
2026-01-09,16,OMR Station,12.9352,80.23,20,29,24.3,35.2,29.8,Bike
2026-01-09,17,Central Station,13.0827,80.2707,24,4,27.3,84.7,28.6,Car
2026-01-09,17,Guindy Station,13.0067,80.2206,34,18,23.3,65.9,29.2,Bike
2026-01-09,17,T Nagar Station,13.0418,80.2341,34,15,21.3,54.8,26.1,Bike
2026-01-09,17,Adyar Station,13.0012,80.2565,7,12,23.5,41.1,31.4,Car
2026-01-09,17,Velachery Station,12.9815,80.218,32,23,28.6,57.9,31.6,Bike
2026-01-09,17,Anna Nagar Station,13.085,80.2101,10,12,12.1,49.3,32.0,Bike
2026-01-09,17,Egmore Station,13.0732,80.2609,20,25,12.2,40.9,25.4,Bike
2026-01-09,17,Tambaram Station,12.9249,80.1,19,29,9.3,29.3,31.7,Car
2026-01-09,17,Porur Station,13.038,80.1565,11,24,22.9,31.6,28.6,Bike
2026-01-09,17,OMR Station,12.9352,80.23,22,10,13.2,63.6,23.3,Bike
2026-01-09,18,Central Station,13.0827,80.2707,11,12,38.7,53.3,32.1,Bike
2026-01-09,18,Guindy Station,13.0067,80.2206,36,17,9.7,68.4,31.1,Bike
2026-01-09,18,T Nagar Station,13.0418,80.2341,48,20,27.3,79.4,25.9,Bike
2026-01-09,18,Adyar Station,13.0012,80.2565,50,4,33.6,86.5,28.6,Car
2026-01-09,18,Velachery Station,12.9815,80.218,39,1,35.0,96.9,30.8,Bike
2026-01-09,18,Anna Nagar Station,13.085,80.2101,45,21,32.0,55.1,30.2,Car
2026-01-09,18,Egmore Station,13.0732,80.2609,37,3,15.8,87.7,23.1,Bike
2026-01-09,18,Tambaram Station,12.9249,80.1,29,16,25.9,59.3,30.5,Bike
2026-01-09,18,Porur Station,13.038,80.1565,47,7,22.1,79.4,28.3,Bike
2026-01-09,18,OMR Station,12.9352,80.23,26,16,32.3,66.3,30.0,Bike
2026-01-09,19,Central Station,13.0827,80.2707,32,16,9.9,66.3,25.1,Bike
2026-01-09,19,Guindy Station,13.0067,80.2206,34,10,27.7,79.1,30.0,Bike
2026-01-09,19,T Nagar Station,13.0418,80.2341,32,14,24.9,64.4,27.7,Bike
2026-01-09,19,Adyar Station,13.0012,80.2565,32,7,30.0,83.1,24.8,Car
2026-01-09,19,Velachery Station,12.9815,80.218,31,15,27.6,68.2,27.7,Bike
2026-01-09,19,Anna Nagar Station,13.085,80.2101,37,15,30.6,71.8,23.7,Bike
2026-01-09,19,Egmore Station,13.0732,80.2609,27,14,28.1,65.7,29.0,Bike
2026-01-09,19,Tambaram Station,12.9249,80.1,39,14,29.8,82.9,27.2,Bike
2026-01-09,19,Porur Station,13.038,80.1565,17,28,19.4,47.4,29.3,Bike
2026-01-09,19,OMR Station,12.9352,80.23,30,26,35.4,49.1,30.2,Bike
2026-01-09,20,Central Station,13.0827,80.2707,13,14,20.6,58.0,31.0,Bike
2026-01-09,20,Guindy Station,13.0067,80.2206,9,31,31.0,18.9,26.3,Car
2026-01-09,20,T Nagar Station,13.0418,80.2341,29,14,32.1,67.7,30.4,Bike
2026-01-09,20,Adyar Station,13.0012,80.2565,15,11,20.9,52.9,26.7,Bike
2026-01-09,20,Velachery Station,12.9815,80.218,20,6,18.5,78.5,31.6,Bike
2026-01-09,20,Anna Nagar Station,13.085,80.2101,28,26,20.8,55.5,33.0,Bike
2026-01-09,20,Egmore Station,13.0732,80.2609,24,4,23.4,88.0,27.1,Car
2026-01-09,20,Tambaram Station,12.9249,80.1,18,22,24.9,48.5,34.4,Bike
2026-01-09,20,Porur Station,13.038,80.1565,22,14,21.1,61.0,28.7,Bike
2026-01-09,20,OMR Station,12.9352,80.23,14,17,16.7,46.3,25.4,Bike
2026-01-09,21,Central Station,13.0827,80.2707,17,23,18.7,45.7,31.9,Bike
2026-01-09,21,Guindy Station,13.0067,80.2206,13,18,33.5,43.7,26.8,Bike
2026-01-09,21,T Nagar Station,13.0418,80.2341,12,9,27.0,52.2,30.6,Bike
2026-01-09,21,Adyar Station,13.0012,80.2565,12,22,27.6,29.2,29.1,Bike
2026-01-09,21,Velachery Station,12.9815,80.218,12,26,21.5,36.0,31.4,Bike
2026-01-09,21,Anna Nagar Station,13.085,80.2101,12,26,22.5,27.4,31.3,Car
2026-01-09,21,Egmore Station,13.0732,80.2609,21,24,27.0,49.3,34.0,Bike
2026-01-09,21,Tambaram Station,12.9249,80.1,19,3,18.1,89.5,28.8,Car
2026-01-09,21,Porur Station,13.038,80.1565,9,16,19.0,31.9,27.7,Car
2026-01-09,21,OMR Station,12.9352,80.23,11,6,19.7,59.8,24.9,Bike
2026-01-09,22,Central Station,13.0827,80.2707,3,10,23.8,24.8,29.4,Bike
2026-01-09,22,Guindy Station,13.0067,80.2206,22,24,18.1,51.7,32.7,Bike
2026-01-09,22,T Nagar Station,13.0418,80.2341,19,29,22.1,41.1,32.9,Bike
2026-01-09,22,Adyar Station,13.0012,80.2565,1,32,25.0,10.0,29.1,Bike
2026-01-09,22,Velachery Station,12.9815,80.218,19,11,19.9,70.1,27.6,Bike
2026-01-09,22,Anna Nagar Station,13.085,80.2101,13,30,29.9,36.6,29.8,Bike
2026-01-09,22,Egmore Station,13.0732,80.2609,12,9,29.8,47.4,27.7,Car
2026-01-09,22,Tambaram Station,12.9249,80.1,20,24,23.0,44.5,32.4,Bike
2026-01-09,22,Porur Station,13.038,80.1565,12,7,38.5,62.2,32.2,Bike
2026-01-09,22,OMR Station,12.9352,80.23,20,9,16.1,55.8,32.1,Bike
2026-01-10,6,Central Station,13.0827,80.2707,19,15,13.1,54.1,31.0,Bike
2026-01-10,6,Guindy Station,13.0067,80.2206,13,24,22.9,37.1,27.1,Bike
2026-01-10,6,T Nagar Station,13.0418,80.2341,21,10,21.6,76.5,27.8,Bike
2026-01-10,6,Adyar Station,13.0012,80.2565,11,8,25.3,63.3,23.2,Bike
2026-01-10,6,Velachery Station,12.9815,80.218,1,16,16.6,10.0,29.8,Bike
2026-01-10,6,Anna Nagar Station,13.085,80.2101,17,11,26.2,57.5,29.7,Bike
2026-01-10,6,Egmore Station,13.0732,80.2609,23,18,21.3,57.8,31.7,Bike
2026-01-10,6,Tambaram Station,12.9249,80.1,15,30,28.6,31.8,29.2,Bike
2026-01-10,6,Porur Station,13.038,80.1565,4,20,12.4,10.0,33.9,Bike
2026-01-10,6,OMR Station,12.9352,80.23,10,17,29.8,44.1,29.6,Bike
2026-01-10,7,Central Station,13.0827,80.2707,31,23,26.0,59.9,29.7,Bike
2026-01-10,7,Guindy Station,13.0067,80.2206,21,23,17.3,54.3,25.5,Bike
2026-01-10,7,T Nagar Station,13.0418,80.2341,7,30,21.5,22.3,29.5,Bike
2026-01-10,7,Adyar Station,13.0012,80.2565,39,6,27.8,89.5,32.5,Bike
2026-01-10,7,Velachery Station,12.9815,80.218,27,20,16.0,49.8,27.9,Car
2026-01-10,7,Anna Nagar Station,13.085,80.2101,15,6,29.6,65.2,30.6,Car
2026-01-10,7,Egmore Station,13.0732,80.2609,26,24,12.1,50.2,29.2,Car
2026-01-10,7,Tambaram Station,12.9249,80.1,26,3,28.6,88.2,28.1,Car
2026-01-10,7,Porur Station,13.038,80.1565,21,21,32.3,54.3,28.3,Bike
2026-01-10,7,OMR Station,12.9352,80.23,24,9,23.6,79.6,29.2,Bike
2026-01-10,8,Central Station,13.0827,80.2707,28,15,24.3,66.5,29.0,Bike
2026-01-10,8,Guindy Station,13.0067,80.2206,33,3,20.3,92.8,30.2,Car
2026-01-10,8,T Nagar Station,13.0418,80.2341,14,26,12.7,26.5,30.7,Bike
2026-01-10,8,Adyar Station,13.0012,80.2565,19,20,40.2,38.0,28.9,Bike
2026-01-10,8,Velachery Station,12.9815,80.218,43,20,22.6,66.5,31.7,Bike
2026-01-10,8,Anna Nagar Station,13.085,80.2101,38,23,29.3,63.1,29.4,Car
2026-01-10,8,Egmore Station,13.0732,80.2609,34,23,8.0,64.9,24.0,Bike
2026-01-10,8,Tambaram Station,12.9249,80.1,14,20,34.6,45.0,28.2,Car
2026-01-10,8,Porur Station,13.038,80.1565,33,15,16.4,64.2,28.3,Bike
2026-01-10,8,OMR Station,12.9352,80.23,37,19,11.5,70.8,24.9,Bike
2026-01-10,9,Central Station,13.0827,80.2707,15,23,25.5,43.7,27.7,Bike
2026-01-10,9,Guindy Station,13.0067,80.2206,30,11,32.4,69.4,31.1,Bike
2026-01-10,9,T Nagar Station,13.0418,80.2341,45,14,15.5,71.4,29.5,Bike
2026-01-10,9,Adyar Station,13.0012,80.2565,35,2,13.2,99.9,30.4,Bike
2026-01-10,9,Velachery Station,12.9815,80.218,29,12,31.5,67.1,29.0,Bike
2026-01-10,9,Anna Nagar Station,13.085,80.2101,18,5,21.5,79.5,33.3,Bike
2026-01-10,9,Egmore Station,13.0732,80.2609,28,21,28.7,60.0,30.4,Car
2026-01-10,9,Tambaram Station,12.9249,80.1,41,20,32.9,66.8,31.8,Bike
2026-01-10,9,Porur Station,13.038,80.1565,41,18,26.8,71.2,31.3,Bike
2026-01-10,9,OMR Station,12.9352,80.23,21,10,34.5,74.6,29.6,Car
2026-01-10,10,Central Station,13.0827,80.2707,17,25,28.8,41.3,26.6,Bike
2026-01-10,10,Guindy Station,13.0067,80.2206,26,18,19.5,57.7,28.2,Bike
2026-01-10,10,T Nagar Station,13.0418,80.2341,19,22,26.3,52.0,29.9,Bike
2026-01-10,10,Adyar Station,13.0012,80.2565,33,10,27.5,80.9,30.6,Car
2026-01-10,10,Velachery Station,12.9815,80.218,38,10,17.3,81.4,32.2,Bike
2026-01-10,10,Anna Nagar Station,13.085,80.2101,19,13,21.9,53.9,29.3,Bike
2026-01-10,10,Egmore Station,13.0732,80.2609,28,14,17.3,68.4,27.8,Bike
2026-01-10,10,Tambaram Station,12.9249,80.1,18,14,18.4,53.8,27.6,Bike
2026-01-10,10,Porur Station,13.038,80.1565,24,17,19.3,61.1,28.8,Bike
2026-01-10,10,OMR Station,12.9352,80.23,13,11,25.8,53.9,27.8,Car
2026-01-10,11,Central Station,13.0827,80.2707,15,8,26.7,64.2,29.9,Bike
2026-01-10,11,Guindy Station,13.0067,80.2206,6,20,38.0,20.2,32.4,Car
2026-01-10,11,T Nagar Station,13.0418,80.2341,19,22,24.3,41.3,30.0,Bike
2026-01-10,11,Adyar Station,13.0012,80.2565,16,4,29.2,80.2,29.0,Bike
2026-01-10,11,Velachery Station,12.9815,80.218,14,29,8.0,38.2,30.8,Car
2026-01-10,11,Anna Nagar Station,13.085,80.2101,4,8,28.0,33.2,33.0,Bike
2026-01-10,11,Egmore Station,13.0732,80.2609,10,13,23.5,42.0,28.2,Bike
2026-01-10,11,Tambaram Station,12.9249,80.1,19,17,17.3,49.2,29.2,Car
2026-01-10,11,Porur Station,13.038,80.1565,12,28,26.6,31.7,35.7,Bike
2026-01-10,11,OMR Station,12.9352,80.23,16,15,29.7,47.2,31.8,Bike
2026-01-10,12,Central Station,13.0827,80.2707,16,8,28.9,68.4,30.6,Bike
2026-01-10,12,Guindy Station,13.0067,80.2206,9,21,20.7,34.3,28.2,Bike
2026-01-10,12,T Nagar Station,13.0418,80.2341,21,25,36.6,42.7,35.0,Bike
2026-01-10,12,Adyar Station,13.0012,80.2565,7,15,33.5,27.4,29.4,Bike
2026-01-10,12,Velachery Station,12.9815,80.218,9,24,18.2,24.7,32.5,Bike
2026-01-10,12,Anna Nagar Station,13.085,80.2101,12,14,30.4,46.2,31.4,Car
2026-01-10,12,Egmore Station,13.0732,80.2609,7,9,29.9,44.4,30.0,Bike
2026-01-10,12,Tambaram Station,12.9249,80.1,13,13,20.9,54.0,26.1,Car
2026-01-10,12,Porur Station,13.038,80.1565,7,7,32.2,54.1,29.2,Bike
2026-01-10,12,OMR Station,12.9352,80.23,8,25,27.0,14.7,33.7,Bike
2026-01-10,13,Central Station,13.0827,80.2707,7,9,35.1,46.3,32.0,Bike
2026-01-10,13,Guindy Station,13.0067,80.2206,12,29,22.8,34.1,29.8,Bike
2026-01-10,13,T Nagar Station,13.0418,80.2341,6,30,34.8,24.0,29.9,Bike
2026-01-10,13,Adyar Station,13.0012,80.2565,9,22,21.7,27.2,31.3,Bike
2026-01-10,13,Velachery Station,12.9815,80.218,18,18,16.9,46.6,29.2,Bike
2026-01-10,13,Anna Nagar Station,13.085,80.2101,9,5,29.9,70.3,27.2,Bike
2026-01-10,13,Egmore Station,13.0732,80.2609,3,9,25.8,21.1,31.5,Bike
2026-01-10,13,Tambaram Station,12.9249,80.1,9,7,32.4,63.6,31.6,Car
2026-01-10,13,Porur Station,13.038,80.1565,5,20,26.7,21.8,36.1,Car
2026-01-10,13,OMR Station,12.9352,80.23,20,13,35.7,53.6,28.0,Bike
2026-01-10,14,Central Station,13.0827,80.2707,7,24,22.0,22.0,31.7,Bike
2026-01-10,14,Guindy Station,13.0067,80.2206,26,6,30.3,69.3,26.4,Bike
2026-01-10,14,T Nagar Station,13.0418,80.2341,22,21,23.7,52.2,25.5,Bike
2026-01-10,14,Adyar Station,13.0012,80.2565,11,21,20.9,33.4,28.3,Bike
2026-01-10,14,Velachery Station,12.9815,80.218,16,9,18.0,61.2,28.3,Car
2026-01-10,14,Anna Nagar Station,13.085,80.2101,17,13,30.3,58.5,31.2,Bike
2026-01-10,14,Egmore Station,13.0732,80.2609,16,5,30.8,72.2,32.6,Bike
2026-01-10,14,Tambaram Station,12.9249,80.1,6,27,26.6,25.2,29.1,Car
2026-01-10,14,Porur Station,13.038,80.1565,17,3,9.6,84.1,30.5,Car
2026-01-10,14,OMR Station,12.9352,80.23,1,8,31.3,17.2,27.4,Bike
2026-01-10,15,Central Station,13.0827,80.2707,2,16,25.7,11.6,30.2,Bike
2026-01-10,15,Guindy Station,13.0067,80.2206,1,23,22.9,10.0,32.1,Bike
2026-01-10,15,T Nagar Station,13.0418,80.2341,6,12,23.7,30.4,31.4,Bike
2026-01-10,15,Adyar Station,13.0012,80.2565,6,23,19.0,11.9,34.1,Car
2026-01-10,15,Velachery Station,12.9815,80.218,12,17,15.7,32.8,28.3,Bike
2026-01-10,15,Anna Nagar Station,13.085,80.2101,9,27,24.4,20.1,29.4,Bike
2026-01-10,15,Egmore Station,13.0732,80.2609,14,6,38.3,75.0,32.7,Bike
2026-01-10,15,Tambaram Station,12.9249,80.1,17,24,18.6,33.0,31.9,Bike
2026-01-10,15,Porur Station,13.038,80.1565,6,31,18.3,16.2,31.0,Bike
2026-01-10,15,OMR Station,12.9352,80.23,1,26,31.0,10.0,32.2,Bike
2026-01-10,16,Central Station,13.0827,80.2707,17,17,8.0,52.7,35.3,Bike
2026-01-10,16,Guindy Station,13.0067,80.2206,22,17,23.5,53.4,28.8,Bike
2026-01-10,16,T Nagar Station,13.0418,80.2341,13,7,24.4,62.6,28.9,Bike
2026-01-10,16,Adyar Station,13.0012,80.2565,9,21,25.5,25.9,30.7,Car
2026-01-10,16,Velachery Station,12.9815,80.218,10,23,18.9,30.4,29.7,Bike
2026-01-10,16,Anna Nagar Station,13.085,80.2101,6,27,32.3,24.9,36.9,Car
2026-01-10,16,Egmore Station,13.0732,80.2609,9,7,28.7,57.2,28.7,Bike
2026-01-10,16,Tambaram Station,12.9249,80.1,7,22,20.3,19.1,33.2,Bike
2026-01-10,16,Porur Station,13.038,80.1565,7,29,32.2,18.1,22.2,Car
2026-01-10,16,OMR Station,12.9352,80.23,10,10,14.6,47.7,28.8,Bike
2026-01-10,17,Central Station,13.0827,80.2707,31,9,14.8,77.3,35.2,Bike
2026-01-10,17,Guindy Station,13.0067,80.2206,27,16,23.0,57.3,26.5,Bike
2026-01-10,17,T Nagar Station,13.0418,80.2341,25,9,11.5,82.6,27.0,Bike
2026-01-10,17,Adyar Station,13.0012,80.2565,20,7,8.5,67.7,28.5,Bike
2026-01-10,17,Velachery Station,12.9815,80.218,27,19,25.3,61.0,25.8,Car
2026-01-10,17,Anna Nagar Station,13.085,80.2101,37,21,27.6,71.1,29.5,Bike
2026-01-10,17,Egmore Station,13.0732,80.2609,12,9,26.3,61.8,30.7,Bike
2026-01-10,17,Tambaram Station,12.9249,80.1,22,3,28.3,90.9,31.5,Bike
2026-01-10,17,Porur Station,13.038,80.1565,18,22,34.0,42.6,29.9,Bike
2026-01-10,17,OMR Station,12.9352,80.23,31,8,21.4,83.4,28.0,Bike
2026-01-10,18,Central Station,13.0827,80.2707,12,20,18.0,39.6,31.8,Bike
2026-01-10,18,Guindy Station,13.0067,80.2206,42,11,11.6,64.2,27.3,Bike
2026-01-10,18,T Nagar Station,13.0418,80.2341,14,19,24.5,46.7,26.1,Car
2026-01-10,18,Adyar Station,13.0012,80.2565,31,11,25.0,68.3,30.5,Bike
2026-01-10,18,Velachery Station,12.9815,80.218,24,24,40.1,42.2,27.7,Car
2026-01-10,18,Anna Nagar Station,13.085,80.2101,50,0,26.3,92.5,24.6,Bike
2026-01-10,18,Egmore Station,13.0732,80.2609,42,13,17.3,78.7,35.1,Bike
2026-01-10,18,Tambaram Station,12.9249,80.1,21,28,15.7,34.6,35.6,Bike
2026-01-10,18,Porur Station,13.038,80.1565,28,21,27.7,57.9,32.4,Bike
2026-01-10,18,OMR Station,12.9352,80.23,35,6,13.7,82.5,27.4,Car
2026-01-10,19,Central Station,13.0827,80.2707,19,18,25.4,52.6,26.0,Car
2026-01-10,19,Guindy Station,13.0067,80.2206,17,4,31.8,80.2,33.9,Bike
2026-01-10,19,T Nagar Station,13.0418,80.2341,41,0,20.8,87.6,26.4,Bike
2026-01-10,19,Adyar Station,13.0012,80.2565,44,3,28.3,89.7,27.4,Bike
2026-01-10,19,Velachery Station,12.9815,80.218,18,29,35.1,40.3,28.5,Bike
2026-01-10,19,Anna Nagar Station,13.085,80.2101,14,25,10.3,33.7,28.8,Car
2026-01-10,19,Egmore Station,13.0732,80.2609,41,19,28.8,74.5,29.6,Bike
2026-01-10,19,Tambaram Station,12.9249,80.1,13,5,28.1,73.4,27.2,Car
2026-01-10,19,Porur Station,13.038,80.1565,53,8,27.1,88.9,30.8,Bike
2026-01-10,19,OMR Station,12.9352,80.23,46,11,31.0,78.7,32.0,Car
2026-01-10,20,Central Station,13.0827,80.2707,22,16,26.0,62.7,29.2,Bike
2026-01-10,20,Guindy Station,13.0067,80.2206,26,21,24.2,49.3,30.8,Bike
2026-01-10,20,T Nagar Station,13.0418,80.2341,24,14,10.8,56.9,28.2,Bike
2026-01-10,20,Adyar Station,13.0012,80.2565,25,23,22.5,57.6,34.2,Bike
2026-01-10,20,Velachery Station,12.9815,80.218,15,8,22.1,70.7,33.6,Car
2026-01-10,20,Anna Nagar Station,13.085,80.2101,23,21,8.0,55.5,36.5,Bike
2026-01-10,20,Egmore Station,13.0732,80.2609,18,21,30.7,42.6,31.9,Bike
2026-01-10,20,Tambaram Station,12.9249,80.1,16,29,31.8,38.3,28.6,Bike
2026-01-10,20,Porur Station,13.038,80.1565,21,14,31.3,60.8,26.8,Bike
2026-01-10,20,OMR Station,12.9352,80.23,37,0,27.8,100.0,27.6,Bike
2026-01-10,21,Central Station,13.0827,80.2707,7,13,24.9,22.7,28.8,Bike
2026-01-10,21,Guindy Station,13.0067,80.2206,16,26,36.6,40.9,32.9,Bike
2026-01-10,21,T Nagar Station,13.0418,80.2341,1,16,19.7,10.0,22.5,Bike
2026-01-10,21,Adyar Station,13.0012,80.2565,16,13,17.3,55.2,30.5,Car
2026-01-10,21,Velachery Station,12.9815,80.218,12,26,28.5,28.4,26.5,Bike
2026-01-10,21,Anna Nagar Station,13.085,80.2101,21,6,20.3,77.4,34.7,Bike
2026-01-10,21,Egmore Station,13.0732,80.2609,13,8,22.1,65.4,26.8,Car
2026-01-10,21,Tambaram Station,12.9249,80.1,12,14,35.9,51.7,31.8,Car
2026-01-10,21,Porur Station,13.038,80.1565,21,19,16.3,55.7,26.5,Car
2026-01-10,21,OMR Station,12.9352,80.23,11,5,18.1,60.5,29.6,Bike
2026-01-10,22,Central Station,13.0827,80.2707,14,14,31.0,40.0,27.4,Car
2026-01-10,22,Guindy Station,13.0067,80.2206,17,23,15.4,48.4,35.8,Bike
2026-01-10,22,T Nagar Station,13.0418,80.2341,13,9,18.6,56.7,27.8,Bike
2026-01-10,22,Adyar Station,13.0012,80.2565,11,19,20.7,41.9,28.4,Bike
2026-01-10,22,Velachery Station,12.9815,80.218,18,24,17.6,43.4,34.7,Car
2026-01-10,22,Anna Nagar Station,13.085,80.2101,5,18,20.4,21.6,26.1,Bike
2026-01-10,22,Egmore Station,13.0732,80.2609,13,6,29.6,67.4,33.7,Bike
2026-01-10,22,Tambaram Station,12.9249,80.1,14,18,14.2,38.6,29.9,Bike
2026-01-10,22,Porur Station,13.038,80.1565,19,28,19.2,42.3,32.8,Bike
2026-01-10,22,OMR Station,12.9352,80.23,15,6,28.0,68.5,30.6,Bike
2026-01-11,6,Central Station,13.0827,80.2707,8,8,19.1,59.3,31.3,Car
2026-01-11,6,Guindy Station,13.0067,80.2206,1,30,22.7,10.8,30.6,Bike
2026-01-11,6,T Nagar Station,13.0418,80.2341,14,17,22.5,45.5,29.3,Car
2026-01-11,6,Adyar Station,13.0012,80.2565,8,22,20.8,32.7,33.1,Bike
2026-01-11,6,Velachery Station,12.9815,80.218,3,25,20.9,12.7,24.0,Bike
2026-01-11,6,Anna Nagar Station,13.085,80.2101,28,1,29.4,92.2,28.0,Car
2026-01-11,6,Egmore Station,13.0732,80.2609,13,9,26.8,53.7,27.8,Bike
2026-01-11,6,Tambaram Station,12.9249,80.1,12,25,24.5,32.2,28.9,Bike
2026-01-11,6,Porur Station,13.038,80.1565,22,3,19.4,83.7,27.9,Car
2026-01-11,6,OMR Station,12.9352,80.23,3,28,23.7,10.0,33.4,Bike
2026-01-11,7,Central Station,13.0827,80.2707,11,21,13.2,33.0,29.9,Car
2026-01-11,7,Guindy Station,13.0067,80.2206,17,23,17.1,46.0,24.7,Bike
2026-01-11,7,T Nagar Station,13.0418,80.2341,33,21,24.0,63.5,21.3,Bike
2026-01-11,7,Adyar Station,13.0012,80.2565,32,8,16.7,81.9,28.1,Bike
2026-01-11,7,Velachery Station,12.9815,80.218,23,13,16.2,56.7,30.4,Bike
2026-01-11,7,Anna Nagar Station,13.085,80.2101,41,13,8.0,68.8,36.3,Bike
2026-01-11,7,Egmore Station,13.0732,80.2609,33,5,24.4,79.1,29.8,Bike
2026-01-11,7,Tambaram Station,12.9249,80.1,24,7,26.4,79.9,33.1,Bike
2026-01-11,7,Porur Station,13.038,80.1565,34,19,23.3,61.8,30.6,Car
2026-01-11,7,OMR Station,12.9352,80.23,16,6,20.4,71.3,33.2,Bike
2026-01-11,8,Central Station,13.0827,80.2707,24,21,33.2,56.1,35.5,Bike
2026-01-11,8,Guindy Station,13.0067,80.2206,24,16,24.0,54.9,29.4,Bike
2026-01-11,8,T Nagar Station,13.0418,80.2341,31,18,22.2,64.0,26.8,Bike
2026-01-11,8,Adyar Station,13.0012,80.2565,12,24,20.7,38.7,29.4,Car
2026-01-11,8,Velachery Station,12.9815,80.218,26,14,20.0,66.4,32.6,Bike
2026-01-11,8,Anna Nagar Station,13.085,80.2101,27,12,30.8,65.5,24.7,Bike
2026-01-11,8,Egmore Station,13.0732,80.2609,16,14,31.5,53.4,27.4,Car
2026-01-11,8,Tambaram Station,12.9249,80.1,24,24,23.2,42.8,34.4,Bike
2026-01-11,8,Porur Station,13.038,80.1565,44,21,27.6,68.9,30.5,Bike
2026-01-11,8,OMR Station,12.9352,80.23,17,17,17.1,53.1,32.6,Bike
2026-01-11,9,Central Station,13.0827,80.2707,35,11,10.4,81.9,28.9,Bike
2026-01-11,9,Guindy Station,13.0067,80.2206,30,14,22.9,65.8,31.0,Bike
2026-01-11,9,T Nagar Station,13.0418,80.2341,23,23,29.9,52.6,27.2,Bike
2026-01-11,9,Adyar Station,13.0012,80.2565,48,20,19.0,69.5,27.6,Car
2026-01-11,9,Velachery Station,12.9815,80.218,43,10,19.0,77.1,29.6,Bike
2026-01-11,9,Anna Nagar Station,13.085,80.2101,59,8,19.4,89.4,25.6,Bike
2026-01-11,9,Egmore Station,13.0732,80.2609,17,11,23.4,65.7,30.7,Bike
2026-01-11,9,Tambaram Station,12.9249,80.1,48,5,26.5,92.5,34.3,Bike
2026-01-11,9,Porur Station,13.038,80.1565,30,0,20.4,94.3,32.1,Bike
2026-01-11,9,OMR Station,12.9352,80.23,26,20,37.9,54.8,34.7,Bike
2026-01-11,10,Central Station,13.0827,80.2707,26,8,24.9,78.4,28.4,Bike
2026-01-11,10,Guindy Station,13.0067,80.2206,20,24,29.0,45.9,27.9,Bike
2026-01-11,10,T Nagar Station,13.0418,80.2341,20,24,13.3,42.2,32.2,Bike
2026-01-11,10,Adyar Station,13.0012,80.2565,26,15,12.3,62.3,27.2,Bike
2026-01-11,10,Velachery Station,12.9815,80.218,36,24,24.6,63.1,29.7,Bike
2026-01-11,10,Anna Nagar Station,13.085,80.2101,15,11,16.3,57.5,29.7,Bike
2026-01-11,10,Egmore Station,13.0732,80.2609,33,12,20.1,74.3,29.3,Bike
2026-01-11,10,Tambaram Station,12.9249,80.1,28,20,18.0,56.1,23.5,Bike
2026-01-11,10,Porur Station,13.038,80.1565,14,20,28.5,45.6,33.7,Bike
2026-01-11,10,OMR Station,12.9352,80.23,10,5,22.2,70.1,37.2,Bike
2026-01-11,11,Central Station,13.0827,80.2707,13,26,31.7,31.5,29.9,Bike
2026-01-11,11,Guindy Station,13.0067,80.2206,2,26,24.2,10.0,25.8,Bike
2026-01-11,11,T Nagar Station,13.0418,80.2341,5,6,36.4,41.5,25.1,Bike
2026-01-11,11,Adyar Station,13.0012,80.2565,19,28,45.4,48.0,31.8,Bike
2026-01-11,11,Velachery Station,12.9815,80.218,14,20,30.4,35.0,27.3,Bike
2026-01-11,11,Anna Nagar Station,13.085,80.2101,5,20,25.5,20.6,26.1,Bike
2026-01-11,11,Egmore Station,13.0732,80.2609,11,17,14.0,43.7,29.7,Bike
2026-01-11,11,Tambaram Station,12.9249,80.1,14,14,37.4,52.6,31.8,Car
2026-01-11,11,Porur Station,13.038,80.1565,12,9,38.7,52.6,29.3,Bike
2026-01-11,11,OMR Station,12.9352,80.23,15,20,22.6,39.7,28.9,Bike
2026-01-11,12,Central Station,13.0827,80.2707,8,20,20.2,17.8,29.8,Bike
2026-01-11,12,Guindy Station,13.0067,80.2206,16,10,19.7,65.8,29.5,Bike
2026-01-11,12,T Nagar Station,13.0418,80.2341,13,29,23.9,33.6,28.2,Bike
2026-01-11,12,Adyar Station,13.0012,80.2565,12,24,20.5,37.2,32.6,Bike
2026-01-11,12,Velachery Station,12.9815,80.218,13,27,25.3,30.1,25.2,Bike
2026-01-11,12,Anna Nagar Station,13.085,80.2101,17,23,20.8,48.7,28.7,Bike
2026-01-11,12,Egmore Station,13.0732,80.2609,20,19,17.8,56.6,32.3,Bike
2026-01-11,12,Tambaram Station,12.9249,80.1,15,10,19.8,57.9,34.5,Bike
2026-01-11,12,Porur Station,13.038,80.1565,16,22,20.8,48.2,32.3,Bike
2026-01-11,12,OMR Station,12.9352,80.23,3,16,28.0,13.3,26.6,Bike
2026-01-11,13,Central Station,13.0827,80.2707,9,8,10.4,50.6,26.3,Bike
2026-01-11,13,Guindy Station,13.0067,80.2206,21,15,13.3,66.3,30.7,Bike
2026-01-11,13,T Nagar Station,13.0418,80.2341,20,28,17.0,42.6,27.9,Car
2026-01-11,13,Adyar Station,13.0012,80.2565,19,27,11.4,42.2,25.1,Car
2026-01-11,13,Velachery Station,12.9815,80.218,20,4,16.7,81.4,29.4,Bike
2026-01-11,13,Anna Nagar Station,13.085,80.2101,16,29,21.2,35.3,29.3,Bike
2026-01-11,13,Egmore Station,13.0732,80.2609,18,12,32.0,64.1,23.9,Bike
2026-01-11,13,Tambaram Station,12.9249,80.1,11,31,11.1,21.1,25.9,Car
2026-01-11,13,Porur Station,13.038,80.1565,20,12,33.3,61.3,32.7,Bike
2026-01-11,13,OMR Station,12.9352,80.23,13,8,12.9,58.7,25.3,Bike
2026-01-11,14,Central Station,13.0827,80.2707,14,6,36.9,61.1,30.9,Bike
2026-01-11,14,Guindy Station,13.0067,80.2206,12,17,24.0,35.8,31.7,Car
2026-01-11,14,T Nagar Station,13.0418,80.2341,9,9,17.9,55.0,28.8,Bike
2026-01-11,14,Adyar Station,13.0012,80.2565,20,28,29.7,41.2,33.6,Car
2026-01-11,14,Velachery Station,12.9815,80.218,9,21,34.1,41.5,25.2,Car
2026-01-11,14,Anna Nagar Station,13.085,80.2101,8,15,9.6,34.7,27.0,Bike
2026-01-11,14,Egmore Station,13.0732,80.2609,10,31,26.9,30.7,32.0,Bike
2026-01-11,14,Tambaram Station,12.9249,80.1,12,17,22.1,43.3,34.7,Bike
2026-01-11,14,Porur Station,13.038,80.1565,9,30,8.5,32.0,31.3,Bike
2026-01-11,14,OMR Station,12.9352,80.23,11,25,21.4,36.6,31.2,Bike
2026-01-11,15,Central Station,13.0827,80.2707,10,31,21.8,27.2,28.1,Bike
2026-01-11,15,Guindy Station,13.0067,80.2206,16,5,31.9,79.4,26.5,Bike
2026-01-11,15,T Nagar Station,13.0418,80.2341,10,25,26.4,21.8,28.4,Bike
2026-01-11,15,Adyar Station,13.0012,80.2565,13,12,26.8,59.5,27.4,Bike
2026-01-11,15,Velachery Station,12.9815,80.218,14,18,27.2,41.6,30.8,Car
2026-01-11,15,Anna Nagar Station,13.085,80.2101,20,20,23.1,47.6,26.2,Bike
2026-01-11,15,Egmore Station,13.0732,80.2609,11,16,19.8,38.4,31.3,Bike
2026-01-11,15,Tambaram Station,12.9249,80.1,9,5,13.5,60.9,34.9,Car
2026-01-11,15,Porur Station,13.038,80.1565,12,5,31.4,70.7,30.2,Bike
2026-01-11,15,OMR Station,12.9352,80.23,19,20,28.6,46.8,24.5,Bike
2026-01-11,16,Central Station,13.0827,80.2707,23,3,17.8,88.6,24.6,Bike
2026-01-11,16,Guindy Station,13.0067,80.2206,14,30,28.4,26.2,33.0,Bike
2026-01-11,16,T Nagar Station,13.0418,80.2341,1,25,41.0,10.0,32.6,Bike
2026-01-11,16,Adyar Station,13.0012,80.2565,9,16,11.7,35.9,29.9,Bike
2026-01-11,16,Velachery Station,12.9815,80.218,11,25,31.0,28.0,32.1,Bike
2026-01-11,16,Anna Nagar Station,13.085,80.2101,21,21,26.3,56.9,35.9,Car
2026-01-11,16,Egmore Station,13.0732,80.2609,4,24,21.8,16.9,30.4,Bike
2026-01-11,16,Tambaram Station,12.9249,80.1,11,28,19.1,35.5,24.2,Bike
2026-01-11,16,Porur Station,13.038,80.1565,8,23,10.5,22.0,27.0,Car
2026-01-11,16,OMR Station,12.9352,80.23,14,26,29.2,40.2,34.7,Bike
2026-01-11,17,Central Station,13.0827,80.2707,12,28,24.5,29.0,32.4,Bike
2026-01-11,17,Guindy Station,13.0067,80.2206,26,23,13.7,57.7,34.3,Bike
2026-01-11,17,T Nagar Station,13.0418,80.2341,22,18,14.1,58.2,27.1,Car
2026-01-11,17,Adyar Station,13.0012,80.2565,10,31,16.5,29.2,29.9,Bike
2026-01-11,17,Velachery Station,12.9815,80.218,32,19,23.5,60.3,28.5,Bike
2026-01-11,17,Anna Nagar Station,13.085,80.2101,24,8,31.7,78.2,32.7,Bike
2026-01-11,17,Egmore Station,13.0732,80.2609,19,23,23.1,56.7,33.4,Bike
2026-01-11,17,Tambaram Station,12.9249,80.1,30,12,30.5,82.3,28.4,Bike
2026-01-11,17,Porur Station,13.038,80.1565,10,16,16.3,40.0,36.1,Bike
2026-01-11,17,OMR Station,12.9352,80.23,39,1,33.5,100.0,30.8,Bike
2026-01-11,18,Central Station,13.0827,80.2707,29,3,20.3,89.1,35.3,Car
2026-01-11,18,Guindy Station,13.0067,80.2206,15,8,23.2,64.4,30.0,Bike
2026-01-11,18,T Nagar Station,13.0418,80.2341,14,16,26.1,56.2,29.0,Bike
2026-01-11,18,Adyar Station,13.0012,80.2565,31,22,24.4,52.4,20.5,Car
2026-01-11,18,Velachery Station,12.9815,80.218,16,30,16.4,41.7,29.4,Bike
2026-01-11,18,Anna Nagar Station,13.085,80.2101,25,11,30.1,76.9,30.9,Bike
2026-01-11,18,Egmore Station,13.0732,80.2609,38,11,33.3,76.0,31.5,Bike
2026-01-11,18,Tambaram Station,12.9249,80.1,19,22,19.3,43.5,28.7,Bike
2026-01-11,18,Porur Station,13.038,80.1565,36,19,21.5,62.9,31.0,Bike
2026-01-11,18,OMR Station,12.9352,80.23,34,2,28.1,93.2,26.4,Bike
2026-01-11,19,Central Station,13.0827,80.2707,30,4,22.5,90.4,30.0,Bike
2026-01-11,19,Guindy Station,13.0067,80.2206,19,20,28.8,57.7,31.9,Bike
2026-01-11,19,T Nagar Station,13.0418,80.2341,33,0,14.8,99.9,26.7,Car
2026-01-11,19,Adyar Station,13.0012,80.2565,11,21,23.8,27.2,27.0,Car
2026-01-11,19,Velachery Station,12.9815,80.218,32,6,27.6,87.5,22.5,Car
2026-01-11,19,Anna Nagar Station,13.085,80.2101,19,20,25.5,45.0,28.6,Bike
2026-01-11,19,Egmore Station,13.0732,80.2609,39,0,17.7,100.0,31.3,Car
2026-01-11,19,Tambaram Station,12.9249,80.1,39,17,18.1,63.4,30.9,Bike
2026-01-11,19,Porur Station,13.038,80.1565,38,2,26.2,100.0,29.1,Bike
2026-01-11,19,OMR Station,12.9352,80.23,35,4,11.6,90.8,28.7,Bike
2026-01-11,20,Central Station,13.0827,80.2707,35,20,22.3,62.8,29.9,Bike
2026-01-11,20,Guindy Station,13.0067,80.2206,33,7,23.5,85.1,30.0,Bike
2026-01-11,20,T Nagar Station,13.0418,80.2341,29,13,12.6,83.0,31.9,Bike
2026-01-11,20,Adyar Station,13.0012,80.2565,12,29,24.7,25.4,31.6,Bike
2026-01-11,20,Velachery Station,12.9815,80.218,18,9,24.7,61.4,28.9,Bike
2026-01-11,20,Anna Nagar Station,13.085,80.2101,26,7,24.7,75.7,31.3,Bike
2026-01-11,20,Egmore Station,13.0732,80.2609,21,28,31.4,45.8,31.7,Car
2026-01-11,20,Tambaram Station,12.9249,80.1,24,14,28.1,61.5,29.5,Car
2026-01-11,20,Porur Station,13.038,80.1565,24,2,31.2,94.2,35.9,Bike
2026-01-11,20,OMR Station,12.9352,80.23,27,8,25.6,77.0,31.4,Bike
2026-01-11,21,Central Station,13.0827,80.2707,12,16,22.8,40.1,29.3,Bike
2026-01-11,21,Guindy Station,13.0067,80.2206,18,29,27.3,41.0,30.4,Bike
2026-01-11,21,T Nagar Station,13.0418,80.2341,3,24,25.7,10.0,27.9,Car
2026-01-11,21,Adyar Station,13.0012,80.2565,12,30,31.4,32.0,28.9,Bike
2026-01-11,21,Velachery Station,12.9815,80.218,11,31,23.3,27.4,26.3,Car
2026-01-11,21,Anna Nagar Station,13.085,80.2101,13,20,25.1,40.8,30.0,Bike
2026-01-11,21,Egmore Station,13.0732,80.2609,16,18,18.8,48.0,26.1,Bike
2026-01-11,21,Tambaram Station,12.9249,80.1,16,9,24.5,64.1,29.3,Bike
2026-01-11,21,Porur Station,13.038,80.1565,6,24,25.5,25.6,24.9,Bike
2026-01-11,21,OMR Station,12.9352,80.23,15,5,29.4,74.7,29.3,Bike
2026-01-11,22,Central Station,13.0827,80.2707,11,20,20.2,34.6,27.3,Bike
2026-01-11,22,Guindy Station,13.0067,80.2206,3,26,24.7,14.2,32.3,Car
2026-01-11,22,T Nagar Station,13.0418,80.2341,24,19,32.0,56.9,25.2,Bike
2026-01-11,22,Adyar Station,13.0012,80.2565,11,14,32.6,35.7,32.5,Bike
2026-01-11,22,Velachery Station,12.9815,80.218,9,12,22.4,39.7,28.4,Bike
2026-01-11,22,Anna Nagar Station,13.085,80.2101,6,8,22.9,46.9,29.1,Bike
2026-01-11,22,Egmore Station,13.0732,80.2609,14,29,22.2,33.8,27.4,Bike
2026-01-11,22,Tambaram Station,12.9249,80.1,5,18,29.2,23.7,29.5,Car
2026-01-11,22,Porur Station,13.038,80.1565,20,11,31.6,60.3,27.5,Car
2026-01-11,22,OMR Station,12.9352,80.23,10,6,28.2,59.6,31.9,Bike
2026-01-12,6,Central Station,13.0827,80.2707,17,12,45.9,65.0,28.5,Car
2026-01-12,6,Guindy Station,13.0067,80.2206,24,6,13.2,83.3,22.0,Bike
2026-01-12,6,T Nagar Station,13.0418,80.2341,14,30,16.8,39.0,32.9,Bike
2026-01-12,6,Adyar Station,13.0012,80.2565,11,11,10.3,52.7,28.2,Bike
2026-01-12,6,Velachery Station,12.9815,80.218,18,28,22.6,39.2,31.1,Bike
2026-01-12,6,Anna Nagar Station,13.085,80.2101,10,15,28.3,45.2,27.7,Bike
2026-01-12,6,Egmore Station,13.0732,80.2609,13,18,21.1,48.0,34.7,Bike
2026-01-12,6,Tambaram Station,12.9249,80.1,15,4,38.3,75.9,27.9,Bike
2026-01-12,6,Porur Station,13.038,80.1565,17,26,24.4,30.1,31.1,Bike
2026-01-12,6,OMR Station,12.9352,80.23,17,10,35.9,66.2,30.4,Bike
2026-01-12,7,Central Station,13.0827,80.2707,29,9,26.2,72.8,32.4,Bike
2026-01-12,7,Guindy Station,13.0067,80.2206,9,25,27.5,28.3,33.0,Bike
2026-01-12,7,T Nagar Station,13.0418,80.2341,13,25,15.7,33.9,27.2,Bike
2026-01-12,7,Adyar Station,13.0012,80.2565,6,10,34.3,31.9,29.6,Car
2026-01-12,7,Velachery Station,12.9815,80.218,16,8,26.4,74.8,29.4,Bike
2026-01-12,7,Anna Nagar Station,13.085,80.2101,23,27,8.0,44.5,26.9,Bike
2026-01-12,7,Egmore Station,13.0732,80.2609,20,8,36.6,73.6,34.5,Bike
2026-01-12,7,Tambaram Station,12.9249,80.1,30,18,25.3,66.4,29.3,Bike
2026-01-12,7,Porur Station,13.038,80.1565,30,3,21.7,95.4,28.1,Car
2026-01-12,7,OMR Station,12.9352,80.23,10,21,25.3,34.4,29.0,Bike
2026-01-12,8,Central Station,13.0827,80.2707,19,25,16.7,40.8,28.4,Bike
2026-01-12,8,Guindy Station,13.0067,80.2206,23,12,22.3,65.5,29.9,Bike
2026-01-12,8,T Nagar Station,13.0418,80.2341,19,9,8.0,52.0,28.5,Bike
2026-01-12,8,Adyar Station,13.0012,80.2565,35,11,30.5,73.5,28.3,Bike
2026-01-12,8,Velachery Station,12.9815,80.218,35,12,38.8,82.6,27.2,Bike
2026-01-12,8,Anna Nagar Station,13.085,80.2101,43,7,30.7,87.0,26.2,Bike
2026-01-12,8,Egmore Station,13.0732,80.2609,40,24,23.2,66.8,21.2,Bike
2026-01-12,8,Tambaram Station,12.9249,80.1,45,4,24.1,86.7,33.0,Bike
2026-01-12,8,Porur Station,13.038,80.1565,21,14,11.6,52.7,29.0,Car
2026-01-12,8,OMR Station,12.9352,80.23,29,6,21.2,92.3,27.6,Bike
2026-01-12,9,Central Station,13.0827,80.2707,30,23,32.1,56.3,29.9,Bike
2026-01-12,9,Guindy Station,13.0067,80.2206,22,24,18.4,48.3,32.3,Bike
2026-01-12,9,T Nagar Station,13.0418,80.2341,46,17,10.4,76.2,31.1,Bike
2026-01-12,9,Adyar Station,13.0012,80.2565,46,6,20.3,90.0,33.6,Car
2026-01-12,9,Velachery Station,12.9815,80.218,53,20,27.3,69.0,31.9,Bike
2026-01-12,9,Anna Nagar Station,13.085,80.2101,42,6,29.4,97.0,30.5,Bike
2026-01-12,9,Egmore Station,13.0732,80.2609,44,12,25.7,78.2,21.0,Car
2026-01-12,9,Tambaram Station,12.9249,80.1,30,0,20.1,100.0,31.1,Bike
2026-01-12,9,Porur Station,13.038,80.1565,50,5,21.7,93.0,30.1,Bike
2026-01-12,9,OMR Station,12.9352,80.23,30,3,22.6,91.3,29.7,Bike
2026-01-12,10,Central Station,13.0827,80.2707,21,27,17.6,42.2,28.2,Bike
2026-01-12,10,Guindy Station,13.0067,80.2206,16,23,34.3,37.4,23.0,Bike
2026-01-12,10,T Nagar Station,13.0418,80.2341,40,7,32.3,83.9,26.1,Bike
2026-01-12,10,Adyar Station,13.0012,80.2565,18,17,29.2,47.2,25.6,Bike
2026-01-12,10,Velachery Station,12.9815,80.218,12,16,13.1,47.4,30.7,Bike
2026-01-12,10,Anna Nagar Station,13.085,80.2101,36,22,28.8,64.1,28.2,Bike
2026-01-12,10,Egmore Station,13.0732,80.2609,28,20,30.4,51.5,29.4,Bike
2026-01-12,10,Tambaram Station,12.9249,80.1,17,26,20.8,43.1,30.0,Car
2026-01-12,10,Porur Station,13.038,80.1565,25,20,29.2,55.9,36.4,Bike
2026-01-12,10,OMR Station,12.9352,80.23,17,8,23.2,64.6,27.0,Bike
2026-01-12,11,Central Station,13.0827,80.2707,16,19,27.2,53.5,27.6,Bike
2026-01-12,11,Guindy Station,13.0067,80.2206,17,15,19.2,54.8,29.8,Bike
2026-01-12,11,T Nagar Station,13.0418,80.2341,10,14,19.1,40.5,27.1,Bike
2026-01-12,11,Adyar Station,13.0012,80.2565,14,11,23.5,54.9,31.4,Bike
2026-01-12,11,Velachery Station,12.9815,80.218,8,23,32.8,24.3,30.9,Car
2026-01-12,11,Anna Nagar Station,13.085,80.2101,8,21,12.2,26.4,28.8,Bike
2026-01-12,11,Egmore Station,13.0732,80.2609,7,17,23.8,23.2,28.0,Bike
2026-01-12,11,Tambaram Station,12.9249,80.1,13,21,22.8,41.3,28.7,Bike
2026-01-12,11,Porur Station,13.038,80.1565,17,20,8.0,44.1,30.4,Bike
2026-01-12,11,OMR Station,12.9352,80.23,16,23,24.2,42.3,30.9,Bike
2026-01-12,12,Central Station,13.0827,80.2707,12,20,21.3,33.6,27.1,Bike
2026-01-12,12,Guindy Station,13.0067,80.2206,14,7,20.0,63.5,23.4,Bike
2026-01-12,12,T Nagar Station,13.0418,80.2341,3,14,24.2,22.2,28.1,Bike
2026-01-12,12,Adyar Station,13.0012,80.2565,22,2,21.6,87.0,32.8,Bike
2026-01-12,12,Velachery Station,12.9815,80.218,3,9,23.6,30.4,28.1,Bike
2026-01-12,12,Anna Nagar Station,13.085,80.2101,15,17,22.7,54.6,29.3,Bike
2026-01-12,12,Egmore Station,13.0732,80.2609,9,13,15.4,42.1,31.4,Bike
2026-01-12,12,Tambaram Station,12.9249,80.1,15,22,30.5,52.7,31.3,Bike
2026-01-12,12,Porur Station,13.038,80.1565,4,19,21.3,10.0,35.6,Bike
2026-01-12,12,OMR Station,12.9352,80.23,5,29,8.0,14.4,27.3,Car
2026-01-12,13,Central Station,13.0827,80.2707,12,13,16.2,45.7,33.8,Bike
2026-01-12,13,Guindy Station,13.0067,80.2206,21,23,24.8,46.6,28.8,Bike
2026-01-12,13,T Nagar Station,13.0418,80.2341,16,17,20.2,36.6,26.2,Bike
2026-01-12,13,Adyar Station,13.0012,80.2565,17,27,20.1,34.6,30.0,Bike
2026-01-12,13,Velachery Station,12.9815,80.218,19,22,33.0,44.0,27.5,Bike
2026-01-12,13,Anna Nagar Station,13.085,80.2101,20,18,26.9,56.3,37.3,Bike
2026-01-12,13,Egmore Station,13.0732,80.2609,18,22,31.4,43.5,31.4,Bike
2026-01-12,13,Tambaram Station,12.9249,80.1,14,4,30.9,78.4,28.3,Bike
2026-01-12,13,Porur Station,13.038,80.1565,7,18,28.0,28.7,23.5,Bike
2026-01-12,13,OMR Station,12.9352,80.23,14,20,18.4,49.0,30.1,Bike
2026-01-12,14,Central Station,13.0827,80.2707,16,16,36.8,50.9,33.4,Bike
2026-01-12,14,Guindy Station,13.0067,80.2206,15,15,18.4,56.3,29.2,Bike
2026-01-12,14,T Nagar Station,13.0418,80.2341,10,16,41.8,40.6,31.0,Bike
2026-01-12,14,Adyar Station,13.0012,80.2565,4,22,22.1,16.2,26.1,Bike
2026-01-12,14,Velachery Station,12.9815,80.218,11,8,24.0,54.4,30.1,Car
2026-01-12,14,Anna Nagar Station,13.085,80.2101,17,6,19.3,72.7,26.7,Bike
2026-01-12,14,Egmore Station,13.0732,80.2609,10,18,26.3,34.8,30.8,Bike
2026-01-12,14,Tambaram Station,12.9249,80.1,7,24,27.2,20.8,26.2,Car
2026-01-12,14,Porur Station,13.038,80.1565,10,8,29.4,49.3,28.0,Bike
2026-01-12,14,OMR Station,12.9352,80.23,14,9,22.0,67.6,26.0,Bike
2026-01-12,15,Central Station,13.0827,80.2707,13,6,22.5,68.9,30.5,Car
2026-01-12,15,Guindy Station,13.0067,80.2206,12,18,10.6,36.4,29.2,Car
2026-01-12,15,T Nagar Station,13.0418,80.2341,5,31,25.6,20.7,24.8,Bike
2026-01-12,15,Adyar Station,13.0012,80.2565,22,3,42.2,100.0,34.1,Bike
2026-01-12,15,Velachery Station,12.9815,80.218,13,17,37.7,43.9,33.8,Bike
2026-01-12,15,Anna Nagar Station,13.085,80.2101,12,17,21.9,44.3,30.1,Bike
2026-01-12,15,Egmore Station,13.0732,80.2609,4,30,35.7,24.3,34.9,Bike
2026-01-12,15,Tambaram Station,12.9249,80.1,10,30,22.2,29.9,30.0,Bike
2026-01-12,15,Porur Station,13.038,80.1565,21,4,23.6,85.8,29.4,Bike
2026-01-12,15,OMR Station,12.9352,80.23,16,12,13.4,64.7,20.6,Car
2026-01-12,16,Central Station,13.0827,80.2707,17,19,31.0,53.0,29.3,Car
2026-01-12,16,Guindy Station,13.0067,80.2206,13,11,34.7,61.6,28.6,Bike
2026-01-12,16,T Nagar Station,13.0418,80.2341,23,26,35.8,36.3,27.4,Bike
2026-01-12,16,Adyar Station,13.0012,80.2565,7,14,25.6,31.5,25.8,Bike
2026-01-12,16,Velachery Station,12.9815,80.218,1,11,27.4,10.0,26.9,Bike
2026-01-12,16,Anna Nagar Station,13.085,80.2101,14,21,27.8,40.1,28.4,Bike
2026-01-12,16,Egmore Station,13.0732,80.2609,9,8,17.3,52.5,25.1,Bike
2026-01-12,16,Tambaram Station,12.9249,80.1,11,6,33.6,58.7,32.1,Bike
2026-01-12,16,Porur Station,13.038,80.1565,12,30,13.1,30.8,34.4,Car
2026-01-12,16,OMR Station,12.9352,80.23,11,20,19.4,43.5,26.7,Car
2026-01-12,17,Central Station,13.0827,80.2707,31,14,24.9,69.7,28.5,Bike
2026-01-12,17,Guindy Station,13.0067,80.2206,21,6,30.9,87.8,29.6,Bike
2026-01-12,17,T Nagar Station,13.0418,80.2341,34,14,12.3,68.5,27.2,Bike
2026-01-12,17,Adyar Station,13.0012,80.2565,27,19,36.2,50.4,30.0,Bike
2026-01-12,17,Velachery Station,12.9815,80.218,21,21,33.5,48.9,29.4,Bike
2026-01-12,17,Anna Nagar Station,13.085,80.2101,8,9,27.7,42.7,29.5,Car
2026-01-12,17,Egmore Station,13.0732,80.2609,24,13,37.7,65.2,27.2,Bike
2026-01-12,17,Tambaram Station,12.9249,80.1,14,25,22.8,40.3,31.3,Bike
2026-01-12,17,Porur Station,13.038,80.1565,16,17,11.9,50.0,24.5,Bike
2026-01-12,17,OMR Station,12.9352,80.23,9,21,29.5,36.7,27.2,Bike
2026-01-12,18,Central Station,13.0827,80.2707,36,21,24.9,54.5,29.8,Car
2026-01-12,18,Guindy Station,13.0067,80.2206,51,20,31.3,62.2,31.7,Bike
2026-01-12,18,T Nagar Station,13.0418,80.2341,47,14,27.3,70.7,27.4,Bike
2026-01-12,18,Adyar Station,13.0012,80.2565,23,8,25.5,77.3,24.3,Bike
2026-01-12,18,Velachery Station,12.9815,80.218,25,19,26.3,59.6,32.5,Bike
2026-01-12,18,Anna Nagar Station,13.085,80.2101,35,6,26.2,92.0,27.8,Bike
2026-01-12,18,Egmore Station,13.0732,80.2609,25,20,27.2,55.6,29.6,Bike
2026-01-12,18,Tambaram Station,12.9249,80.1,20,15,26.7,62.5,32.1,Bike
2026-01-12,18,Porur Station,13.038,80.1565,37,6,25.1,89.3,31.6,Bike
2026-01-12,18,OMR Station,12.9352,80.23,11,15,41.9,43.4,25.3,Car
2026-01-12,19,Central Station,13.0827,80.2707,18,24,29.8,44.9,34.3,Bike
2026-01-12,19,Guindy Station,13.0067,80.2206,33,25,35.5,57.8,38.0,Bike
2026-01-12,19,T Nagar Station,13.0418,80.2341,13,27,23.5,32.7,33.1,Bike
2026-01-12,19,Adyar Station,13.0012,80.2565,9,5,30.5,54.7,30.8,Bike
2026-01-12,19,Velachery Station,12.9815,80.218,10,13,22.5,51.9,26.8,Bike
2026-01-12,19,Anna Nagar Station,13.085,80.2101,35,6,27.1,90.8,26.2,Bike
2026-01-12,19,Egmore Station,13.0732,80.2609,20,9,35.5,79.3,28.3,Bike
2026-01-12,19,Tambaram Station,12.9249,80.1,24,22,27.2,57.6,29.1,Bike
2026-01-12,19,Porur Station,13.038,80.1565,13,8,18.2,60.1,28.8,Bike
2026-01-12,19,OMR Station,12.9352,80.23,35,0,37.5,100.0,25.5,Bike
2026-01-12,20,Central Station,13.0827,80.2707,20,26,24.2,44.4,32.4,Car
2026-01-12,20,Guindy Station,13.0067,80.2206,35,16,20.6,63.4,30.0,Bike
2026-01-12,20,T Nagar Station,13.0418,80.2341,24,4,19.3,86.8,27.7,Bike
2026-01-12,20,Adyar Station,13.0012,80.2565,30,21,25.0,55.4,29.3,Bike
2026-01-12,20,Velachery Station,12.9815,80.218,27,23,13.2,48.5,30.3,Bike
2026-01-12,20,Anna Nagar Station,13.085,80.2101,1,8,14.0,14.0,28.0,Bike
2026-01-12,20,Egmore Station,13.0732,80.2609,21,22,19.1,46.4,29.7,Bike
2026-01-12,20,Tambaram Station,12.9249,80.1,23,21,19.5,49.8,36.0,Car
2026-01-12,20,Porur Station,13.038,80.1565,20,16,35.9,53.7,30.3,Bike
2026-01-12,20,OMR Station,12.9352,80.23,27,2,20.0,87.8,31.7,Bike
2026-01-12,21,Central Station,13.0827,80.2707,16,12,22.6,57.2,25.1,Bike
2026-01-12,21,Guindy Station,13.0067,80.2206,1,27,10.4,10.0,23.7,Bike
2026-01-12,21,T Nagar Station,13.0418,80.2341,11,7,21.4,62.9,25.6,Car
2026-01-12,21,Adyar Station,13.0012,80.2565,13,10,23.4,61.0,27.2,Bike
2026-01-12,21,Velachery Station,12.9815,80.218,15,29,11.4,36.0,21.4,Bike
2026-01-12,21,Anna Nagar Station,13.085,80.2101,3,31,18.3,14.6,28.2,Car
2026-01-12,21,Egmore Station,13.0732,80.2609,5,27,25.4,10.0,32.1,Bike
2026-01-12,21,Tambaram Station,12.9249,80.1,13,24,20.9,36.1,25.6,Bike
2026-01-12,21,Porur Station,13.038,80.1565,18,28,24.8,51.9,34.6,Car
2026-01-12,21,OMR Station,12.9352,80.23,11,16,20.4,45.9,28.1,Car
2026-01-12,22,Central Station,13.0827,80.2707,18,22,32.7,40.2,29.2,Bike
2026-01-12,22,Guindy Station,13.0067,80.2206,18,3,21.1,88.3,27.9,Bike
2026-01-12,22,T Nagar Station,13.0418,80.2341,13,6,21.2,61.4,29.7,Bike
2026-01-12,22,Adyar Station,13.0012,80.2565,17,5,20.3,77.3,26.2,Bike
2026-01-12,22,Velachery Station,12.9815,80.218,17,14,20.2,58.9,31.5,Bike
2026-01-12,22,Anna Nagar Station,13.085,80.2101,13,25,32.9,37.9,27.4,Bike
2026-01-12,22,Egmore Station,13.0732,80.2609,13,13,33.5,54.3,25.0,Bike
2026-01-12,22,Tambaram Station,12.9249,80.1,20,3,8.0,84.5,22.0,Car
2026-01-12,22,Porur Station,13.038,80.1565,1,7,35.4,10.0,33.1,Car
2026-01-12,22,OMR Station,12.9352,80.23,22,16,15.1,55.4,32.3,Bike
2026-01-13,6,Central Station,13.0827,80.2707,18,7,15.7,61.8,31.4,Bike
2026-01-13,6,Guindy Station,13.0067,80.2206,15,14,27.5,46.9,26.5,Bike
2026-01-13,6,T Nagar Station,13.0418,80.2341,1,13,11.9,10.0,33.9,Bike
2026-01-13,6,Adyar Station,13.0012,80.2565,20,9,13.5,58.9,31.3,Bike
2026-01-13,6,Velachery Station,12.9815,80.218,2,29,27.6,10.0,35.2,Car
2026-01-13,6,Anna Nagar Station,13.085,80.2101,7,17,21.9,22.9,25.8,Bike
2026-01-13,6,Egmore Station,13.0732,80.2609,6,13,32.0,31.9,30.3,Bike
2026-01-13,6,Tambaram Station,12.9249,80.1,21,13,22.8,54.4,30.0,Bike
2026-01-13,6,Porur Station,13.038,80.1565,8,9,42.6,46.3,32.8,Bike
2026-01-13,6,OMR Station,12.9352,80.23,11,12,15.8,47.1,35.6,Bike
2026-01-13,7,Central Station,13.0827,80.2707,12,7,29.3,66.6,26.5,Bike
2026-01-13,7,Guindy Station,13.0067,80.2206,34,15,25.3,65.6,27.0,Bike
2026-01-13,7,T Nagar Station,13.0418,80.2341,17,23,39.9,43.3,26.1,Bike
2026-01-13,7,Adyar Station,13.0012,80.2565,23,23,33.8,48.2,28.7,Bike
2026-01-13,7,Velachery Station,12.9815,80.218,31,25,17.7,56.0,25.6,Bike
2026-01-13,7,Anna Nagar Station,13.085,80.2101,22,9,25.0,69.5,27.2,Bike
2026-01-13,7,Egmore Station,13.0732,80.2609,8,23,22.2,28.5,33.2,Bike
2026-01-13,7,Tambaram Station,12.9249,80.1,19,14,29.0,58.7,27.8,Car
2026-01-13,7,Porur Station,13.038,80.1565,29,22,24.4,48.8,25.6,Bike
2026-01-13,7,OMR Station,12.9352,80.23,34,10,24.6,81.7,31.1,Bike
2026-01-13,8,Central Station,13.0827,80.2707,8,15,21.7,34.8,30.2,Bike
2026-01-13,8,Guindy Station,13.0067,80.2206,13,12,14.2,49.1,27.5,Car
2026-01-13,8,T Nagar Station,13.0418,80.2341,50,17,21.0,81.2,24.8,Car
2026-01-13,8,Adyar Station,13.0012,80.2565,18,24,25.2,43.6,29.2,Bike
2026-01-13,8,Velachery Station,12.9815,80.218,37,22,15.6,58.7,28.8,Bike
2026-01-13,8,Anna Nagar Station,13.085,80.2101,28,24,26.2,58.0,29.7,Bike
2026-01-13,8,Egmore Station,13.0732,80.2609,36,10,14.6,74.6,36.2,Bike
2026-01-13,8,Tambaram Station,12.9249,80.1,36,17,24.9,72.6,30.2,Bike
2026-01-13,8,Porur Station,13.038,80.1565,24,12,33.3,63.7,26.8,Bike
2026-01-13,8,OMR Station,12.9352,80.23,38,3,36.3,83.5,30.2,Car
2026-01-13,9,Central Station,13.0827,80.2707,43,10,25.0,75.7,29.8,Car
2026-01-13,9,Guindy Station,13.0067,80.2206,45,10,44.6,74.7,28.9,Bike
2026-01-13,9,T Nagar Station,13.0418,80.2341,45,1,14.9,100.0,34.4,Bike
2026-01-13,9,Adyar Station,13.0012,80.2565,20,24,22.9,45.3,33.7,Bike
2026-01-13,9,Velachery Station,12.9815,80.218,46,7,28.7,77.5,28.7,Bike
2026-01-13,9,Anna Nagar Station,13.085,80.2101,25,6,30.3,73.8,29.4,Car
2026-01-13,9,Egmore Station,13.0732,80.2609,37,20,22.7,64.1,25.9,Car
2026-01-13,9,Tambaram Station,12.9249,80.1,39,10,30.6,81.0,25.9,Bike
2026-01-13,9,Porur Station,13.038,80.1565,28,18,19.5,60.2,31.3,Bike
2026-01-13,9,OMR Station,12.9352,80.23,34,19,19.7,60.2,29.3,Bike
2026-01-13,10,Central Station,13.0827,80.2707,30,24,35.2,50.4,28.9,Bike
2026-01-13,10,Guindy Station,13.0067,80.2206,9,23,28.5,28.6,30.8,Car
2026-01-13,10,T Nagar Station,13.0418,80.2341,36,11,19.4,79.4,35.2,Bike
2026-01-13,10,Adyar Station,13.0012,80.2565,33,25,26.7,47.4,24.4,Car
2026-01-13,10,Velachery Station,12.9815,80.218,38,13,23.8,79.4,24.7,Car
2026-01-13,10,Anna Nagar Station,13.085,80.2101,16,28,17.4,36.2,26.5,Bike
2026-01-13,10,Egmore Station,13.0732,80.2609,10,5,27.0,65.4,34.4,Bike
2026-01-13,10,Tambaram Station,12.9249,80.1,20,19,14.6,48.9,31.0,Bike
2026-01-13,10,Porur Station,13.038,80.1565,11,18,27.3,34.9,25.2,Car
2026-01-13,10,OMR Station,12.9352,80.23,4,9,17.6,38.6,31.6,Bike
2026-01-13,11,Central Station,13.0827,80.2707,20,4,33.2,79.9,36.2,Car
2026-01-13,11,Guindy Station,13.0067,80.2206,16,20,28.3,33.0,31.0,Car
2026-01-13,11,T Nagar Station,13.0418,80.2341,14,24,25.2,31.1,30.4,Car
2026-01-13,11,Adyar Station,13.0012,80.2565,9,7,21.0,63.6,30.3,Bike
2026-01-13,11,Velachery Station,12.9815,80.218,12,20,12.5,39.8,31.8,Bike
2026-01-13,11,Anna Nagar Station,13.085,80.2101,19,26,24.1,40.2,29.3,Bike
2026-01-13,11,Egmore Station,13.0732,80.2609,7,13,17.2,41.7,27.2,Bike
2026-01-13,11,Tambaram Station,12.9249,80.1,26,15,22.8,62.8,27.8,Bike
2026-01-13,11,Porur Station,13.038,80.1565,14,28,28.8,40.2,35.3,Bike
2026-01-13,11,OMR Station,12.9352,80.23,1,16,14.0,15.1,30.6,Bike
2026-01-13,12,Central Station,13.0827,80.2707,11,8,20.2,65.6,32.8,Car
2026-01-13,12,Guindy Station,13.0067,80.2206,13,7,30.7,69.9,29.2,Bike
2026-01-13,12,T Nagar Station,13.0418,80.2341,19,18,11.5,54.4,30.4,Bike
2026-01-13,12,Adyar Station,13.0012,80.2565,18,22,39.0,45.4,29.1,Bike
2026-01-13,12,Velachery Station,12.9815,80.218,11,11,21.6,51.5,27.6,Bike
2026-01-13,12,Anna Nagar Station,13.085,80.2101,12,31,32.3,21.8,25.7,Car
2026-01-13,12,Egmore Station,13.0732,80.2609,4,32,26.8,10.0,30.6,Bike
2026-01-13,12,Tambaram Station,12.9249,80.1,6,15,16.6,26.4,30.8,Bike
2026-01-13,12,Porur Station,13.038,80.1565,17,23,11.9,43.2,27.8,Bike
2026-01-13,12,OMR Station,12.9352,80.23,21,23,31.1,49.3,30.7,Bike
2026-01-13,13,Central Station,13.0827,80.2707,10,28,27.4,18.2,30.7,Bike
2026-01-13,13,Guindy Station,13.0067,80.2206,14,24,31.9,38.1,28.6,Bike
2026-01-13,13,T Nagar Station,13.0418,80.2341,20,29,23.9,52.4,27.0,Bike
2026-01-13,13,Adyar Station,13.0012,80.2565,18,12,28.5,61.2,24.2,Bike
2026-01-13,13,Velachery Station,12.9815,80.218,2,30,27.2,10.0,28.6,Bike
2026-01-13,13,Anna Nagar Station,13.085,80.2101,10,23,23.7,29.5,31.4,Bike
2026-01-13,13,Egmore Station,13.0732,80.2609,12,10,12.8,54.6,30.9,Bike
2026-01-13,13,Tambaram Station,12.9249,80.1,4,28,22.9,16.9,29.2,Bike
2026-01-13,13,Porur Station,13.038,80.1565,11,5,20.3,71.6,27.3,Bike
2026-01-13,13,OMR Station,12.9352,80.23,7,10,8.7,41.2,27.8,Car
2026-01-13,14,Central Station,13.0827,80.2707,12,6,30.2,70.2,30.5,Bike
2026-01-13,14,Guindy Station,13.0067,80.2206,17,22,13.9,42.0,28.7,Car
2026-01-13,14,T Nagar Station,13.0418,80.2341,15,21,18.4,40.5,30.0,Car
2026-01-13,14,Adyar Station,13.0012,80.2565,7,29,20.9,22.1,31.3,Car
2026-01-13,14,Velachery Station,12.9815,80.218,12,17,12.5,41.4,29.5,Bike
2026-01-13,14,Anna Nagar Station,13.085,80.2101,14,13,22.4,57.3,23.5,Bike
2026-01-13,14,Egmore Station,13.0732,80.2609,12,7,32.8,61.0,27.6,Bike
2026-01-13,14,Tambaram Station,12.9249,80.1,17,29,22.5,32.6,28.1,Car
2026-01-13,14,Porur Station,13.038,80.1565,22,26,15.6,52.9,30.3,Bike
2026-01-13,14,OMR Station,12.9352,80.23,16,5,9.2,83.5,27.1,Car
2026-01-13,15,Central Station,13.0827,80.2707,18,14,23.3,60.2,30.8,Bike
2026-01-13,15,Guindy Station,13.0067,80.2206,20,19,19.6,55.6,30.6,Car
2026-01-13,15,T Nagar Station,13.0418,80.2341,19,24,35.1,45.3,34.5,Bike
2026-01-13,15,Adyar Station,13.0012,80.2565,21,11,24.3,67.0,27.0,Bike
2026-01-13,15,Velachery Station,12.9815,80.218,9,25,36.3,23.3,32.7,Car
2026-01-13,15,Anna Nagar Station,13.085,80.2101,15,25,12.7,38.6,25.2,Car
2026-01-13,15,Egmore Station,13.0732,80.2609,16,9,24.8,73.6,29.2,Bike
2026-01-13,15,Tambaram Station,12.9249,80.1,9,26,33.7,20.7,30.9,Bike
2026-01-13,15,Porur Station,13.038,80.1565,8,29,21.7,23.3,30.9,Car
2026-01-13,15,OMR Station,12.9352,80.23,9,11,33.0,51.8,25.4,Car
2026-01-13,16,Central Station,13.0827,80.2707,19,16,26.7,51.3,32.8,Car
2026-01-13,16,Guindy Station,13.0067,80.2206,13,28,28.3,29.5,32.9,Car
2026-01-13,16,T Nagar Station,13.0418,80.2341,19,4,10.4,85.1,24.6,Car
2026-01-13,16,Adyar Station,13.0012,80.2565,5,32,29.8,10.0,34.9,Car
2026-01-13,16,Velachery Station,12.9815,80.218,1,20,26.5,10.0,28.2,Bike
2026-01-13,16,Anna Nagar Station,13.085,80.2101,11,14,25.1,45.2,30.1,Bike
2026-01-13,16,Egmore Station,13.0732,80.2609,12,24,20.5,45.6,31.7,Bike
2026-01-13,16,Tambaram Station,12.9249,80.1,6,26,25.8,17.1,23.4,Car
2026-01-13,16,Porur Station,13.038,80.1565,18,25,16.2,42.8,28.0,Bike
2026-01-13,16,OMR Station,12.9352,80.23,15,19,17.0,47.8,26.5,Bike
2026-01-13,17,Central Station,13.0827,80.2707,24,3,22.4,91.1,26.5,Bike
2026-01-13,17,Guindy Station,13.0067,80.2206,16,10,17.8,60.3,26.1,Car
2026-01-13,17,T Nagar Station,13.0418,80.2341,12,30,23.9,29.2,25.8,Car
2026-01-13,17,Adyar Station,13.0012,80.2565,41,14,36.2,70.6,30.9,Bike
2026-01-13,17,Velachery Station,12.9815,80.218,15,27,23.3,45.8,31.7,Bike
2026-01-13,17,Anna Nagar Station,13.085,80.2101,20,11,11.0,58.2,31.4,Bike
2026-01-13,17,Egmore Station,13.0732,80.2609,12,12,26.5,42.8,36.1,Bike
2026-01-13,17,Tambaram Station,12.9249,80.1,20,28,14.8,33.0,28.3,Bike
2026-01-13,17,Porur Station,13.038,80.1565,13,13,21.4,55.8,33.6,Bike
2026-01-13,17,OMR Station,12.9352,80.23,24,2,26.1,91.1,29.8,Bike
2026-01-13,18,Central Station,13.0827,80.2707,35,13,29.1,73.7,26.4,Bike
2026-01-13,18,Guindy Station,13.0067,80.2206,26,20,26.2,64.2,24.5,Bike
2026-01-13,18,T Nagar Station,13.0418,80.2341,12,16,23.4,43.4,28.1,Bike
2026-01-13,18,Adyar Station,13.0012,80.2565,21,18,30.6,52.5,25.7,Bike
2026-01-13,18,Velachery Station,12.9815,80.218,33,4,30.8,85.1,28.0,Bike
2026-01-13,18,Anna Nagar Station,13.085,80.2101,26,10,21.6,77.8,31.4,Car
2026-01-13,18,Egmore Station,13.0732,80.2609,49,7,22.2,86.9,28.4,Bike
2026-01-13,18,Tambaram Station,12.9249,80.1,27,4,33.4,84.7,34.6,Car
2026-01-13,18,Porur Station,13.038,80.1565,52,20,35.6,81.0,31.8,Bike
2026-01-13,18,OMR Station,12.9352,80.23,26,19,10.6,63.9,31.1,Bike
2026-01-13,19,Central Station,13.0827,80.2707,16,16,24.9,53.9,30.2,Bike
2026-01-13,19,Guindy Station,13.0067,80.2206,28,22,32.2,50.9,27.7,Car
2026-01-13,19,T Nagar Station,13.0418,80.2341,30,9,15.8,80.9,25.9,Bike
2026-01-13,19,Adyar Station,13.0012,80.2565,32,19,15.8,61.4,30.7,Bike
2026-01-13,19,Velachery Station,12.9815,80.218,20,25,11.3,44.7,23.6,Bike
2026-01-13,19,Anna Nagar Station,13.085,80.2101,45,0,24.0,97.2,31.1,Bike
2026-01-13,19,Egmore Station,13.0732,80.2609,26,23,26.0,58.5,29.0,Bike
2026-01-13,19,Tambaram Station,12.9249,80.1,30,0,16.1,92.0,32.0,Car
2026-01-13,19,Porur Station,13.038,80.1565,32,21,29.7,52.0,27.0,Car
2026-01-13,19,OMR Station,12.9352,80.23,21,3,25.2,87.9,35.8,Car
2026-01-13,20,Central Station,13.0827,80.2707,27,20,24.1,49.7,27.6,Bike
2026-01-13,20,Guindy Station,13.0067,80.2206,12,16,18.6,49.3,27.3,Car
2026-01-13,20,T Nagar Station,13.0418,80.2341,9,7,30.8,56.9,27.6,Bike
2026-01-13,20,Adyar Station,13.0012,80.2565,7,6,22.9,54.9,29.9,Bike
2026-01-13,20,Velachery Station,12.9815,80.218,33,3,16.7,97.1,29.6,Bike
2026-01-13,20,Anna Nagar Station,13.085,80.2101,22,11,15.1,71.4,24.9,Bike
2026-01-13,20,Egmore Station,13.0732,80.2609,38,20,22.2,66.0,31.2,Car
2026-01-13,20,Tambaram Station,12.9249,80.1,40,16,23.1,67.8,27.6,Bike
2026-01-13,20,Porur Station,13.038,80.1565,15,29,19.6,38.9,31.7,Bike
2026-01-13,20,OMR Station,12.9352,80.23,17,6,24.9,69.6,33.3,Bike
2026-01-13,21,Central Station,13.0827,80.2707,1,28,23.9,13.4,30.2,Bike
2026-01-13,21,Guindy Station,13.0067,80.2206,12,9,31.8,61.5,31.4,Bike
2026-01-13,21,T Nagar Station,13.0418,80.2341,20,9,31.3,66.7,28.9,Bike
2026-01-13,21,Adyar Station,13.0012,80.2565,14,23,18.8,36.9,32.0,Car
2026-01-13,21,Velachery Station,12.9815,80.218,6,10,41.2,43.2,31.9,Bike
2026-01-13,21,Anna Nagar Station,13.085,80.2101,9,12,20.5,45.5,26.9,Bike
2026-01-13,21,Egmore Station,13.0732,80.2609,14,18,31.0,39.2,31.9,Bike
2026-01-13,21,Tambaram Station,12.9249,80.1,11,10,23.0,50.1,30.9,Bike
2026-01-13,21,Porur Station,13.038,80.1565,24,27,8.0,53.7,26.9,Bike
2026-01-13,21,OMR Station,12.9352,80.23,26,18,15.4,59.2,25.9,Bike
2026-01-13,22,Central Station,13.0827,80.2707,9,29,16.0,22.9,26.8,Bike
2026-01-13,22,Guindy Station,13.0067,80.2206,13,21,21.6,45.3,29.1,Bike
2026-01-13,22,T Nagar Station,13.0418,80.2341,15,14,30.3,45.8,27.7,Bike
2026-01-13,22,Adyar Station,13.0012,80.2565,1,21,26.6,10.0,29.4,Bike
2026-01-13,22,Velachery Station,12.9815,80.218,10,5,27.3,69.3,30.9,Bike
2026-01-13,22,Anna Nagar Station,13.085,80.2101,14,19,27.9,38.9,30.5,Car
2026-01-13,22,Egmore Station,13.0732,80.2609,2,28,31.3,10.0,33.1,Bike
2026-01-13,22,Tambaram Station,12.9249,80.1,1,18,19.6,10.0,28.2,Bike
2026-01-13,22,Porur Station,13.038,80.1565,21,26,24.1,34.6,30.4,Bike
2026-01-13,22,OMR Station,12.9352,80.23,6,10,21.5,38.6,30.7,Bike
2026-01-14,6,Central Station,13.0827,80.2707,12,6,23.0,67.0,34.5,Car
2026-01-14,6,Guindy Station,13.0067,80.2206,17,24,25.3,36.5,27.9,Car
2026-01-14,6,T Nagar Station,13.0418,80.2341,7,16,21.0,33.9,30.9,Bike
2026-01-14,6,Adyar Station,13.0012,80.2565,18,12,37.0,62.6,25.4,Bike
2026-01-14,6,Velachery Station,12.9815,80.218,13,9,18.8,66.5,33.5,Car
2026-01-14,6,Anna Nagar Station,13.085,80.2101,5,21,37.6,11.4,33.8,Car
2026-01-14,6,Egmore Station,13.0732,80.2609,12,26,19.2,42.4,32.8,Car
2026-01-14,6,Tambaram Station,12.9249,80.1,17,26,23.5,31.7,30.0,Bike
2026-01-14,6,Porur Station,13.038,80.1565,5,14,19.8,31.6,33.1,Bike
2026-01-14,6,OMR Station,12.9352,80.23,12,23,20.8,47.7,27.7,Bike
2026-01-14,7,Central Station,13.0827,80.2707,30,11,29.2,74.7,26.3,Bike
2026-01-14,7,Guindy Station,13.0067,80.2206,13,25,27.9,39.5,28.0,Bike
2026-01-14,7,T Nagar Station,13.0418,80.2341,28,22,35.9,55.2,30.9,Bike
2026-01-14,7,Adyar Station,13.0012,80.2565,31,20,43.7,61.0,32.8,Bike
2026-01-14,7,Velachery Station,12.9815,80.218,18,13,8.0,61.2,31.0,Bike
2026-01-14,7,Anna Nagar Station,13.085,80.2101,33,0,27.1,100.0,31.1,Bike
2026-01-14,7,Egmore Station,13.0732,80.2609,26,23,33.9,45.3,33.0,Bike
2026-01-14,7,Tambaram Station,12.9249,80.1,19,22,28.4,44.1,30.2,Bike
2026-01-14,7,Porur Station,13.038,80.1565,26,14,29.2,74.1,29.3,Bike
2026-01-14,7,OMR Station,12.9352,80.23,20,29,15.7,47.1,32.9,Bike
2026-01-14,8,Central Station,13.0827,80.2707,10,8,19.4,56.8,26.1,Bike
2026-01-14,8,Guindy Station,13.0067,80.2206,11,14,34.0,41.8,36.8,Bike
2026-01-14,8,T Nagar Station,13.0418,80.2341,43,0,31.9,99.6,31.8,Bike
2026-01-14,8,Adyar Station,13.0012,80.2565,44,18,11.5,64.7,27.5,Bike
2026-01-14,8,Velachery Station,12.9815,80.218,21,3,33.8,75.7,29.8,Bike
2026-01-14,8,Anna Nagar Station,13.085,80.2101,37,20,14.8,61.7,27.8,Bike
2026-01-14,8,Egmore Station,13.0732,80.2609,31,1,32.8,95.7,33.1,Bike
2026-01-14,8,Tambaram Station,12.9249,80.1,33,4,27.6,85.8,25.4,Bike
2026-01-14,8,Porur Station,13.038,80.1565,37,0,19.7,100.0,32.3,Bike
2026-01-14,8,OMR Station,12.9352,80.23,29,15,24.9,71.2,27.5,Bike
2026-01-14,9,Central Station,13.0827,80.2707,40,8,20.2,89.9,32.1,Bike
2026-01-14,9,Guindy Station,13.0067,80.2206,41,21,23.4,60.3,23.5,Bike
2026-01-14,9,T Nagar Station,13.0418,80.2341,26,6,17.6,87.7,24.8,Car
2026-01-14,9,Adyar Station,13.0012,80.2565,32,23,24.7,53.2,33.3,Bike
2026-01-14,9,Velachery Station,12.9815,80.218,28,18,22.5,61.3,32.3,Bike
2026-01-14,9,Anna Nagar Station,13.085,80.2101,42,5,39.2,89.0,30.9,Car
2026-01-14,9,Egmore Station,13.0732,80.2609,49,14,24.5,80.8,30.3,Bike
2026-01-14,9,Tambaram Station,12.9249,80.1,24,23,36.1,51.2,27.3,Car
2026-01-14,9,Porur Station,13.038,80.1565,35,0,24.9,95.9,29.6,Bike
2026-01-14,9,OMR Station,12.9352,80.23,40,8,27.4,85.9,31.8,Bike
2026-01-14,10,Central Station,13.0827,80.2707,13,6,17.0,71.2,31.7,Bike
2026-01-14,10,Guindy Station,13.0067,80.2206,29,16,31.5,68.5,28.7,Bike
2026-01-14,10,T Nagar Station,13.0418,80.2341,31,13,24.5,65.7,33.4,Bike
2026-01-14,10,Adyar Station,13.0012,80.2565,21,25,22.2,42.7,32.2,Bike
2026-01-14,10,Velachery Station,12.9815,80.218,34,10,22.1,88.9,30.7,Bike
2026-01-14,10,Anna Nagar Station,13.085,80.2101,26,12,18.2,76.0,30.8,Bike
2026-01-14,10,Egmore Station,13.0732,80.2609,15,10,26.5,62.8,25.4,Bike
2026-01-14,10,Tambaram Station,12.9249,80.1,16,23,32.5,38.3,30.1,Bike
2026-01-14,10,Porur Station,13.038,80.1565,16,11,26.1,51.1,31.4,Car
2026-01-14,10,OMR Station,12.9352,80.23,32,20,26.3,62.9,33.3,Bike
2026-01-14,11,Central Station,13.0827,80.2707,10,7,28.3,54.0,30.9,Bike
2026-01-14,11,Guindy Station,13.0067,80.2206,17,10,30.7,60.4,27.3,Bike
2026-01-14,11,T Nagar Station,13.0418,80.2341,3,15,20.7,15.8,25.8,Bike
2026-01-14,11,Adyar Station,13.0012,80.2565,21,6,17.8,76.0,22.7,Bike
2026-01-14,11,Velachery Station,12.9815,80.218,24,15,27.0,60.4,27.6,Car
2026-01-14,11,Anna Nagar Station,13.085,80.2101,11,16,28.6,40.6,30.7,Bike
2026-01-14,11,Egmore Station,13.0732,80.2609,7,10,25.4,48.1,31.2,Bike
2026-01-14,11,Tambaram Station,12.9249,80.1,12,28,16.7,32.9,25.6,Bike
2026-01-14,11,Porur Station,13.038,80.1565,23,3,19.6,82.2,31.7,Car
2026-01-14,11,OMR Station,12.9352,80.23,22,21,21.1,53.2,29.1,Car
2026-01-14,12,Central Station,13.0827,80.2707,13,9,31.2,62.0,28.5,Car
2026-01-14,12,Guindy Station,13.0067,80.2206,12,14,30.8,52.5,32.5,Bike
2026-01-14,12,T Nagar Station,13.0418,80.2341,16,26,26.3,27.9,26.3,Car
2026-01-14,12,Adyar Station,13.0012,80.2565,19,27,33.0,36.7,30.3,Bike
2026-01-14,12,Velachery Station,12.9815,80.218,8,9,33.9,52.2,32.2,Bike
2026-01-14,12,Anna Nagar Station,13.085,80.2101,15,9,28.2,59.2,32.6,Car
2026-01-14,12,Egmore Station,13.0732,80.2609,3,14,26.9,10.0,32.0,Bike
2026-01-14,12,Tambaram Station,12.9249,80.1,14,9,13.0,61.2,30.5,Bike
2026-01-14,12,Porur Station,13.038,80.1565,12,26,19.2,32.3,27.1,Bike
2026-01-14,12,OMR Station,12.9352,80.23,11,13,24.6,43.4,38.3,Bike
2026-01-14,13,Central Station,13.0827,80.2707,3,18,24.4,17.8,30.4,Bike
2026-01-14,13,Guindy Station,13.0067,80.2206,16,17,24.4,50.4,30.6,Bike
2026-01-14,13,T Nagar Station,13.0418,80.2341,12,24,17.0,30.5,24.1,Bike
2026-01-14,13,Adyar Station,13.0012,80.2565,18,27,26.5,40.1,28.4,Car
2026-01-14,13,Velachery Station,12.9815,80.218,7,24,27.9,26.4,28.2,Car
2026-01-14,13,Anna Nagar Station,13.085,80.2101,18,4,39.6,79.7,27.4,Bike
2026-01-14,13,Egmore Station,13.0732,80.2609,13,22,30.5,25.9,29.2,Bike
2026-01-14,13,Tambaram Station,12.9249,80.1,16,29,22.7,26.9,30.5,Bike
2026-01-14,13,Porur Station,13.038,80.1565,12,11,30.7,47.8,24.3,Car
2026-01-14,13,OMR Station,12.9352,80.23,11,29,14.8,26.2,29.8,Bike
2026-01-14,14,Central Station,13.0827,80.2707,8,21,17.2,25.4,27.2,Bike
2026-01-14,14,Guindy Station,13.0067,80.2206,2,25,28.5,13.9,31.0,Bike
2026-01-14,14,T Nagar Station,13.0418,80.2341,13,20,28.0,49.9,31.8,Bike
2026-01-14,14,Adyar Station,13.0012,80.2565,13,6,15.3,65.8,31.8,Bike
2026-01-14,14,Velachery Station,12.9815,80.218,5,11,27.0,22.4,27.4,Bike
2026-01-14,14,Anna Nagar Station,13.085,80.2101,9,24,25.2,26.4,30.7,Bike
2026-01-14,14,Egmore Station,13.0732,80.2609,21,28,18.0,37.7,26.4,Bike
2026-01-14,14,Tambaram Station,12.9249,80.1,17,4,17.3,78.4,28.2,Bike
2026-01-14,14,Porur Station,13.038,80.1565,14,8,17.5,72.1,28.8,Car
2026-01-14,14,OMR Station,12.9352,80.23,11,11,21.7,45.9,31.9,Bike
2026-01-14,15,Central Station,13.0827,80.2707,2,29,21.7,10.0,28.0,Car
2026-01-14,15,Guindy Station,13.0067,80.2206,7,15,15.3,38.7,30.4,Bike
2026-01-14,15,T Nagar Station,13.0418,80.2341,13,16,21.2,49.4,31.9,Bike
2026-01-14,15,Adyar Station,13.0012,80.2565,21,11,35.9,66.0,27.0,Bike
2026-01-14,15,Velachery Station,12.9815,80.218,20,21,25.0,48.4,35.3,Car
2026-01-14,15,Anna Nagar Station,13.085,80.2101,2,8,18.3,15.9,31.4,Bike
2026-01-14,15,Egmore Station,13.0732,80.2609,16,7,29.5,80.5,29.5,Bike
2026-01-14,15,Tambaram Station,12.9249,80.1,14,25,25.3,32.2,24.1,Bike
2026-01-14,15,Porur Station,13.038,80.1565,8,7,32.0,50.6,25.0,Bike
2026-01-14,15,OMR Station,12.9352,80.23,14,28,35.0,39.8,28.1,Bike
2026-01-14,16,Central Station,13.0827,80.2707,10,12,28.3,38.6,31.3,Bike
2026-01-14,16,Guindy Station,13.0067,80.2206,28,20,32.0,56.7,26.7,Bike
2026-01-14,16,T Nagar Station,13.0418,80.2341,19,15,34.9,59.0,24.6,Bike
2026-01-14,16,Adyar Station,13.0012,80.2565,10,5,36.5,66.6,34.9,Bike
2026-01-14,16,Velachery Station,12.9815,80.218,16,30,27.1,30.4,30.4,Bike
2026-01-14,16,Anna Nagar Station,13.085,80.2101,16,27,33.6,26.3,28.7,Bike
2026-01-14,16,Egmore Station,13.0732,80.2609,9,20,26.7,27.5,27.0,Bike
2026-01-14,16,Tambaram Station,12.9249,80.1,5,19,19.5,25.4,32.8,Car
2026-01-14,16,Porur Station,13.038,80.1565,21,10,35.6,76.7,27.9,Bike
2026-01-14,16,OMR Station,12.9352,80.23,12,30,27.4,23.8,30.8,Bike
2026-01-14,17,Central Station,13.0827,80.2707,13,14,18.7,52.8,35.4,Bike
2026-01-14,17,Guindy Station,13.0067,80.2206,20,29,14.7,44.8,27.7,Bike
2026-01-14,17,T Nagar Station,13.0418,80.2341,29,22,19.4,53.0,31.6,Bike
2026-01-14,17,Adyar Station,13.0012,80.2565,15,15,28.9,57.6,29.1,Bike
2026-01-14,17,Velachery Station,12.9815,80.218,19,6,24.6,73.8,33.6,Car
2026-01-14,17,Anna Nagar Station,13.085,80.2101,8,25,22.9,28.0,31.7,Bike
2026-01-14,17,Egmore Station,13.0732,80.2609,12,20,30.7,33.8,25.8,Bike
2026-01-14,17,Tambaram Station,12.9249,80.1,20,23,16.9,50.5,22.5,Bike
2026-01-14,17,Porur Station,13.038,80.1565,16,17,28.4,50.4,28.9,Car
2026-01-14,17,OMR Station,12.9352,80.23,30,18,29.3,62.8,31.7,Bike
2026-01-14,18,Central Station,13.0827,80.2707,35,14,8.0,61.3,29.9,Bike
2026-01-14,18,Guindy Station,13.0067,80.2206,44,19,24.7,73.4,29.7,Bike
2026-01-14,18,T Nagar Station,13.0418,80.2341,33,23,21.7,54.2,28.4,Bike
2026-01-14,18,Adyar Station,13.0012,80.2565,28,15,23.2,61.7,32.8,Bike
2026-01-14,18,Velachery Station,12.9815,80.218,31,2,24.5,98.0,24.4,Bike
2026-01-14,18,Anna Nagar Station,13.085,80.2101,43,18,26.1,68.4,24.0,Bike
2026-01-14,18,Egmore Station,13.0732,80.2609,27,18,18.6,46.1,35.7,Bike
2026-01-14,18,Tambaram Station,12.9249,80.1,37,14,24.6,74.4,28.9,Bike
2026-01-14,18,Porur Station,13.038,80.1565,31,14,36.4,64.4,31.1,Car
2026-01-14,18,OMR Station,12.9352,80.23,38,2,29.5,100.0,31.1,Car
2026-01-14,19,Central Station,13.0827,80.2707,18,27,23.4,53.5,26.7,Bike
2026-01-14,19,Guindy Station,13.0067,80.2206,47,5,26.9,93.4,27.1,Car
2026-01-14,19,T Nagar Station,13.0418,80.2341,47,12,30.5,86.7,33.5,Bike
2026-01-14,19,Adyar Station,13.0012,80.2565,26,16,27.4,56.9,30.3,Bike
2026-01-14,19,Velachery Station,12.9815,80.218,45,0,22.7,100.0,29.4,Bike
2026-01-14,19,Anna Nagar Station,13.085,80.2101,26,2,38.0,94.5,30.1,Bike
2026-01-14,19,Egmore Station,13.0732,80.2609,16,23,32.9,47.4,34.1,Bike
2026-01-14,19,Tambaram Station,12.9249,80.1,49,9,34.6,87.7,30.3,Car
2026-01-14,19,Porur Station,13.038,80.1565,25,3,25.3,88.8,27.1,Bike
2026-01-14,19,OMR Station,12.9352,80.23,45,3,22.3,96.7,28.1,Car
2026-01-14,20,Central Station,13.0827,80.2707,25,20,17.8,58.6,28.2,Bike
2026-01-14,20,Guindy Station,13.0067,80.2206,19,28,30.7,46.0,28.0,Car
2026-01-14,20,T Nagar Station,13.0418,80.2341,10,22,26.5,27.8,31.8,Bike
2026-01-14,20,Adyar Station,13.0012,80.2565,1,19,18.3,10.0,33.7,Bike
2026-01-14,20,Velachery Station,12.9815,80.218,27,13,22.5,75.6,23.6,Car
2026-01-14,20,Anna Nagar Station,13.085,80.2101,28,6,29.1,67.8,25.2,Bike
2026-01-14,20,Egmore Station,13.0732,80.2609,31,5,22.5,78.0,32.6,Bike
2026-01-14,20,Tambaram Station,12.9249,80.1,29,25,23.8,55.4,25.4,Bike
2026-01-14,20,Porur Station,13.038,80.1565,24,8,33.1,71.9,32.1,Bike
2026-01-14,20,OMR Station,12.9352,80.23,15,29,27.2,31.6,29.2,Bike
2026-01-14,21,Central Station,13.0827,80.2707,9,5,23.7,65.6,28.8,Bike
2026-01-14,21,Guindy Station,13.0067,80.2206,23,21,44.7,54.6,35.3,Car
2026-01-14,21,T Nagar Station,13.0418,80.2341,4,27,30.5,10.0,30.3,Bike
2026-01-14,21,Adyar Station,13.0012,80.2565,13,8,24.3,66.0,28.6,Car
2026-01-14,21,Velachery Station,12.9815,80.218,20,10,22.8,63.0,32.3,Bike
2026-01-14,21,Anna Nagar Station,13.085,80.2101,13,29,22.7,28.6,35.8,Bike
2026-01-14,21,Egmore Station,13.0732,80.2609,13,30,20.0,33.4,30.7,Bike
2026-01-14,21,Tambaram Station,12.9249,80.1,8,10,20.1,38.7,27.2,Bike
2026-01-14,21,Porur Station,13.038,80.1565,13,10,19.9,54.7,26.9,Bike
2026-01-14,21,OMR Station,12.9352,80.23,10,17,16.0,35.6,26.1,Bike
2026-01-14,22,Central Station,13.0827,80.2707,9,26,16.6,28.6,34.7,Car
2026-01-14,22,Guindy Station,13.0067,80.2206,18,8,23.6,73.9,32.4,Bike
2026-01-14,22,T Nagar Station,13.0418,80.2341,10,9,31.2,47.2,26.3,Bike
2026-01-14,22,Adyar Station,13.0012,80.2565,17,29,13.9,39.1,26.4,Car
2026-01-14,22,Velachery Station,12.9815,80.218,15,27,32.3,33.1,33.7,Car
2026-01-14,22,Anna Nagar Station,13.085,80.2101,6,20,29.8,24.6,25.0,Car
2026-01-14,22,Egmore Station,13.0732,80.2609,8,6,25.1,63.5,30.2,Bike
2026-01-14,22,Tambaram Station,12.9249,80.1,5,21,28.7,18.8,32.3,Bike
2026-01-14,22,Porur Station,13.038,80.1565,19,4,17.0,84.4,24.6,Bike
2026-01-14,22,OMR Station,12.9352,80.23,3,16,18.8,20.5,35.0,Bike
2026-01-15,6,Central Station,13.0827,80.2707,11,16,17.6,40.4,30.6,Bike
2026-01-15,6,Guindy Station,13.0067,80.2206,24,5,20.5,79.8,31.9,Bike
2026-01-15,6,T Nagar Station,13.0418,80.2341,11,7,36.8,58.5,30.9,Car
2026-01-15,6,Adyar Station,13.0012,80.2565,15,11,15.1,56.2,34.5,Bike
2026-01-15,6,Velachery Station,12.9815,80.218,9,27,21.2,17.7,30.4,Bike
2026-01-15,6,Anna Nagar Station,13.085,80.2101,13,27,25.6,31.5,24.5,Bike
2026-01-15,6,Egmore Station,13.0732,80.2609,19,22,28.7,53.2,29.1,Car
2026-01-15,6,Tambaram Station,12.9249,80.1,15,25,15.3,40.9,29.7,Bike
2026-01-15,6,Porur Station,13.038,80.1565,22,22,26.4,37.2,30.7,Bike
2026-01-15,6,OMR Station,12.9352,80.23,8,17,23.6,34.7,34.3,Bike
2026-01-15,7,Central Station,13.0827,80.2707,24,23,29.2,61.8,28.7,Bike
2026-01-15,7,Guindy Station,13.0067,80.2206,33,9,22.3,82.0,31.7,Bike
2026-01-15,7,T Nagar Station,13.0418,80.2341,25,2,26.5,91.7,31.6,Bike
2026-01-15,7,Adyar Station,13.0012,80.2565,27,13,23.0,71.3,29.4,Bike
2026-01-15,7,Velachery Station,12.9815,80.218,5,12,23.0,24.3,27.1,Bike
2026-01-15,7,Anna Nagar Station,13.085,80.2101,34,9,15.4,82.0,28.5,Bike
2026-01-15,7,Egmore Station,13.0732,80.2609,23,4,27.7,91.4,27.7,Bike
2026-01-15,7,Tambaram Station,12.9249,80.1,25,8,23.8,89.2,31.4,Bike
2026-01-15,7,Porur Station,13.038,80.1565,20,26,21.1,46.1,29.4,Car
2026-01-15,7,OMR Station,12.9352,80.23,37,3,13.4,94.7,30.4,Bike
2026-01-15,8,Central Station,13.0827,80.2707,43,0,27.0,99.1,27.7,Car
2026-01-15,8,Guindy Station,13.0067,80.2206,45,16,22.4,64.0,26.7,Bike
2026-01-15,8,T Nagar Station,13.0418,80.2341,23,22,10.4,53.4,27.1,Bike
2026-01-15,8,Adyar Station,13.0012,80.2565,42,0,14.2,96.4,31.2,Bike
2026-01-15,8,Velachery Station,12.9815,80.218,46,20,19.0,63.7,29.4,Bike
2026-01-15,8,Anna Nagar Station,13.085,80.2101,29,10,22.1,77.9,28.3,Bike
2026-01-15,8,Egmore Station,13.0732,80.2609,34,21,31.5,65.8,32.3,Bike
2026-01-15,8,Tambaram Station,12.9249,80.1,17,21,41.9,48.0,30.6,Bike
2026-01-15,8,Porur Station,13.038,80.1565,32,13,21.4,82.7,29.2,Bike
2026-01-15,8,OMR Station,12.9352,80.23,42,22,22.1,64.1,31.4,Bike
2026-01-15,9,Central Station,13.0827,80.2707,48,16,25.4,77.9,30.9,Bike
2026-01-15,9,Guindy Station,13.0067,80.2206,25,25,30.4,47.7,29.8,Bike
2026-01-15,9,T Nagar Station,13.0418,80.2341,29,25,30.2,56.7,27.7,Bike
2026-01-15,9,Adyar Station,13.0012,80.2565,50,9,27.1,85.5,32.0,Bike
2026-01-15,9,Velachery Station,12.9815,80.218,38,5,26.8,97.7,31.2,Bike
2026-01-15,9,Anna Nagar Station,13.085,80.2101,16,19,28.5,51.9,27.5,Car
2026-01-15,9,Egmore Station,13.0732,80.2609,46,4,19.6,84.1,33.8,Bike
2026-01-15,9,Tambaram Station,12.9249,80.1,37,6,18.2,75.2,26.6,Bike
2026-01-15,9,Porur Station,13.038,80.1565,40,18,20.9,63.8,30.1,Bike
2026-01-15,9,OMR Station,12.9352,80.23,26,5,24.3,78.5,26.1,Bike
2026-01-15,10,Central Station,13.0827,80.2707,15,18,25.7,45.8,23.4,Bike
2026-01-15,10,Guindy Station,13.0067,80.2206,28,19,24.1,66.4,29.0,Bike
2026-01-15,10,T Nagar Station,13.0418,80.2341,24,13,31.5,56.8,33.4,Bike
2026-01-15,10,Adyar Station,13.0012,80.2565,18,20,25.2,54.2,30.7,Bike
2026-01-15,10,Velachery Station,12.9815,80.218,19,9,24.6,66.5,27.5,Bike
2026-01-15,10,Anna Nagar Station,13.085,80.2101,15,12,23.1,50.9,33.1,Bike
2026-01-15,10,Egmore Station,13.0732,80.2609,34,3,21.6,85.8,28.8,Bike
2026-01-15,10,Tambaram Station,12.9249,80.1,36,20,19.1,68.4,32.1,Bike
2026-01-15,10,Porur Station,13.038,80.1565,25,20,37.0,55.1,30.6,Bike
2026-01-15,10,OMR Station,12.9352,80.23,38,1,25.5,100.0,34.9,Bike
2026-01-15,11,Central Station,13.0827,80.2707,9,18,13.9,33.9,29.4,Bike
2026-01-15,11,Guindy Station,13.0067,80.2206,7,12,15.1,36.3,26.3,Bike
2026-01-15,11,T Nagar Station,13.0418,80.2341,7,19,13.4,21.8,35.3,Bike
2026-01-15,11,Adyar Station,13.0012,80.2565,27,11,20.3,70.5,28.7,Bike
2026-01-15,11,Velachery Station,12.9815,80.218,12,16,15.9,38.6,27.7,Bike
2026-01-15,11,Anna Nagar Station,13.085,80.2101,6,30,32.4,12.0,28.3,Bike
2026-01-15,11,Egmore Station,13.0732,80.2609,13,30,26.0,24.9,33.8,Bike
2026-01-15,11,Tambaram Station,12.9249,80.1,11,8,19.6,53.6,32.9,Bike
2026-01-15,11,Porur Station,13.038,80.1565,7,32,22.3,10.0,32.9,Bike
2026-01-15,11,OMR Station,12.9352,80.23,10,23,15.1,27.8,28.9,Bike
2026-01-15,12,Central Station,13.0827,80.2707,9,22,29.6,28.7,32.9,Bike
2026-01-15,12,Guindy Station,13.0067,80.2206,10,5,12.4,60.4,28.6,Bike
2026-01-15,12,T Nagar Station,13.0418,80.2341,17,22,31.9,42.0,28.5,Bike
2026-01-15,12,Adyar Station,13.0012,80.2565,11,13,32.5,40.5,31.9,Bike
2026-01-15,12,Velachery Station,12.9815,80.218,12,10,17.9,53.6,27.1,Car
2026-01-15,12,Anna Nagar Station,13.085,80.2101,14,20,25.0,35.8,30.0,Bike
2026-01-15,12,Egmore Station,13.0732,80.2609,13,10,30.9,60.7,35.8,Car
2026-01-15,12,Tambaram Station,12.9249,80.1,20,15,23.1,57.5,26.9,Car
2026-01-15,12,Porur Station,13.038,80.1565,1,13,22.7,10.0,27.8,Bike
2026-01-15,12,OMR Station,12.9352,80.23,12,9,19.7,53.0,27.3,Bike
2026-01-15,13,Central Station,13.0827,80.2707,11,8,26.5,63.4,25.6,Bike
2026-01-15,13,Guindy Station,13.0067,80.2206,3,33,10.3,10.0,28.1,Bike
2026-01-15,13,T Nagar Station,13.0418,80.2341,19,29,28.7,44.4,27.6,Bike
2026-01-15,13,Adyar Station,13.0012,80.2565,8,18,21.7,28.3,23.4,Bike
2026-01-15,13,Velachery Station,12.9815,80.218,6,13,9.3,24.4,33.5,Bike
2026-01-15,13,Anna Nagar Station,13.085,80.2101,16,29,20.7,44.9,32.7,Bike
2026-01-15,13,Egmore Station,13.0732,80.2609,15,18,32.3,44.0,29.5,Bike
2026-01-15,13,Tambaram Station,12.9249,80.1,9,25,27.9,22.8,32.2,Bike
2026-01-15,13,Porur Station,13.038,80.1565,19,18,29.7,46.3,29.2,Bike
2026-01-15,13,OMR Station,12.9352,80.23,10,6,16.1,63.8,29.6,Bike
2026-01-15,14,Central Station,13.0827,80.2707,27,13,29.9,65.3,32.4,Bike
2026-01-15,14,Guindy Station,13.0067,80.2206,17,27,25.2,38.2,29.8,Car
2026-01-15,14,T Nagar Station,13.0418,80.2341,12,30,18.9,29.5,27.2,Bike
2026-01-15,14,Adyar Station,13.0012,80.2565,13,20,23.0,43.3,32.1,Bike
2026-01-15,14,Velachery Station,12.9815,80.218,11,26,22.2,26.4,31.2,Bike
2026-01-15,14,Anna Nagar Station,13.085,80.2101,14,6,27.1,60.0,29.7,Car
2026-01-15,14,Egmore Station,13.0732,80.2609,7,10,15.7,44.4,31.8,Bike
2026-01-15,14,Tambaram Station,12.9249,80.1,10,15,15.9,46.1,26.3,Car
2026-01-15,14,Porur Station,13.038,80.1565,16,24,26.2,42.7,28.8,Car
2026-01-15,14,OMR Station,12.9352,80.23,6,23,19.4,21.5,31.6,Bike
2026-01-15,15,Central Station,13.0827,80.2707,8,11,30.0,48.9,25.2,Bike
2026-01-15,15,Guindy Station,13.0067,80.2206,9,7,27.5,52.7,28.3,Bike
2026-01-15,15,T Nagar Station,13.0418,80.2341,23,23,24.9,46.3,29.6,Bike
2026-01-15,15,Adyar Station,13.0012,80.2565,6,12,27.2,40.3,27.2,Bike
2026-01-15,15,Velachery Station,12.9815,80.218,10,24,14.5,25.1,29.7,Bike
2026-01-15,15,Anna Nagar Station,13.085,80.2101,20,20,24.0,57.2,27.0,Bike
2026-01-15,15,Egmore Station,13.0732,80.2609,12,19,22.6,50.3,26.6,Car
2026-01-15,15,Tambaram Station,12.9249,80.1,13,13,26.0,48.6,26.3,Car
2026-01-15,15,Porur Station,13.038,80.1565,10,27,16.0,27.0,31.2,Bike
2026-01-15,15,OMR Station,12.9352,80.23,7,11,23.3,44.5,28.9,Bike
2026-01-15,16,Central Station,13.0827,80.2707,13,17,17.6,46.8,28.8,Bike
2026-01-15,16,Guindy Station,13.0067,80.2206,7,24,27.4,21.1,26.9,Bike
2026-01-15,16,T Nagar Station,13.0418,80.2341,13,11,29.6,54.5,32.5,Car
2026-01-15,16,Adyar Station,13.0012,80.2565,17,24,19.3,41.5,24.1,Bike
2026-01-15,16,Velachery Station,12.9815,80.218,13,8,18.4,59.6,31.9,Bike
2026-01-15,16,Anna Nagar Station,13.085,80.2101,5,25,28.0,10.0,25.7,Bike
2026-01-15,16,Egmore Station,13.0732,80.2609,7,21,19.8,26.7,34.5,Bike
2026-01-15,16,Tambaram Station,12.9249,80.1,6,26,30.8,23.2,24.2,Bike
2026-01-15,16,Porur Station,13.038,80.1565,22,18,13.9,62.6,35.2,Bike
2026-01-15,16,OMR Station,12.9352,80.23,12,25,17.9,30.2,30.3,Car
2026-01-15,17,Central Station,13.0827,80.2707,18,29,33.7,41.2,29.4,Bike
2026-01-15,17,Guindy Station,13.0067,80.2206,19,17,26.7,49.6,23.9,Bike
2026-01-15,17,T Nagar Station,13.0418,80.2341,43,22,29.9,76.8,30.2,Bike
2026-01-15,17,Adyar Station,13.0012,80.2565,22,11,33.9,68.3,30.1,Bike
2026-01-15,17,Velachery Station,12.9815,80.218,15,4,24.2,76.9,30.9,Bike
2026-01-15,17,Anna Nagar Station,13.085,80.2101,16,22,28.6,44.5,31.4,Bike
2026-01-15,17,Egmore Station,13.0732,80.2609,35,24,25.0,62.8,22.2,Bike
2026-01-15,17,Tambaram Station,12.9249,80.1,34,1,11.2,99.6,30.6,Car
2026-01-15,17,Porur Station,13.038,80.1565,20,29,30.4,43.5,29.5,Car
2026-01-15,17,OMR Station,12.9352,80.23,16,22,27.4,38.2,30.2,Bike
2026-01-15,18,Central Station,13.0827,80.2707,49,13,25.2,84.2,32.9,Bike
2026-01-15,18,Guindy Station,13.0067,80.2206,34,2,32.3,88.5,27.0,Bike
2026-01-15,18,T Nagar Station,13.0418,80.2341,22,22,20.0,39.8,30.8,Bike
2026-01-15,18,Adyar Station,13.0012,80.2565,30,16,23.1,66.7,34.9,Bike
2026-01-15,18,Velachery Station,12.9815,80.218,35,6,18.8,84.7,28.9,Bike
2026-01-15,18,Anna Nagar Station,13.085,80.2101,26,18,29.2,59.1,31.9,Car
2026-01-15,18,Egmore Station,13.0732,80.2609,46,0,28.4,89.6,29.6,Bike
2026-01-15,18,Tambaram Station,12.9249,80.1,50,0,11.3,100.0,27.9,Bike
2026-01-15,18,Porur Station,13.038,80.1565,30,18,19.6,58.3,30.2,Car
2026-01-15,18,OMR Station,12.9352,80.23,31,18,17.7,64.2,32.0,Bike
2026-01-15,19,Central Station,13.0827,80.2707,28,17,18.6,59.3,26.2,Car
2026-01-15,19,Guindy Station,13.0067,80.2206,43,10,34.9,86.6,29.1,Bike
2026-01-15,19,T Nagar Station,13.0418,80.2341,39,6,23.1,93.2,28.8,Bike
2026-01-15,19,Adyar Station,13.0012,80.2565,34,0,25.6,95.7,29.8,Bike
2026-01-15,19,Velachery Station,12.9815,80.218,47,0,26.3,95.7,26.7,Bike
2026-01-15,19,Anna Nagar Station,13.085,80.2101,25,24,12.1,52.6,32.3,Bike
2026-01-15,19,Egmore Station,13.0732,80.2609,19,23,32.2,49.8,30.0,Car
2026-01-15,19,Tambaram Station,12.9249,80.1,24,10,22.1,68.4,24.4,Car
2026-01-15,19,Porur Station,13.038,80.1565,35,7,38.2,87.4,30.4,Bike
2026-01-15,19,OMR Station,12.9352,80.23,14,25,32.5,38.7,29.1,Bike
2026-01-15,20,Central Station,13.0827,80.2707,32,17,29.9,67.1,34.1,Car
2026-01-15,20,Guindy Station,13.0067,80.2206,27,11,17.6,68.5,29.6,Bike
2026-01-15,20,T Nagar Station,13.0418,80.2341,13,27,19.5,41.9,33.8,Bike
2026-01-15,20,Adyar Station,13.0012,80.2565,18,4,23.6,84.7,27.5,Bike
2026-01-15,20,Velachery Station,12.9815,80.218,34,16,15.4,71.3,27.4,Bike
2026-01-15,20,Anna Nagar Station,13.085,80.2101,16,29,24.3,32.2,29.1,Car
2026-01-15,20,Egmore Station,13.0732,80.2609,15,7,26.7,64.4,35.1,Bike
2026-01-15,20,Tambaram Station,12.9249,80.1,27,15,8.4,59.3,29.5,Bike
2026-01-15,20,Porur Station,13.038,80.1565,32,5,20.2,85.3,24.6,Bike
2026-01-15,20,OMR Station,12.9352,80.23,29,25,31.1,49.0,30.0,Bike
2026-01-15,21,Central Station,13.0827,80.2707,15,15,25.2,57.9,31.0,Bike
2026-01-15,21,Guindy Station,13.0067,80.2206,20,9,18.5,70.3,28.6,Bike
2026-01-15,21,T Nagar Station,13.0418,80.2341,22,12,24.0,66.2,30.1,Bike
2026-01-15,21,Adyar Station,13.0012,80.2565,19,16,20.5,53.7,26.5,Bike
2026-01-15,21,Velachery Station,12.9815,80.218,10,8,23.7,62.4,33.5,Bike
2026-01-15,21,Anna Nagar Station,13.085,80.2101,7,27,28.5,15.0,29.7,Bike
2026-01-15,21,Egmore Station,13.0732,80.2609,17,26,29.7,41.5,26.7,Bike
2026-01-15,21,Tambaram Station,12.9249,80.1,7,19,14.2,27.8,25.1,Bike
2026-01-15,21,Porur Station,13.038,80.1565,6,28,24.8,12.9,33.6,Car
2026-01-15,21,OMR Station,12.9352,80.23,11,10,30.0,51.7,29.9,Bike
2026-01-15,22,Central Station,13.0827,80.2707,11,6,26.7,60.4,29.4,Bike
2026-01-15,22,Guindy Station,13.0067,80.2206,13,26,24.6,34.8,30.6,Bike
2026-01-15,22,T Nagar Station,13.0418,80.2341,9,14,32.7,38.7,29.7,Car
2026-01-15,22,Adyar Station,13.0012,80.2565,19,15,21.1,53.2,28.8,Car
2026-01-15,22,Velachery Station,12.9815,80.218,15,8,22.6,62.9,36.8,Bike
2026-01-15,22,Anna Nagar Station,13.085,80.2101,18,14,30.3,56.3,28.5,Bike
2026-01-15,22,Egmore Station,13.0732,80.2609,9,20,25.1,30.0,31.2,Bike
2026-01-15,22,Tambaram Station,12.9249,80.1,22,13,36.2,66.4,28.0,Bike
2026-01-15,22,Porur Station,13.038,80.1565,16,17,14.8,44.1,32.3,Bike
2026-01-15,22,OMR Station,12.9352,80.23,16,10,24.0,57.1,32.1,Bike
2026-01-16,6,Central Station,13.0827,80.2707,15,24,19.1,35.4,29.3,Bike
2026-01-16,6,Guindy Station,13.0067,80.2206,6,9,24.8,30.1,27.5,Bike
2026-01-16,6,T Nagar Station,13.0418,80.2341,1,16,21.9,10.0,33.0,Bike
2026-01-16,6,Adyar Station,13.0012,80.2565,12,22,25.9,33.0,31.3,Bike
2026-01-16,6,Velachery Station,12.9815,80.218,11,14,26.2,38.5,26.5,Bike
2026-01-16,6,Anna Nagar Station,13.085,80.2101,7,21,25.7,32.1,28.1,Bike
2026-01-16,6,Egmore Station,13.0732,80.2609,13,5,21.6,64.9,28.3,Bike
2026-01-16,6,Tambaram Station,12.9249,80.1,13,22,8.3,27.6,31.0,Bike
2026-01-16,6,Porur Station,13.038,80.1565,13,25,14.9,36.9,32.4,Car
2026-01-16,6,OMR Station,12.9352,80.23,6,24,8.0,23.4,25.6,Bike
2026-01-16,7,Central Station,13.0827,80.2707,16,15,28.9,54.6,35.1,Bike
2026-01-16,7,Guindy Station,13.0067,80.2206,13,14,23.9,55.9,31.8,Bike
2026-01-16,7,T Nagar Station,13.0418,80.2341,37,15,26.2,66.6,26.4,Bike
2026-01-16,7,Adyar Station,13.0012,80.2565,25,9,19.2,84.3,24.1,Bike
2026-01-16,7,Velachery Station,12.9815,80.218,17,6,20.1,70.7,29.0,Car
2026-01-16,7,Anna Nagar Station,13.085,80.2101,30,6,30.8,76.7,28.9,Bike
2026-01-16,7,Egmore Station,13.0732,80.2609,22,9,37.0,75.8,29.3,Bike
2026-01-16,7,Tambaram Station,12.9249,80.1,30,14,27.9,65.7,35.1,Bike
2026-01-16,7,Porur Station,13.038,80.1565,38,19,27.7,56.6,32.5,Bike
2026-01-16,7,OMR Station,12.9352,80.23,21,16,25.1,56.4,29.6,Car
2026-01-16,8,Central Station,13.0827,80.2707,29,4,21.1,84.5,29.6,Bike
2026-01-16,8,Guindy Station,13.0067,80.2206,41,23,29.1,53.8,30.8,Bike
2026-01-16,8,T Nagar Station,13.0418,80.2341,32,24,16.2,57.2,25.7,Bike
2026-01-16,8,Adyar Station,13.0012,80.2565,22,18,27.9,52.2,26.4,Bike
2026-01-16,8,Velachery Station,12.9815,80.218,23,6,30.7,90.3,31.4,Car
2026-01-16,8,Anna Nagar Station,13.085,80.2101,49,3,27.5,90.6,30.8,Bike
2026-01-16,8,Egmore Station,13.0732,80.2609,27,13,22.8,66.2,26.6,Car
2026-01-16,8,Tambaram Station,12.9249,80.1,47,20,25.7,74.0,33.2,Bike
2026-01-16,8,Porur Station,13.038,80.1565,34,14,20.6,74.9,29.2,Bike
2026-01-16,8,OMR Station,12.9352,80.23,36,2,17.2,95.2,30.8,Bike
2026-01-16,9,Central Station,13.0827,80.2707,16,18,32.9,47.5,29.9,Bike
2026-01-16,9,Guindy Station,13.0067,80.2206,28,11,15.6,69.6,31.4,Bike
2026-01-16,9,T Nagar Station,13.0418,80.2341,20,9,19.6,70.8,34.5,Bike
2026-01-16,9,Adyar Station,13.0012,80.2565,44,13,22.0,73.9,26.1,Bike
2026-01-16,9,Velachery Station,12.9815,80.218,23,21,23.8,48.5,28.9,Bike
2026-01-16,9,Anna Nagar Station,13.085,80.2101,36,11,21.9,72.9,29.5,Bike
2026-01-16,9,Egmore Station,13.0732,80.2609,30,6,25.4,90.1,29.5,Bike
2026-01-16,9,Tambaram Station,12.9249,80.1,22,4,14.7,90.3,31.1,Car
2026-01-16,9,Porur Station,13.038,80.1565,20,26,21.8,52.2,32.0,Car
2026-01-16,9,OMR Station,12.9352,80.23,18,25,26.9,43.6,30.5,Bike
2026-01-16,10,Central Station,13.0827,80.2707,25,7,21.6,82.7,32.7,Bike
2026-01-16,10,Guindy Station,13.0067,80.2206,8,8,28.4,45.9,33.1,Bike
2026-01-16,10,T Nagar Station,13.0418,80.2341,14,12,25.7,45.6,31.4,Bike
2026-01-16,10,Adyar Station,13.0012,80.2565,28,18,25.4,65.0,28.3,Car
2026-01-16,10,Velachery Station,12.9815,80.218,21,25,17.3,43.5,29.7,Bike
2026-01-16,10,Anna Nagar Station,13.085,80.2101,17,28,10.2,31.5,31.7,Bike
2026-01-16,10,Egmore Station,13.0732,80.2609,10,7,20.8,64.4,29.7,Bike
2026-01-16,10,Tambaram Station,12.9249,80.1,19,6,25.2,67.7,27.7,Car
2026-01-16,10,Porur Station,13.038,80.1565,36,16,28.0,71.9,30.7,Car
2026-01-16,10,OMR Station,12.9352,80.23,24,11,17.8,69.3,29.5,Car
2026-01-16,11,Central Station,13.0827,80.2707,14,28,19.7,31.1,29.3,Bike
2026-01-16,11,Guindy Station,13.0067,80.2206,17,4,29.6,77.4,27.3,Bike
2026-01-16,11,T Nagar Station,13.0418,80.2341,11,31,24.7,31.8,27.9,Bike
2026-01-16,11,Adyar Station,13.0012,80.2565,12,16,9.9,44.7,29.7,Car
2026-01-16,11,Velachery Station,12.9815,80.218,18,28,19.4,44.1,34.1,Bike
2026-01-16,11,Anna Nagar Station,13.085,80.2101,15,16,21.6,43.9,25.6,Bike
2026-01-16,11,Egmore Station,13.0732,80.2609,1,11,16.1,11.5,32.0,Car
2026-01-16,11,Tambaram Station,12.9249,80.1,10,22,21.5,29.2,28.4,Bike
2026-01-16,11,Porur Station,13.038,80.1565,7,29,12.4,21.4,23.2,Bike
2026-01-16,11,OMR Station,12.9352,80.23,1,12,16.1,10.0,29.9,Car
2026-01-16,12,Central Station,13.0827,80.2707,10,5,19.0,72.5,32.9,Car
2026-01-16,12,Guindy Station,13.0067,80.2206,20,5,16.1,75.1,31.4,Bike
2026-01-16,12,T Nagar Station,13.0418,80.2341,8,22,29.6,24.0,30.3,Bike
2026-01-16,12,Adyar Station,13.0012,80.2565,6,25,19.0,29.5,24.2,Bike
2026-01-16,12,Velachery Station,12.9815,80.218,8,17,36.9,40.5,27.8,Bike
2026-01-16,12,Anna Nagar Station,13.085,80.2101,9,12,31.1,42.5,27.8,Bike
2026-01-16,12,Egmore Station,13.0732,80.2609,16,18,32.5,51.4,30.3,Car
2026-01-16,12,Tambaram Station,12.9249,80.1,20,6,21.8,85.9,29.2,Car
2026-01-16,12,Porur Station,13.038,80.1565,11,22,17.8,40.9,28.8,Bike
2026-01-16,12,OMR Station,12.9352,80.23,12,12,22.1,51.1,28.3,Car
2026-01-16,13,Central Station,13.0827,80.2707,15,24,15.3,35.2,30.9,Bike
2026-01-16,13,Guindy Station,13.0067,80.2206,12,18,24.0,38.0,28.1,Bike
2026-01-16,13,T Nagar Station,13.0418,80.2341,21,17,27.0,59.3,26.0,Car
2026-01-16,13,Adyar Station,13.0012,80.2565,11,28,35.5,30.7,24.6,Car
2026-01-16,13,Velachery Station,12.9815,80.218,12,16,15.9,35.7,28.3,Bike
2026-01-16,13,Anna Nagar Station,13.085,80.2101,1,17,25.5,18.0,30.4,Bike
2026-01-16,13,Egmore Station,13.0732,80.2609,13,10,31.8,45.1,25.5,Bike
2026-01-16,13,Tambaram Station,12.9249,80.1,1,8,20.6,10.0,28.6,Car
2026-01-16,13,Porur Station,13.038,80.1565,23,21,25.1,53.8,33.1,Bike
2026-01-16,13,OMR Station,12.9352,80.23,7,31,15.2,19.5,24.7,Bike
2026-01-16,14,Central Station,13.0827,80.2707,9,27,23.8,24.7,34.1,Car
2026-01-16,14,Guindy Station,13.0067,80.2206,5,27,23.5,18.6,26.1,Bike
2026-01-16,14,T Nagar Station,13.0418,80.2341,15,25,14.5,37.0,28.8,Bike
2026-01-16,14,Adyar Station,13.0012,80.2565,20,19,14.0,55.8,29.4,Bike
2026-01-16,14,Velachery Station,12.9815,80.218,5,28,31.7,23.1,27.5,Bike
2026-01-16,14,Anna Nagar Station,13.085,80.2101,14,26,22.2,43.2,32.2,Bike
2026-01-16,14,Egmore Station,13.0732,80.2609,11,22,24.4,35.3,25.9,Car
2026-01-16,14,Tambaram Station,12.9249,80.1,8,16,28.2,29.1,22.8,Car
2026-01-16,14,Porur Station,13.038,80.1565,9,11,8.0,36.2,30.4,Bike
2026-01-16,14,OMR Station,12.9352,80.23,5,15,29.9,28.6,33.0,Bike
2026-01-16,15,Central Station,13.0827,80.2707,15,26,19.4,36.5,22.1,Bike
2026-01-16,15,Guindy Station,13.0067,80.2206,2,19,34.3,12.7,22.8,Bike
2026-01-16,15,T Nagar Station,13.0418,80.2341,5,19,16.0,22.2,29.6,Bike
2026-01-16,15,Adyar Station,13.0012,80.2565,10,25,13.9,19.3,26.9,Bike
2026-01-16,15,Velachery Station,12.9815,80.218,12,26,15.6,23.1,29.3,Bike
2026-01-16,15,Anna Nagar Station,13.085,80.2101,11,27,36.9,37.4,31.9,Car
2026-01-16,15,Egmore Station,13.0732,80.2609,8,20,18.6,31.7,26.5,Bike
2026-01-16,15,Tambaram Station,12.9249,80.1,21,28,26.0,38.3,30.3,Bike
2026-01-16,15,Porur Station,13.038,80.1565,10,7,19.7,54.5,32.6,Bike
2026-01-16,15,OMR Station,12.9352,80.23,10,29,22.9,25.9,34.5,Bike
2026-01-16,16,Central Station,13.0827,80.2707,12,29,20.9,30.3,28.1,Bike
2026-01-16,16,Guindy Station,13.0067,80.2206,1,9,27.0,10.0,31.3,Bike
2026-01-16,16,T Nagar Station,13.0418,80.2341,1,31,23.7,10.0,32.5,Bike
2026-01-16,16,Adyar Station,13.0012,80.2565,7,8,25.3,48.3,24.4,Car
2026-01-16,16,Velachery Station,12.9815,80.218,5,12,13.0,36.7,30.6,Car
2026-01-16,16,Anna Nagar Station,13.085,80.2101,18,19,14.4,44.3,24.8,Bike
2026-01-16,16,Egmore Station,13.0732,80.2609,8,14,21.6,37.4,29.8,Bike
2026-01-16,16,Tambaram Station,12.9249,80.1,15,11,25.5,61.2,23.2,Bike
2026-01-16,16,Porur Station,13.038,80.1565,11,29,8.6,21.8,30.8,Bike
2026-01-16,16,OMR Station,12.9352,80.23,6,26,37.0,22.6,32.2,Bike
2026-01-16,17,Central Station,13.0827,80.2707,36,16,20.2,71.6,34.2,Car
2026-01-16,17,Guindy Station,13.0067,80.2206,25,18,24.8,53.8,32.3,Bike
2026-01-16,17,T Nagar Station,13.0418,80.2341,12,22,22.6,39.3,31.4,Car
2026-01-16,17,Adyar Station,13.0012,80.2565,38,16,16.9,67.6,26.6,Car
2026-01-16,17,Velachery Station,12.9815,80.218,33,15,22.5,68.8,26.8,Bike
2026-01-16,17,Anna Nagar Station,13.085,80.2101,11,5,28.9,65.9,29.1,Car
2026-01-16,17,Egmore Station,13.0732,80.2609,24,17,25.6,63.1,27.0,Bike
2026-01-16,17,Tambaram Station,12.9249,80.1,37,9,19.7,84.8,31.3,Bike
2026-01-16,17,Porur Station,13.038,80.1565,16,9,27.9,70.9,22.3,Bike
2026-01-16,17,OMR Station,12.9352,80.23,17,4,18.8,84.1,29.6,Bike
2026-01-16,18,Central Station,13.0827,80.2707,26,17,27.0,62.6,30.4,Bike
2026-01-16,18,Guindy Station,13.0067,80.2206,38,19,17.5,67.7,28.4,Bike
2026-01-16,18,T Nagar Station,13.0418,80.2341,20,20,28.7,51.5,32.6,Bike
2026-01-16,18,Adyar Station,13.0012,80.2565,41,8,22.6,84.3,25.9,Bike
2026-01-16,18,Velachery Station,12.9815,80.218,34,7,15.1,73.7,26.8,Bike
2026-01-16,18,Anna Nagar Station,13.085,80.2101,34,21,25.3,58.7,29.6,Car
2026-01-16,18,Egmore Station,13.0732,80.2609,14,30,16.5,40.4,29.1,Car
2026-01-16,18,Tambaram Station,12.9249,80.1,37,0,28.7,97.8,29.3,Bike
2026-01-16,18,Porur Station,13.038,80.1565,27,6,27.9,74.6,31.2,Bike
2026-01-16,18,OMR Station,12.9352,80.23,49,13,15.6,79.0,26.5,Bike
2026-01-16,19,Central Station,13.0827,80.2707,29,6,22.5,73.2,29.8,Bike
2026-01-16,19,Guindy Station,13.0067,80.2206,22,23,27.1,53.0,32.5,Bike
2026-01-16,19,T Nagar Station,13.0418,80.2341,12,12,29.7,50.4,25.3,Car
2026-01-16,19,Adyar Station,13.0012,80.2565,26,27,34.4,51.9,32.8,Car
2026-01-16,19,Velachery Station,12.9815,80.218,15,22,37.3,39.4,28.0,Bike
2026-01-16,19,Anna Nagar Station,13.085,80.2101,30,15,19.8,62.0,30.0,Bike
2026-01-16,19,Egmore Station,13.0732,80.2609,31,18,15.6,68.5,26.2,Bike
2026-01-16,19,Tambaram Station,12.9249,80.1,29,24,16.2,55.1,35.3,Bike
2026-01-16,19,Porur Station,13.038,80.1565,23,15,18.0,65.4,23.5,Car
2026-01-16,19,OMR Station,12.9352,80.23,13,9,35.0,59.7,28.4,Bike
2026-01-16,20,Central Station,13.0827,80.2707,30,5,17.0,89.4,30.5,Bike
2026-01-16,20,Guindy Station,13.0067,80.2206,12,31,38.5,24.5,28.4,Bike
2026-01-16,20,T Nagar Station,13.0418,80.2341,29,2,30.3,80.5,29.4,Car
2026-01-16,20,Adyar Station,13.0012,80.2565,11,19,26.9,35.8,28.4,Bike
2026-01-16,20,Velachery Station,12.9815,80.218,33,23,22.8,61.1,29.6,Car
2026-01-16,20,Anna Nagar Station,13.085,80.2101,22,18,19.8,57.1,32.3,Car
2026-01-16,20,Egmore Station,13.0732,80.2609,31,14,25.2,62.4,31.6,Bike
2026-01-16,20,Tambaram Station,12.9249,80.1,29,10,29.3,74.2,29.9,Bike
2026-01-16,20,Porur Station,13.038,80.1565,26,13,14.6,59.8,27.1,Bike
2026-01-16,20,OMR Station,12.9352,80.23,6,15,22.7,23.7,28.6,Car
2026-01-16,21,Central Station,13.0827,80.2707,7,7,20.0,40.0,25.0,Car
2026-01-16,21,Guindy Station,13.0067,80.2206,8,14,23.9,30.6,29.8,Car
2026-01-16,21,T Nagar Station,13.0418,80.2341,9,19,20.1,26.4,33.9,Car
2026-01-16,21,Adyar Station,13.0012,80.2565,19,21,30.4,41.6,29.4,Car
2026-01-16,21,Velachery Station,12.9815,80.218,4,25,29.4,10.9,27.6,Bike
2026-01-16,21,Anna Nagar Station,13.085,80.2101,3,29,12.9,10.0,27.8,Bike
2026-01-16,21,Egmore Station,13.0732,80.2609,21,7,30.9,73.9,32.1,Bike
2026-01-16,21,Tambaram Station,12.9249,80.1,18,14,18.6,49.4,27.7,Car
2026-01-16,21,Porur Station,13.038,80.1565,9,30,30.6,25.2,30.4,Bike
2026-01-16,21,OMR Station,12.9352,80.23,4,32,17.0,13.8,26.5,Bike
2026-01-16,22,Central Station,13.0827,80.2707,4,12,25.1,19.9,27.4,Bike
2026-01-16,22,Guindy Station,13.0067,80.2206,14,9,29.1,61.4,31.3,Bike
2026-01-16,22,T Nagar Station,13.0418,80.2341,19,25,31.8,34.6,32.9,Bike
2026-01-16,22,Adyar Station,13.0012,80.2565,11,17,32.2,34.6,26.8,Bike
2026-01-16,22,Velachery Station,12.9815,80.218,8,24,29.2,29.0,32.1,Bike
2026-01-16,22,Anna Nagar Station,13.085,80.2101,13,14,30.4,52.5,29.6,Bike
2026-01-16,22,Egmore Station,13.0732,80.2609,8,20,29.9,26.2,31.9,Bike
2026-01-16,22,Tambaram Station,12.9249,80.1,12,19,29.8,32.5,27.8,Bike
2026-01-16,22,Porur Station,13.038,80.1565,11,19,32.1,40.2,32.5,Bike
2026-01-16,22,OMR Station,12.9352,80.23,8,21,36.7,31.7,28.8,Bike
2026-01-17,6,Central Station,13.0827,80.2707,6,19,26.2,32.4,33.9,Bike
2026-01-17,6,Guindy Station,13.0067,80.2206,16,14,32.8,51.2,33.1,Bike
2026-01-17,6,T Nagar Station,13.0418,80.2341,20,25,19.0,38.4,30.6,Bike
2026-01-17,6,Adyar Station,13.0012,80.2565,12,24,25.8,34.2,27.3,Bike
2026-01-17,6,Velachery Station,12.9815,80.218,6,9,35.3,41.9,27.9,Car
2026-01-17,6,Anna Nagar Station,13.085,80.2101,6,28,21.4,16.6,26.7,Car
2026-01-17,6,Egmore Station,13.0732,80.2609,27,4,13.1,86.8,27.3,Bike
2026-01-17,6,Tambaram Station,12.9249,80.1,9,24,16.7,29.8,26.3,Car
2026-01-17,6,Porur Station,13.038,80.1565,12,26,21.3,28.3,29.0,Bike
2026-01-17,6,OMR Station,12.9352,80.23,20,14,18.9,54.7,33.3,Car
2026-01-17,7,Central Station,13.0827,80.2707,17,22,28.1,44.3,31.9,Bike
2026-01-17,7,Guindy Station,13.0067,80.2206,18,16,15.0,53.1,36.9,Bike
2026-01-17,7,T Nagar Station,13.0418,80.2341,22,15,17.4,57.8,31.6,Bike
2026-01-17,7,Adyar Station,13.0012,80.2565,30,23,34.7,53.7,29.6,Bike
2026-01-17,7,Velachery Station,12.9815,80.218,20,5,32.4,87.7,34.1,Bike
2026-01-17,7,Anna Nagar Station,13.085,80.2101,29,22,13.4,53.8,27.1,Bike
2026-01-17,7,Egmore Station,13.0732,80.2609,21,2,28.4,95.4,29.6,Car
2026-01-17,7,Tambaram Station,12.9249,80.1,13,8,34.4,56.6,23.2,Bike
2026-01-17,7,Porur Station,13.038,80.1565,16,24,23.3,42.5,28.6,Bike
2026-01-17,7,OMR Station,12.9352,80.23,34,15,30.5,78.2,33.8,Bike
2026-01-17,8,Central Station,13.0827,80.2707,34,13,19.3,78.6,29.3,Bike
2026-01-17,8,Guindy Station,13.0067,80.2206,42,17,21.7,74.4,31.5,Bike
2026-01-17,8,T Nagar Station,13.0418,80.2341,34,10,21.7,78.5,29.8,Bike
2026-01-17,8,Adyar Station,13.0012,80.2565,5,21,20.4,27.1,25.9,Car
2026-01-17,8,Velachery Station,12.9815,80.218,31,12,20.1,64.8,34.7,Bike
2026-01-17,8,Anna Nagar Station,13.085,80.2101,39,8,23.8,83.0,30.0,Car
2026-01-17,8,Egmore Station,13.0732,80.2609,26,27,29.1,40.6,34.7,Bike
2026-01-17,8,Tambaram Station,12.9249,80.1,15,18,18.0,49.1,33.4,Bike
2026-01-17,8,Porur Station,13.038,80.1565,14,29,21.7,28.3,34.5,Bike
2026-01-17,8,OMR Station,12.9352,80.23,26,7,33.7,81.8,27.0,Bike
2026-01-17,9,Central Station,13.0827,80.2707,30,9,19.8,79.7,28.7,Bike
2026-01-17,9,Guindy Station,13.0067,80.2206,29,19,14.2,57.1,29.8,Bike
2026-01-17,9,T Nagar Station,13.0418,80.2341,20,11,24.9,67.9,32.8,Bike
2026-01-17,9,Adyar Station,13.0012,80.2565,45,17,35.5,77.6,29.1,Bike
2026-01-17,9,Velachery Station,12.9815,80.218,43,5,18.6,95.2,29.8,Bike
2026-01-17,9,Anna Nagar Station,13.085,80.2101,30,22,33.9,57.0,21.8,Car
2026-01-17,9,Egmore Station,13.0732,80.2609,19,23,24.4,53.1,27.0,Bike
2026-01-17,9,Tambaram Station,12.9249,80.1,42,1,21.5,97.7,22.7,Car
2026-01-17,9,Porur Station,13.038,80.1565,15,12,27.7,49.8,21.8,Bike
2026-01-17,9,OMR Station,12.9352,80.23,36,24,30.0,63.7,28.9,Bike
2026-01-17,10,Central Station,13.0827,80.2707,31,10,30.8,83.8,29.6,Bike
2026-01-17,10,Guindy Station,13.0067,80.2206,27,20,11.3,56.1,27.5,Bike
2026-01-17,10,T Nagar Station,13.0418,80.2341,27,7,20.7,84.0,34.0,Bike
2026-01-17,10,Adyar Station,13.0012,80.2565,35,3,34.3,91.9,26.1,Bike
2026-01-17,10,Velachery Station,12.9815,80.218,35,5,14.6,87.0,32.6,Bike
2026-01-17,10,Anna Nagar Station,13.085,80.2101,10,15,27.3,39.1,30.0,Bike
2026-01-17,10,Egmore Station,13.0732,80.2609,26,25,19.8,45.9,37.1,Bike
2026-01-17,10,Tambaram Station,12.9249,80.1,27,4,36.6,91.7,28.0,Bike
2026-01-17,10,Porur Station,13.038,80.1565,23,5,30.2,74.9,27.1,Bike
2026-01-17,10,OMR Station,12.9352,80.23,23,8,20.6,69.5,24.4,Car
2026-01-17,11,Central Station,13.0827,80.2707,21,10,8.0,76.8,24.4,Bike
2026-01-17,11,Guindy Station,13.0067,80.2206,6,13,24.3,30.7,23.6,Bike
2026-01-17,11,T Nagar Station,13.0418,80.2341,13,7,23.2,69.5,25.2,Bike
2026-01-17,11,Adyar Station,13.0012,80.2565,1,29,25.2,10.0,31.4,Bike
2026-01-17,11,Velachery Station,12.9815,80.218,17,15,34.2,48.1,26.0,Bike
2026-01-17,11,Anna Nagar Station,13.085,80.2101,14,18,27.7,53.1,31.2,Bike
2026-01-17,11,Egmore Station,13.0732,80.2609,15,22,23.5,45.0,29.8,Bike
2026-01-17,11,Tambaram Station,12.9249,80.1,19,3,15.7,90.0,28.3,Bike
2026-01-17,11,Porur Station,13.038,80.1565,9,26,33.1,18.0,37.5,Bike
2026-01-17,11,OMR Station,12.9352,80.23,16,29,20.0,31.9,23.1,Bike
2026-01-17,12,Central Station,13.0827,80.2707,14,26,22.0,37.6,27.5,Bike
2026-01-17,12,Guindy Station,13.0067,80.2206,25,23,24.2,54.8,33.4,Bike
2026-01-17,12,T Nagar Station,13.0418,80.2341,16,6,38.1,79.9,26.4,Bike
2026-01-17,12,Adyar Station,13.0012,80.2565,2,21,21.7,10.3,24.2,Bike
2026-01-17,12,Velachery Station,12.9815,80.218,8,6,22.5,56.1,33.5,Bike
2026-01-17,12,Anna Nagar Station,13.085,80.2101,11,9,21.5,53.4,30.1,Bike
2026-01-17,12,Egmore Station,13.0732,80.2609,17,22,25.6,47.5,28.1,Bike
2026-01-17,12,Tambaram Station,12.9249,80.1,13,8,24.1,68.0,26.2,Car
2026-01-17,12,Porur Station,13.038,80.1565,4,21,24.6,17.2,31.5,Bike
2026-01-17,12,OMR Station,12.9352,80.23,15,4,13.5,79.5,30.4,Bike
2026-01-17,13,Central Station,13.0827,80.2707,8,30,8.0,24.8,29.1,Bike
2026-01-17,13,Guindy Station,13.0067,80.2206,16,17,23.4,48.2,26.6,Car
2026-01-17,13,T Nagar Station,13.0418,80.2341,19,17,31.6,49.1,26.7,Bike
2026-01-17,13,Adyar Station,13.0012,80.2565,7,9,26.6,45.5,29.0,Bike
2026-01-17,13,Velachery Station,12.9815,80.218,10,5,13.7,65.5,32.3,Car
2026-01-17,13,Anna Nagar Station,13.085,80.2101,8,31,22.6,20.6,24.9,Car
2026-01-17,13,Egmore Station,13.0732,80.2609,21,15,19.2,61.5,33.0,Bike
2026-01-17,13,Tambaram Station,12.9249,80.1,6,10,14.8,49.6,29.3,Bike
2026-01-17,13,Porur Station,13.038,80.1565,17,7,23.5,71.6,30.5,Bike
2026-01-17,13,OMR Station,12.9352,80.23,5,25,8.0,22.6,35.0,Bike
2026-01-17,14,Central Station,13.0827,80.2707,8,21,26.5,22.6,28.3,Bike
2026-01-17,14,Guindy Station,13.0067,80.2206,9,27,27.8,27.7,32.6,Bike
2026-01-17,14,T Nagar Station,13.0418,80.2341,3,7,17.4,31.3,27.6,Bike
2026-01-17,14,Adyar Station,13.0012,80.2565,7,6,25.0,52.3,27.9,Bike
2026-01-17,14,Velachery Station,12.9815,80.218,8,11,28.7,49.6,28.8,Bike
2026-01-17,14,Anna Nagar Station,13.085,80.2101,15,13,29.8,49.4,34.8,Bike
2026-01-17,14,Egmore Station,13.0732,80.2609,10,9,27.9,49.2,29.1,Bike
2026-01-17,14,Tambaram Station,12.9249,80.1,12,10,24.9,60.6,26.8,Bike
2026-01-17,14,Porur Station,13.038,80.1565,16,4,23.5,91.5,36.8,Bike
2026-01-17,14,OMR Station,12.9352,80.23,10,15,21.7,45.4,30.3,Bike
2026-01-17,15,Central Station,13.0827,80.2707,18,28,23.3,44.4,24.6,Car
2026-01-17,15,Guindy Station,13.0067,80.2206,23,15,21.4,60.2,25.8,Bike
2026-01-17,15,T Nagar Station,13.0418,80.2341,11,29,26.6,26.1,27.1,Car
2026-01-17,15,Adyar Station,13.0012,80.2565,7,31,31.8,15.1,33.0,Bike
2026-01-17,15,Velachery Station,12.9815,80.218,8,13,25.7,37.9,30.0,Bike
2026-01-17,15,Anna Nagar Station,13.085,80.2101,14,11,34.3,56.3,31.2,Car
2026-01-17,15,Egmore Station,13.0732,80.2609,12,17,8.0,37.6,34.3,Car
2026-01-17,15,Tambaram Station,12.9249,80.1,21,22,13.0,50.8,26.9,Bike
2026-01-17,15,Porur Station,13.038,80.1565,13,13,14.8,46.7,32.5,Car
2026-01-17,15,OMR Station,12.9352,80.23,11,21,26.2,33.9,32.8,Bike
2026-01-17,16,Central Station,13.0827,80.2707,10,18,25.7,40.1,29.3,Bike
2026-01-17,16,Guindy Station,13.0067,80.2206,14,7,19.1,68.2,21.8,Car
2026-01-17,16,T Nagar Station,13.0418,80.2341,3,11,24.9,22.8,35.8,Bike
2026-01-17,16,Adyar Station,13.0012,80.2565,6,14,25.4,23.7,30.5,Bike
2026-01-17,16,Velachery Station,12.9815,80.218,4,24,20.6,16.8,30.9,Car
2026-01-17,16,Anna Nagar Station,13.085,80.2101,8,16,19.2,43.2,27.1,Bike
2026-01-17,16,Egmore Station,13.0732,80.2609,16,27,26.3,35.3,28.2,Bike
2026-01-17,16,Tambaram Station,12.9249,80.1,11,31,24.4,30.8,26.4,Car
2026-01-17,16,Porur Station,13.038,80.1565,10,15,20.6,52.1,33.6,Bike
2026-01-17,16,OMR Station,12.9352,80.23,12,19,22.0,29.6,33.4,Bike
2026-01-17,17,Central Station,13.0827,80.2707,16,21,21.6,40.0,31.2,Bike
2026-01-17,17,Guindy Station,13.0067,80.2206,28,14,23.0,67.1,28.9,Bike
2026-01-17,17,T Nagar Station,13.0418,80.2341,37,24,22.3,58.2,31.5,Car
2026-01-17,17,Adyar Station,13.0012,80.2565,23,3,24.0,90.4,31.0,Bike
2026-01-17,17,Velachery Station,12.9815,80.218,24,4,34.2,87.1,28.8,Bike
2026-01-17,17,Anna Nagar Station,13.085,80.2101,19,15,20.9,61.1,30.3,Bike
2026-01-17,17,Egmore Station,13.0732,80.2609,32,26,20.6,54.8,28.3,Bike
2026-01-17,17,Tambaram Station,12.9249,80.1,33,12,22.8,75.0,27.4,Car
2026-01-17,17,Porur Station,13.038,80.1565,13,11,29.1,57.9,27.7,Bike
2026-01-17,17,OMR Station,12.9352,80.23,19,16,28.2,55.8,27.1,Bike
2026-01-17,18,Central Station,13.0827,80.2707,47,13,24.5,74.2,24.7,Car
2026-01-17,18,Guindy Station,13.0067,80.2206,24,20,34.6,57.8,29.5,Car
2026-01-17,18,T Nagar Station,13.0418,80.2341,39,1,23.0,98.0,26.3,Bike
2026-01-17,18,Adyar Station,13.0012,80.2565,23,14,18.1,59.9,30.6,Car
2026-01-17,18,Velachery Station,12.9815,80.218,38,9,18.1,83.3,34.1,Bike
2026-01-17,18,Anna Nagar Station,13.085,80.2101,28,22,24.0,54.7,27.4,Bike
2026-01-17,18,Egmore Station,13.0732,80.2609,24,20,19.5,58.4,34.1,Car
2026-01-17,18,Tambaram Station,12.9249,80.1,24,25,28.8,44.9,28.9,Bike
2026-01-17,18,Porur Station,13.038,80.1565,35,7,20.7,85.9,27.9,Bike
2026-01-17,18,OMR Station,12.9352,80.23,40,20,10.3,60.7,26.5,Bike
2026-01-17,19,Central Station,13.0827,80.2707,42,7,24.5,86.3,28.5,Bike
2026-01-17,19,Guindy Station,13.0067,80.2206,43,4,34.5,94.7,31.6,Bike
2026-01-17,19,T Nagar Station,13.0418,80.2341,28,14,26.2,68.3,29.2,Bike
2026-01-17,19,Adyar Station,13.0012,80.2565,37,4,23.4,89.3,32.0,Bike
2026-01-17,19,Velachery Station,12.9815,80.218,42,1,22.6,100.0,32.8,Bike
2026-01-17,19,Anna Nagar Station,13.085,80.2101,19,21,19.1,51.6,35.8,Bike
2026-01-17,19,Egmore Station,13.0732,80.2609,18,25,27.2,42.2,27.9,Car
2026-01-17,19,Tambaram Station,12.9249,80.1,21,2,25.2,97.7,35.5,Bike
2026-01-17,19,Porur Station,13.038,80.1565,18,28,23.0,29.5,31.5,Bike
2026-01-17,19,OMR Station,12.9352,80.23,31,19,29.2,65.5,32.8,Bike
2026-01-17,20,Central Station,13.0827,80.2707,19,16,12.9,54.8,27.1,Bike
2026-01-17,20,Guindy Station,13.0067,80.2206,16,7,29.7,71.7,33.8,Car
2026-01-17,20,T Nagar Station,13.0418,80.2341,27,22,22.8,54.4,27.0,Bike
2026-01-17,20,Adyar Station,13.0012,80.2565,33,2,26.3,94.5,29.1,Bike
2026-01-17,20,Velachery Station,12.9815,80.218,25,1,25.6,96.8,30.4,Car
2026-01-17,20,Anna Nagar Station,13.085,80.2101,12,17,28.7,45.0,28.7,Bike
2026-01-17,20,Egmore Station,13.0732,80.2609,13,9,29.1,66.3,30.1,Bike
2026-01-17,20,Tambaram Station,12.9249,80.1,33,21,22.0,64.9,29.0,Car
2026-01-17,20,Porur Station,13.038,80.1565,6,21,16.1,30.4,31.5,Bike
2026-01-17,20,OMR Station,12.9352,80.23,30,24,14.4,60.1,30.0,Car
2026-01-17,21,Central Station,13.0827,80.2707,13,21,15.0,36.7,32.3,Car
2026-01-17,21,Guindy Station,13.0067,80.2206,17,17,18.6,51.7,26.7,Bike
2026-01-17,21,T Nagar Station,13.0418,80.2341,17,7,27.1,72.9,33.9,Bike
2026-01-17,21,Adyar Station,13.0012,80.2565,9,30,21.9,20.5,34.4,Bike
2026-01-17,21,Velachery Station,12.9815,80.218,6,10,14.1,31.8,27.0,Bike
2026-01-17,21,Anna Nagar Station,13.085,80.2101,18,19,16.3,46.0,29.9,Bike
2026-01-17,21,Egmore Station,13.0732,80.2609,20,5,31.8,84.4,32.8,Bike
2026-01-17,21,Tambaram Station,12.9249,80.1,7,29,28.3,21.9,32.1,Bike
2026-01-17,21,Porur Station,13.038,80.1565,7,8,28.9,53.2,27.5,Bike
2026-01-17,21,OMR Station,12.9352,80.23,5,30,16.3,10.5,30.3,Car
2026-01-17,22,Central Station,13.0827,80.2707,12,30,39.1,26.3,33.3,Bike
2026-01-17,22,Guindy Station,13.0067,80.2206,9,27,31.6,25.9,29.6,Bike
2026-01-17,22,T Nagar Station,13.0418,80.2341,23,25,23.8,49.6,30.7,Car
2026-01-17,22,Adyar Station,13.0012,80.2565,17,27,33.2,34.9,25.3,Car
2026-01-17,22,Velachery Station,12.9815,80.218,20,29,22.4,36.0,31.7,Bike
2026-01-17,22,Anna Nagar Station,13.085,80.2101,15,25,15.7,44.7,34.2,Bike
2026-01-17,22,Egmore Station,13.0732,80.2609,8,27,25.6,20.6,30.0,Car
2026-01-17,22,Tambaram Station,12.9249,80.1,16,27,20.9,31.4,30.9,Bike
2026-01-17,22,Porur Station,13.038,80.1565,18,20,23.1,52.5,34.9,Bike
2026-01-17,22,OMR Station,12.9352,80.23,10,26,25.6,37.7,31.6,Car
2026-01-18,6,Central Station,13.0827,80.2707,17,8,31.5,70.0,31.4,Bike
2026-01-18,6,Guindy Station,13.0067,80.2206,8,7,32.8,45.3,26.3,Bike
2026-01-18,6,T Nagar Station,13.0418,80.2341,6,8,19.3,40.7,29.1,Bike
2026-01-18,6,Adyar Station,13.0012,80.2565,2,28,24.5,10.0,33.0,Bike
2026-01-18,6,Velachery Station,12.9815,80.218,17,17,30.7,55.8,30.9,Bike
2026-01-18,6,Anna Nagar Station,13.085,80.2101,17,19,32.9,40.1,31.1,Bike
2026-01-18,6,Egmore Station,13.0732,80.2609,5,10,12.9,31.2,30.2,Bike
2026-01-18,6,Tambaram Station,12.9249,80.1,6,12,32.5,33.2,26.9,Bike
2026-01-18,6,Porur Station,13.038,80.1565,5,32,25.2,10.0,28.1,Bike
2026-01-18,6,OMR Station,12.9352,80.23,13,21,32.5,41.8,26.7,Car
2026-01-18,7,Central Station,13.0827,80.2707,16,11,22.7,56.6,31.9,Bike
2026-01-18,7,Guindy Station,13.0067,80.2206,8,12,16.7,35.8,30.4,Bike
2026-01-18,7,T Nagar Station,13.0418,80.2341,31,11,25.5,69.4,23.9,Bike
2026-01-18,7,Adyar Station,13.0012,80.2565,20,15,19.5,55.4,26.7,Bike
2026-01-18,7,Velachery Station,12.9815,80.218,27,4,19.6,83.3,31.6,Bike
2026-01-18,7,Anna Nagar Station,13.085,80.2101,21,16,27.2,59.0,29.4,Car
2026-01-18,7,Egmore Station,13.0732,80.2609,1,15,21.2,16.0,28.2,Bike
2026-01-18,7,Tambaram Station,12.9249,80.1,25,12,24.6,65.7,25.0,Car
2026-01-18,7,Porur Station,13.038,80.1565,35,20,26.0,66.3,34.5,Bike
2026-01-18,7,OMR Station,12.9352,80.23,33,3,13.0,90.3,32.7,Bike
2026-01-18,8,Central Station,13.0827,80.2707,12,24,23.0,34.6,29.5,Bike
2026-01-18,8,Guindy Station,13.0067,80.2206,19,3,15.8,82.5,26.3,Bike
2026-01-18,8,T Nagar Station,13.0418,80.2341,34,3,8.0,92.1,35.4,Bike
2026-01-18,8,Adyar Station,13.0012,80.2565,12,30,33.7,22.0,33.7,Bike
2026-01-18,8,Velachery Station,12.9815,80.218,33,11,24.5,75.1,30.6,Bike
2026-01-18,8,Anna Nagar Station,13.085,80.2101,30,25,41.3,56.7,34.5,Bike
2026-01-18,8,Egmore Station,13.0732,80.2609,18,3,28.9,83.9,27.8,Car
2026-01-18,8,Tambaram Station,12.9249,80.1,50,15,36.2,85.6,24.9,Bike
2026-01-18,8,Porur Station,13.038,80.1565,20,23,14.1,44.5,28.0,Bike
2026-01-18,8,OMR Station,12.9352,80.23,53,0,12.7,100.0,35.4,Bike
2026-01-18,9,Central Station,13.0827,80.2707,39,20,22.7,58.2,29.0,Car
2026-01-18,9,Guindy Station,13.0067,80.2206,50,0,18.4,95.0,25.3,Car
2026-01-18,9,T Nagar Station,13.0418,80.2341,44,14,25.3,67.4,25.2,Bike
2026-01-18,9,Adyar Station,13.0012,80.2565,25,6,19.9,85.6,27.3,Car
2026-01-18,9,Velachery Station,12.9815,80.218,32,20,17.8,58.5,29.6,Bike
2026-01-18,9,Anna Nagar Station,13.085,80.2101,18,29,29.8,38.9,34.9,Bike
2026-01-18,9,Egmore Station,13.0732,80.2609,34,7,14.5,83.1,31.9,Car
2026-01-18,9,Tambaram Station,12.9249,80.1,30,0,16.8,100.0,25.8,Bike
2026-01-18,9,Porur Station,13.038,80.1565,21,28,31.2,44.1,27.8,Car
2026-01-18,9,OMR Station,12.9352,80.23,53,10,21.8,93.8,27.1,Bike
2026-01-18,10,Central Station,13.0827,80.2707,19,23,14.4,47.3,32.2,Bike
2026-01-18,10,Guindy Station,13.0067,80.2206,10,11,27.5,50.7,29.3,Bike
2026-01-18,10,T Nagar Station,13.0418,80.2341,22,18,15.5,55.6,31.7,Bike
2026-01-18,10,Adyar Station,13.0012,80.2565,14,14,22.0,44.6,29.6,Car
2026-01-18,10,Velachery Station,12.9815,80.218,14,16,22.6,45.8,29.8,Bike
2026-01-18,10,Anna Nagar Station,13.085,80.2101,22,16,17.1,61.4,28.8,Bike
2026-01-18,10,Egmore Station,13.0732,80.2609,17,21,13.7,56.8,29.2,Bike
2026-01-18,10,Tambaram Station,12.9249,80.1,24,15,17.7,62.0,31.7,Bike
2026-01-18,10,Porur Station,13.038,80.1565,19,5,22.9,83.1,30.1,Bike
2026-01-18,10,OMR Station,12.9352,80.23,14,17,34.2,44.5,27.2,Bike
2026-01-18,11,Central Station,13.0827,80.2707,8,27,26.1,30.2,28.8,Car
2026-01-18,11,Guindy Station,13.0067,80.2206,3,25,26.5,10.0,30.2,Bike
2026-01-18,11,T Nagar Station,13.0418,80.2341,12,18,22.6,48.9,24.7,Bike
2026-01-18,11,Adyar Station,13.0012,80.2565,4,23,10.0,11.0,32.3,Bike
2026-01-18,11,Velachery Station,12.9815,80.218,18,14,30.0,44.1,24.4,Car
2026-01-18,11,Anna Nagar Station,13.085,80.2101,11,25,27.3,41.4,28.3,Car
2026-01-18,11,Egmore Station,13.0732,80.2609,21,24,8.0,49.7,34.6,Bike
2026-01-18,11,Tambaram Station,12.9249,80.1,17,25,33.7,43.3,29.6,Bike
2026-01-18,11,Porur Station,13.038,80.1565,7,19,30.5,28.7,24.3,Bike
2026-01-18,11,OMR Station,12.9352,80.23,12,21,30.0,36.9,30.2,Bike
2026-01-18,12,Central Station,13.0827,80.2707,21,3,11.4,89.3,29.7,Car
2026-01-18,12,Guindy Station,13.0067,80.2206,13,27,22.6,31.7,35.9,Bike
2026-01-18,12,T Nagar Station,13.0418,80.2341,7,32,13.0,21.0,26.9,Bike
2026-01-18,12,Adyar Station,13.0012,80.2565,12,17,29.5,41.0,32.3,Bike
2026-01-18,12,Velachery Station,12.9815,80.218,15,30,30.8,42.1,28.5,Bike
2026-01-18,12,Anna Nagar Station,13.085,80.2101,15,17,18.0,50.2,29.9,Bike
2026-01-18,12,Egmore Station,13.0732,80.2609,11,19,22.5,34.5,32.3,Car
2026-01-18,12,Tambaram Station,12.9249,80.1,4,18,22.8,21.5,25.4,Bike
2026-01-18,12,Porur Station,13.038,80.1565,5,21,15.3,26.1,28.3,Bike
2026-01-18,12,OMR Station,12.9352,80.23,9,14,13.2,47.7,33.8,Bike
2026-01-18,13,Central Station,13.0827,80.2707,21,17,13.3,57.2,27.5,Bike
2026-01-18,13,Guindy Station,13.0067,80.2206,14,8,29.9,61.5,26.2,Car
2026-01-18,13,T Nagar Station,13.0418,80.2341,14,9,23.6,68.0,30.8,Bike
2026-01-18,13,Adyar Station,13.0012,80.2565,8,32,29.1,18.1,28.2,Bike
2026-01-18,13,Velachery Station,12.9815,80.218,11,26,21.6,23.0,26.4,Car
2026-01-18,13,Anna Nagar Station,13.085,80.2101,8,20,16.5,19.1,29.7,Bike
2026-01-18,13,Egmore Station,13.0732,80.2609,18,27,11.6,40.5,27.1,Bike
2026-01-18,13,Tambaram Station,12.9249,80.1,13,24,30.0,40.1,22.4,Bike
2026-01-18,13,Porur Station,13.038,80.1565,18,25,23.0,37.0,28.7,Bike
2026-01-18,13,OMR Station,12.9352,80.23,8,24,17.1,22.6,25.3,Bike
2026-01-18,14,Central Station,13.0827,80.2707,7,22,10.3,24.0,25.2,Bike
2026-01-18,14,Guindy Station,13.0067,80.2206,5,6,23.1,50.9,27.6,Car
2026-01-18,14,T Nagar Station,13.0418,80.2341,8,29,26.5,22.2,29.3,Bike
2026-01-18,14,Adyar Station,13.0012,80.2565,13,27,22.2,28.7,26.9,Bike
2026-01-18,14,Velachery Station,12.9815,80.218,1,31,12.1,10.0,29.0,Bike
2026-01-18,14,Anna Nagar Station,13.085,80.2101,21,10,24.8,66.9,27.6,Bike
2026-01-18,14,Egmore Station,13.0732,80.2609,13,23,19.0,38.8,30.5,Car
2026-01-18,14,Tambaram Station,12.9249,80.1,20,22,35.9,40.4,33.3,Bike
2026-01-18,14,Porur Station,13.038,80.1565,15,27,8.4,46.4,29.8,Bike
2026-01-18,14,OMR Station,12.9352,80.23,13,20,26.0,36.1,32.1,Car
2026-01-18,15,Central Station,13.0827,80.2707,14,12,22.6,60.1,30.5,Car
2026-01-18,15,Guindy Station,13.0067,80.2206,24,25,30.4,49.2,26.8,Bike
2026-01-18,15,T Nagar Station,13.0418,80.2341,23,13,8.0,58.1,30.4,Bike
2026-01-18,15,Adyar Station,13.0012,80.2565,26,16,28.7,63.6,31.9,Bike
2026-01-18,15,Velachery Station,12.9815,80.218,14,15,28.4,48.9,31.7,Bike
2026-01-18,15,Anna Nagar Station,13.085,80.2101,12,18,24.0,38.2,34.6,Bike
2026-01-18,15,Egmore Station,13.0732,80.2609,7,17,33.6,27.5,32.6,Bike
2026-01-18,15,Tambaram Station,12.9249,80.1,9,15,22.6,41.7,32.5,Bike
2026-01-18,15,Porur Station,13.038,80.1565,8,11,25.8,50.9,29.2,Bike
2026-01-18,15,OMR Station,12.9352,80.23,16,4,19.7,80.2,29.9,Bike
2026-01-18,16,Central Station,13.0827,80.2707,3,28,10.0,10.0,31.3,Bike
2026-01-18,16,Guindy Station,13.0067,80.2206,8,6,15.9,64.1,27.4,Car
2026-01-18,16,T Nagar Station,13.0418,80.2341,8,18,26.8,30.8,32.2,Bike
2026-01-18,16,Adyar Station,13.0012,80.2565,27,24,19.1,51.5,32.2,Bike
2026-01-18,16,Velachery Station,12.9815,80.218,1,28,29.7,10.0,28.5,Car
2026-01-18,16,Anna Nagar Station,13.085,80.2101,12,12,26.8,49.1,27.6,Bike
2026-01-18,16,Egmore Station,13.0732,80.2609,22,19,11.7,56.1,27.1,Bike
2026-01-18,16,Tambaram Station,12.9249,80.1,11,20,24.4,30.6,27.2,Bike
2026-01-18,16,Porur Station,13.038,80.1565,15,24,21.5,32.3,28.1,Bike
2026-01-18,16,OMR Station,12.9352,80.23,7,10,21.5,34.9,29.4,Bike
2026-01-18,17,Central Station,13.0827,80.2707,34,9,23.8,71.2,30.2,Bike
2026-01-18,17,Guindy Station,13.0067,80.2206,31,19,18.0,62.3,27.0,Car
2026-01-18,17,T Nagar Station,13.0418,80.2341,34,16,30.6,77.8,27.6,Car
2026-01-18,17,Adyar Station,13.0012,80.2565,14,22,17.4,39.8,31.1,Bike
2026-01-18,17,Velachery Station,12.9815,80.218,25,23,27.8,42.3,29.5,Bike
2026-01-18,17,Anna Nagar Station,13.085,80.2101,25,10,21.4,75.7,34.1,Bike
2026-01-18,17,Egmore Station,13.0732,80.2609,20,9,26.2,72.7,25.1,Bike
2026-01-18,17,Tambaram Station,12.9249,80.1,11,14,12.4,42.2,32.3,Bike
2026-01-18,17,Porur Station,13.038,80.1565,23,24,23.2,49.9,26.2,Bike
2026-01-18,17,OMR Station,12.9352,80.23,24,27,31.4,51.2,35.4,Bike
2026-01-18,18,Central Station,13.0827,80.2707,37,0,22.6,95.0,31.2,Bike
2026-01-18,18,Guindy Station,13.0067,80.2206,26,8,19.2,82.4,33.5,Car
2026-01-18,18,T Nagar Station,13.0418,80.2341,33,12,31.0,77.6,26.3,Car
2026-01-18,18,Adyar Station,13.0012,80.2565,21,19,26.3,49.9,27.4,Car
2026-01-18,18,Velachery Station,12.9815,80.218,46,4,13.4,88.7,33.9,Bike
2026-01-18,18,Anna Nagar Station,13.085,80.2101,42,12,32.8,82.8,27.1,Bike
2026-01-18,18,Egmore Station,13.0732,80.2609,34,16,17.8,64.7,24.9,Bike
2026-01-18,18,Tambaram Station,12.9249,80.1,36,0,21.1,100.0,31.7,Bike
2026-01-18,18,Porur Station,13.038,80.1565,50,18,28.8,83.0,26.3,Bike
2026-01-18,18,OMR Station,12.9352,80.23,29,16,23.0,67.0,32.7,Bike
2026-01-18,19,Central Station,13.0827,80.2707,27,15,15.7,70.8,22.5,Car
2026-01-18,19,Guindy Station,13.0067,80.2206,14,9,38.0,64.2,29.3,Bike
2026-01-18,19,T Nagar Station,13.0418,80.2341,17,6,32.4,66.3,28.4,Car
2026-01-18,19,Adyar Station,13.0012,80.2565,42,0,10.3,100.0,26.4,Bike
2026-01-18,19,Velachery Station,12.9815,80.218,45,15,27.4,71.8,23.8,Bike
2026-01-18,19,Anna Nagar Station,13.085,80.2101,27,20,26.3,57.4,30.7,Car
2026-01-18,19,Egmore Station,13.0732,80.2609,43,20,15.0,71.1,31.9,Bike
2026-01-18,19,Tambaram Station,12.9249,80.1,26,5,20.8,82.8,28.0,Bike
2026-01-18,19,Porur Station,13.038,80.1565,36,17,13.8,71.7,32.7,Bike
2026-01-18,19,OMR Station,12.9352,80.23,17,26,31.5,33.5,32.1,Bike
2026-01-18,20,Central Station,13.0827,80.2707,20,7,19.7,80.1,26.2,Bike
2026-01-18,20,Guindy Station,13.0067,80.2206,26,8,16.6,75.6,31.2,Bike
2026-01-18,20,T Nagar Station,13.0418,80.2341,34,9,16.6,75.3,35.2,Bike
2026-01-18,20,Adyar Station,13.0012,80.2565,21,21,27.7,48.3,30.1,Bike
2026-01-18,20,Velachery Station,12.9815,80.218,30,4,16.9,91.8,25.6,Bike
2026-01-18,20,Anna Nagar Station,13.085,80.2101,17,4,28.6,82.0,29.3,Car
2026-01-18,20,Egmore Station,13.0732,80.2609,25,8,24.0,64.7,29.0,Bike
2026-01-18,20,Tambaram Station,12.9249,80.1,34,6,26.2,89.0,28.2,Bike
2026-01-18,20,Porur Station,13.038,80.1565,18,13,30.4,61.0,32.4,Bike
2026-01-18,20,OMR Station,12.9352,80.23,9,20,25.9,37.7,28.3,Bike
2026-01-18,21,Central Station,13.0827,80.2707,20,8,30.3,80.4,34.1,Bike
2026-01-18,21,Guindy Station,13.0067,80.2206,14,28,20.4,33.4,33.8,Bike
2026-01-18,21,T Nagar Station,13.0418,80.2341,7,27,24.1,17.2,32.6,Bike
2026-01-18,21,Adyar Station,13.0012,80.2565,10,31,23.2,33.6,32.4,Bike
2026-01-18,21,Velachery Station,12.9815,80.218,7,11,17.7,43.6,28.9,Bike
2026-01-18,21,Anna Nagar Station,13.085,80.2101,16,20,24.8,51.2,31.8,Car
2026-01-18,21,Egmore Station,13.0732,80.2609,25,5,18.9,82.3,29.5,Bike
2026-01-18,21,Tambaram Station,12.9249,80.1,8,29,24.8,25.4,29.0,Bike
2026-01-18,21,Porur Station,13.038,80.1565,6,9,31.4,39.6,31.7,Bike
2026-01-18,21,OMR Station,12.9352,80.23,2,12,18.8,23.3,27.1,Bike
2026-01-18,22,Central Station,13.0827,80.2707,11,23,25.5,35.5,26.6,Car
2026-01-18,22,Guindy Station,13.0067,80.2206,8,32,23.8,20.4,33.7,Bike
2026-01-18,22,T Nagar Station,13.0418,80.2341,22,9,25.2,65.9,26.2,Car
2026-01-18,22,Adyar Station,13.0012,80.2565,1,11,10.7,18.9,25.8,Bike
2026-01-18,22,Velachery Station,12.9815,80.218,16,28,35.6,41.6,30.6,Bike
2026-01-18,22,Anna Nagar Station,13.085,80.2101,2,22,30.2,10.0,30.3,Bike
2026-01-18,22,Egmore Station,13.0732,80.2609,14,24,16.6,36.7,25.1,Bike
2026-01-18,22,Tambaram Station,12.9249,80.1,15,19,20.8,44.8,27.4,Bike
2026-01-18,22,Porur Station,13.038,80.1565,13,22,32.6,37.3,26.5,Bike
2026-01-18,22,OMR Station,12.9352,80.23,8,16,22.7,32.8,29.4,Bike
2026-01-19,6,Central Station,13.0827,80.2707,15,20,24.9,44.7,32.6,Bike
2026-01-19,6,Guindy Station,13.0067,80.2206,3,7,25.9,29.3,23.6,Bike
2026-01-19,6,T Nagar Station,13.0418,80.2341,19,21,37.8,42.4,29.4,Bike
2026-01-19,6,Adyar Station,13.0012,80.2565,10,6,29.1,64.7,28.6,Bike
2026-01-19,6,Velachery Station,12.9815,80.218,16,10,26.0,55.3,30.3,Bike
2026-01-19,6,Anna Nagar Station,13.085,80.2101,15,23,31.8,48.2,28.7,Car
2026-01-19,6,Egmore Station,13.0732,80.2609,21,22,16.2,42.4,26.9,Bike
2026-01-19,6,Tambaram Station,12.9249,80.1,15,16,20.3,43.1,26.0,Bike
2026-01-19,6,Porur Station,13.038,80.1565,19,28,20.2,44.5,23.4,Car
2026-01-19,6,OMR Station,12.9352,80.23,13,6,11.2,69.9,28.4,Bike
2026-01-19,7,Central Station,13.0827,80.2707,39,22,21.5,68.7,28.4,Bike
2026-01-19,7,Guindy Station,13.0067,80.2206,6,31,15.1,19.8,22.6,Bike
2026-01-19,7,T Nagar Station,13.0418,80.2341,13,19,21.2,39.8,28.4,Bike
2026-01-19,7,Adyar Station,13.0012,80.2565,31,15,22.2,69.7,33.0,Bike
2026-01-19,7,Velachery Station,12.9815,80.218,9,21,25.7,30.7,27.6,Bike
2026-01-19,7,Anna Nagar Station,13.085,80.2101,12,19,29.9,40.1,24.8,Car
2026-01-19,7,Egmore Station,13.0732,80.2609,19,16,22.8,63.0,26.3,Bike
2026-01-19,7,Tambaram Station,12.9249,80.1,14,23,27.4,39.8,31.2,Bike
2026-01-19,7,Porur Station,13.038,80.1565,30,11,37.0,81.8,29.9,Bike
2026-01-19,7,OMR Station,12.9352,80.23,23,14,26.4,54.5,29.8,Bike
2026-01-19,8,Central Station,13.0827,80.2707,46,0,27.0,98.2,30.8,Bike
2026-01-19,8,Guindy Station,13.0067,80.2206,37,3,29.8,86.1,30.7,Bike
2026-01-19,8,T Nagar Station,13.0418,80.2341,32,8,32.8,83.5,34.9,Bike
2026-01-19,8,Adyar Station,13.0012,80.2565,15,24,22.9,40.3,33.7,Bike
2026-01-19,8,Velachery Station,12.9815,80.218,30,22,27.4,63.4,29.0,Car
2026-01-19,8,Anna Nagar Station,13.085,80.2101,42,22,17.7,63.8,26.7,Car
2026-01-19,8,Egmore Station,13.0732,80.2609,32,19,22.0,60.2,25.3,Car
2026-01-19,8,Tambaram Station,12.9249,80.1,33,6,24.5,80.1,28.4,Bike
2026-01-19,8,Porur Station,13.038,80.1565,26,14,30.3,72.2,31.0,Bike
2026-01-19,8,OMR Station,12.9352,80.23,19,14,11.0,61.8,25.3,Bike
2026-01-19,9,Central Station,13.0827,80.2707,20,10,21.8,69.6,33.1,Bike
2026-01-19,9,Guindy Station,13.0067,80.2206,36,9,17.9,88.7,27.8,Bike
2026-01-19,9,T Nagar Station,13.0418,80.2341,17,19,21.7,44.0,30.9,Bike
2026-01-19,9,Adyar Station,13.0012,80.2565,39,14,21.8,72.1,28.3,Car
2026-01-19,9,Velachery Station,12.9815,80.218,31,8,28.6,86.1,32.3,Bike
2026-01-19,9,Anna Nagar Station,13.085,80.2101,42,11,20.2,87.7,29.2,Bike
2026-01-19,9,Egmore Station,13.0732,80.2609,19,7,21.2,72.0,31.1,Bike
2026-01-19,9,Tambaram Station,12.9249,80.1,24,19,22.4,54.0,30.0,Bike
2026-01-19,9,Porur Station,13.038,80.1565,49,3,31.3,93.6,28.6,Bike
2026-01-19,9,OMR Station,12.9352,80.23,35,18,16.2,49.4,33.4,Bike
2026-01-19,10,Central Station,13.0827,80.2707,31,5,28.1,89.3,32.2,Car
2026-01-19,10,Guindy Station,13.0067,80.2206,31,2,24.5,96.0,26.2,Bike
2026-01-19,10,T Nagar Station,13.0418,80.2341,28,27,20.7,48.3,32.2,Bike
2026-01-19,10,Adyar Station,13.0012,80.2565,25,12,20.3,68.7,23.4,Bike
2026-01-19,10,Velachery Station,12.9815,80.218,28,17,23.9,70.6,28.6,Bike
2026-01-19,10,Anna Nagar Station,13.085,80.2101,11,8,26.8,59.0,27.5,Bike
2026-01-19,10,Egmore Station,13.0732,80.2609,40,11,26.1,74.1,30.8,Bike
2026-01-19,10,Tambaram Station,12.9249,80.1,17,26,26.8,46.9,25.5,Bike
2026-01-19,10,Porur Station,13.038,80.1565,17,22,22.4,40.1,27.4,Car
2026-01-19,10,OMR Station,12.9352,80.23,36,0,20.2,93.7,30.6,Bike
2026-01-19,11,Central Station,13.0827,80.2707,19,22,22.7,55.1,28.5,Bike
2026-01-19,11,Guindy Station,13.0067,80.2206,14,12,21.7,53.5,25.5,Car
2026-01-19,11,T Nagar Station,13.0418,80.2341,11,14,30.3,42.3,31.1,Bike
2026-01-19,11,Adyar Station,13.0012,80.2565,14,12,22.7,53.4,26.5,Bike
2026-01-19,11,Velachery Station,12.9815,80.218,12,26,28.6,32.8,25.4,Car
2026-01-19,11,Anna Nagar Station,13.085,80.2101,23,7,25.5,74.8,30.4,Bike
2026-01-19,11,Egmore Station,13.0732,80.2609,18,9,34.5,69.8,25.8,Car
2026-01-19,11,Tambaram Station,12.9249,80.1,18,14,22.4,66.5,33.8,Bike
2026-01-19,11,Porur Station,13.038,80.1565,16,23,22.3,46.8,30.2,Car
2026-01-19,11,OMR Station,12.9352,80.23,23,17,27.1,50.7,31.1,Bike
2026-01-19,12,Central Station,13.0827,80.2707,5,24,36.8,10.9,32.7,Bike
2026-01-19,12,Guindy Station,13.0067,80.2206,14,5,33.1,88.8,27.4,Bike
2026-01-19,12,T Nagar Station,13.0418,80.2341,13,6,22.0,69.9,30.3,Bike
2026-01-19,12,Adyar Station,13.0012,80.2565,18,19,17.9,47.4,33.7,Bike
2026-01-19,12,Velachery Station,12.9815,80.218,18,29,45.0,48.1,24.3,Bike
2026-01-19,12,Anna Nagar Station,13.085,80.2101,8,18,27.9,34.6,24.2,Bike
2026-01-19,12,Egmore Station,13.0732,80.2609,5,21,23.2,11.7,30.7,Bike
2026-01-19,12,Tambaram Station,12.9249,80.1,10,23,23.4,26.4,30.9,Bike
2026-01-19,12,Porur Station,13.038,80.1565,22,25,21.2,50.8,29.8,Car
2026-01-19,12,OMR Station,12.9352,80.23,12,12,23.2,49.3,31.5,Car
2026-01-19,13,Central Station,13.0827,80.2707,7,24,13.2,24.8,30.3,Car
2026-01-19,13,Guindy Station,13.0067,80.2206,3,7,12.3,22.2,29.8,Bike
2026-01-19,13,T Nagar Station,13.0418,80.2341,5,23,29.7,15.8,26.7,Car
2026-01-19,13,Adyar Station,13.0012,80.2565,16,10,31.1,61.5,31.3,Bike
2026-01-19,13,Velachery Station,12.9815,80.218,7,12,22.9,32.0,29.7,Bike
2026-01-19,13,Anna Nagar Station,13.085,80.2101,10,15,31.2,35.9,30.7,Bike
2026-01-19,13,Egmore Station,13.0732,80.2609,9,11,13.8,48.1,37.4,Bike
2026-01-19,13,Tambaram Station,12.9249,80.1,16,12,20.7,63.2,26.3,Car
2026-01-19,13,Porur Station,13.038,80.1565,8,20,26.9,25.6,27.7,Bike
2026-01-19,13,OMR Station,12.9352,80.23,15,11,22.1,57.1,32.7,Bike
2026-01-19,14,Central Station,13.0827,80.2707,11,18,27.1,52.9,33.2,Car
2026-01-19,14,Guindy Station,13.0067,80.2206,19,18,35.0,54.1,30.3,Bike
2026-01-19,14,T Nagar Station,13.0418,80.2341,23,5,28.9,83.2,27.4,Bike
2026-01-19,14,Adyar Station,13.0012,80.2565,17,19,17.5,51.7,27.8,Bike
2026-01-19,14,Velachery Station,12.9815,80.218,17,22,25.8,46.5,31.6,Bike
2026-01-19,14,Anna Nagar Station,13.085,80.2101,8,11,36.4,41.5,28.2,Bike
2026-01-19,14,Egmore Station,13.0732,80.2609,9,9,25.9,42.6,31.0,Bike
2026-01-19,14,Tambaram Station,12.9249,80.1,24,20,15.0,54.3,26.7,Bike
2026-01-19,14,Porur Station,13.038,80.1565,21,12,22.8,62.3,28.3,Bike
2026-01-19,14,OMR Station,12.9352,80.23,22,19,25.4,55.6,32.0,Bike
2026-01-19,15,Central Station,13.0827,80.2707,22,4,12.6,86.9,29.7,Car
2026-01-19,15,Guindy Station,13.0067,80.2206,12,30,19.2,23.2,28.3,Bike
2026-01-19,15,T Nagar Station,13.0418,80.2341,14,13,17.9,43.4,25.6,Car
2026-01-19,15,Adyar Station,13.0012,80.2565,15,25,27.9,38.3,29.7,Bike
2026-01-19,15,Velachery Station,12.9815,80.218,10,28,11.8,24.6,24.2,Bike
2026-01-19,15,Anna Nagar Station,13.085,80.2101,4,23,17.3,16.2,36.1,Bike
2026-01-19,15,Egmore Station,13.0732,80.2609,13,17,18.9,47.2,29.5,Car
2026-01-19,15,Tambaram Station,12.9249,80.1,17,5,26.1,77.3,27.3,Bike
2026-01-19,15,Porur Station,13.038,80.1565,16,13,10.8,58.0,23.3,Bike
2026-01-19,15,OMR Station,12.9352,80.23,19,29,34.9,40.2,30.9,Bike
2026-01-19,16,Central Station,13.0827,80.2707,19,25,23.4,38.8,33.0,Bike
2026-01-19,16,Guindy Station,13.0067,80.2206,12,21,22.8,35.7,32.6,Car
2026-01-19,16,T Nagar Station,13.0418,80.2341,19,14,16.2,66.5,33.0,Bike
2026-01-19,16,Adyar Station,13.0012,80.2565,9,5,24.9,64.8,31.0,Bike
2026-01-19,16,Velachery Station,12.9815,80.218,12,15,26.7,44.9,31.4,Car
2026-01-19,16,Anna Nagar Station,13.085,80.2101,18,7,27.0,77.8,31.8,Bike
2026-01-19,16,Egmore Station,13.0732,80.2609,15,19,32.0,43.3,25.5,Bike
2026-01-19,16,Tambaram Station,12.9249,80.1,18,27,23.8,46.2,27.9,Bike
2026-01-19,16,Porur Station,13.038,80.1565,7,30,30.7,19.3,30.4,Car
2026-01-19,16,OMR Station,12.9352,80.23,18,5,23.3,81.8,32.5,Car
2026-01-19,17,Central Station,13.0827,80.2707,29,13,20.0,71.0,26.4,Bike
2026-01-19,17,Guindy Station,13.0067,80.2206,20,23,30.8,50.5,32.3,Bike
2026-01-19,17,T Nagar Station,13.0418,80.2341,32,19,19.3,63.8,25.3,Car
2026-01-19,17,Adyar Station,13.0012,80.2565,33,0,17.5,100.0,28.5,Bike
2026-01-19,17,Velachery Station,12.9815,80.218,19,7,18.8,71.6,25.1,Car
2026-01-19,17,Anna Nagar Station,13.085,80.2101,35,5,27.4,81.8,28.8,Bike
2026-01-19,17,Egmore Station,13.0732,80.2609,18,14,18.8,50.9,26.2,Bike
2026-01-19,17,Tambaram Station,12.9249,80.1,35,2,17.1,88.7,24.3,Car
2026-01-19,17,Porur Station,13.038,80.1565,41,22,20.2,60.4,28.6,Bike
2026-01-19,17,OMR Station,12.9352,80.23,15,30,26.6,28.5,26.3,Bike
2026-01-19,18,Central Station,13.0827,80.2707,17,24,28.1,36.1,33.1,Bike
2026-01-19,18,Guindy Station,13.0067,80.2206,27,22,37.1,54.7,28.9,Bike
2026-01-19,18,T Nagar Station,13.0418,80.2341,32,5,32.8,90.6,30.8,Bike
2026-01-19,18,Adyar Station,13.0012,80.2565,44,9,16.6,83.6,28.7,Bike
2026-01-19,18,Velachery Station,12.9815,80.218,54,5,28.0,97.9,27.5,Car
2026-01-19,18,Anna Nagar Station,13.085,80.2101,40,10,37.9,78.3,34.6,Bike
2026-01-19,18,Egmore Station,13.0732,80.2609,31,17,19.4,67.5,29.5,Car
2026-01-19,18,Tambaram Station,12.9249,80.1,20,19,33.1,56.9,22.2,Bike
2026-01-19,18,Porur Station,13.038,80.1565,27,14,16.7,63.2,25.5,Bike
2026-01-19,18,OMR Station,12.9352,80.23,34,21,11.8,61.0,30.8,Bike
2026-01-19,19,Central Station,13.0827,80.2707,12,11,21.8,54.7,31.3,Bike
2026-01-19,19,Guindy Station,13.0067,80.2206,15,18,13.6,46.6,32.7,Bike
2026-01-19,19,T Nagar Station,13.0418,80.2341,16,22,29.4,36.8,33.5,Bike
2026-01-19,19,Adyar Station,13.0012,80.2565,35,17,30.6,63.3,31.4,Bike
2026-01-19,19,Velachery Station,12.9815,80.218,27,25,12.0,45.8,28.3,Bike
2026-01-19,19,Anna Nagar Station,13.085,80.2101,48,6,33.3,95.8,30.5,Bike
2026-01-19,19,Egmore Station,13.0732,80.2609,30,10,22.9,84.2,28.3,Bike
2026-01-19,19,Tambaram Station,12.9249,80.1,21,24,35.6,51.3,32.9,Bike
2026-01-19,19,Porur Station,13.038,80.1565,39,5,16.3,89.9,26.6,Bike
2026-01-19,19,OMR Station,12.9352,80.23,35,23,25.4,55.3,27.5,Bike
2026-01-19,20,Central Station,13.0827,80.2707,15,25,27.0,36.7,28.3,Bike
2026-01-19,20,Guindy Station,13.0067,80.2206,14,20,21.0,35.1,27.1,Bike
2026-01-19,20,T Nagar Station,13.0418,80.2341,46,1,18.2,97.6,28.7,Car
2026-01-19,20,Adyar Station,13.0012,80.2565,40,0,19.9,98.1,28.8,Car
2026-01-19,20,Velachery Station,12.9815,80.218,22,23,21.6,48.7,29.3,Bike
2026-01-19,20,Anna Nagar Station,13.085,80.2101,22,13,15.8,61.2,29.2,Bike
2026-01-19,20,Egmore Station,13.0732,80.2609,19,11,25.9,53.6,26.5,Bike
2026-01-19,20,Tambaram Station,12.9249,80.1,35,0,29.3,100.0,27.1,Bike
2026-01-19,20,Porur Station,13.038,80.1565,13,26,35.9,25.6,29.3,Bike
2026-01-19,20,OMR Station,12.9352,80.23,34,24,20.5,49.5,30.4,Bike
2026-01-19,21,Central Station,13.0827,80.2707,8,31,19.0,26.9,27.1,Bike
2026-01-19,21,Guindy Station,13.0067,80.2206,13,23,23.5,28.2,33.0,Bike
2026-01-19,21,T Nagar Station,13.0418,80.2341,3,20,21.3,16.0,31.8,Car
2026-01-19,21,Adyar Station,13.0012,80.2565,21,13,32.5,61.5,30.5,Bike
2026-01-19,21,Velachery Station,12.9815,80.218,1,18,32.9,11.8,29.0,Bike
2026-01-19,21,Anna Nagar Station,13.085,80.2101,5,17,20.2,22.0,28.9,Bike
2026-01-19,21,Egmore Station,13.0732,80.2609,21,22,22.1,43.6,33.1,Bike
2026-01-19,21,Tambaram Station,12.9249,80.1,10,30,16.3,21.5,28.0,Car
2026-01-19,21,Porur Station,13.038,80.1565,9,6,23.9,58.5,30.6,Car
2026-01-19,21,OMR Station,12.9352,80.23,13,18,13.2,40.4,33.5,Bike
2026-01-19,22,Central Station,13.0827,80.2707,16,24,24.1,36.6,26.6,Car
2026-01-19,22,Guindy Station,13.0067,80.2206,17,27,25.2,39.1,28.2,Car
2026-01-19,22,T Nagar Station,13.0418,80.2341,11,14,21.0,44.7,34.9,Bike
2026-01-19,22,Adyar Station,13.0012,80.2565,6,8,23.7,47.2,30.0,Bike
2026-01-19,22,Velachery Station,12.9815,80.218,8,14,27.5,37.7,29.3,Bike
2026-01-19,22,Anna Nagar Station,13.085,80.2101,5,12,14.0,25.0,31.4,Bike
2026-01-19,22,Egmore Station,13.0732,80.2609,4,33,26.5,11.3,34.3,Car
2026-01-19,22,Tambaram Station,12.9249,80.1,13,27,29.9,26.4,25.1,Bike
2026-01-19,22,Porur Station,13.038,80.1565,9,14,28.3,38.3,25.8,Bike
2026-01-19,22,OMR Station,12.9352,80.23,11,24,12.6,27.0,26.9,Bike
2026-01-20,6,Central Station,13.0827,80.2707,12,29,21.2,34.2,25.3,Bike
2026-01-20,6,Guindy Station,13.0067,80.2206,10,15,16.7,45.5,29.3,Bike
2026-01-20,6,T Nagar Station,13.0418,80.2341,13,18,11.7,39.2,30.5,Bike
2026-01-20,6,Adyar Station,13.0012,80.2565,10,29,25.8,25.1,32.1,Bike
2026-01-20,6,Velachery Station,12.9815,80.218,17,20,22.8,46.9,26.8,Bike
2026-01-20,6,Anna Nagar Station,13.085,80.2101,6,6,29.3,54.2,24.1,Bike
2026-01-20,6,Egmore Station,13.0732,80.2609,11,9,10.3,57.3,28.6,Car
2026-01-20,6,Tambaram Station,12.9249,80.1,7,30,40.8,21.0,30.8,Car
2026-01-20,6,Porur Station,13.038,80.1565,14,7,28.7,61.4,22.5,Car
2026-01-20,6,OMR Station,12.9352,80.23,4,15,38.3,26.0,26.8,Car
2026-01-20,7,Central Station,13.0827,80.2707,23,28,18.6,45.3,35.2,Bike
2026-01-20,7,Guindy Station,13.0067,80.2206,33,10,19.9,77.4,31.0,Bike
2026-01-20,7,T Nagar Station,13.0418,80.2341,12,25,24.3,34.8,28.6,Bike
2026-01-20,7,Adyar Station,13.0012,80.2565,29,17,29.7,62.3,30.5,Car
2026-01-20,7,Velachery Station,12.9815,80.218,38,19,17.3,67.1,23.0,Bike
2026-01-20,7,Anna Nagar Station,13.085,80.2101,34,3,15.3,88.8,27.0,Car
2026-01-20,7,Egmore Station,13.0732,80.2609,34,12,43.1,66.7,28.1,Bike
2026-01-20,7,Tambaram Station,12.9249,80.1,9,21,14.8,33.0,34.5,Car
2026-01-20,7,Porur Station,13.038,80.1565,16,19,19.6,52.7,33.2,Bike
2026-01-20,7,OMR Station,12.9352,80.23,24,12,39.1,62.8,24.0,Bike
2026-01-20,8,Central Station,13.0827,80.2707,37,20,23.8,53.5,32.5,Car
2026-01-20,8,Guindy Station,13.0067,80.2206,14,8,23.6,71.5,28.2,Bike
2026-01-20,8,T Nagar Station,13.0418,80.2341,48,20,23.6,69.8,26.0,Bike
2026-01-20,8,Adyar Station,13.0012,80.2565,27,19,10.5,65.4,28.4,Bike
2026-01-20,8,Velachery Station,12.9815,80.218,50,0,25.9,100.0,34.6,Bike
2026-01-20,8,Anna Nagar Station,13.085,80.2101,31,22,22.6,53.6,29.9,Bike
2026-01-20,8,Egmore Station,13.0732,80.2609,30,0,23.3,100.0,28.3,Bike
2026-01-20,8,Tambaram Station,12.9249,80.1,51,17,20.3,77.9,35.5,Bike
2026-01-20,8,Porur Station,13.038,80.1565,28,9,25.4,77.3,31.4,Bike
2026-01-20,8,OMR Station,12.9352,80.23,37,17,22.6,71.5,27.5,Bike
2026-01-20,9,Central Station,13.0827,80.2707,38,23,29.2,65.5,31.8,Bike
2026-01-20,9,Guindy Station,13.0067,80.2206,32,3,26.0,84.0,28.3,Bike
2026-01-20,9,T Nagar Station,13.0418,80.2341,32,12,13.5,78.4,27.2,Car
2026-01-20,9,Adyar Station,13.0012,80.2565,27,13,24.8,62.0,27.8,Bike
2026-01-20,9,Velachery Station,12.9815,80.218,23,19,31.5,61.1,30.1,Bike
2026-01-20,9,Anna Nagar Station,13.085,80.2101,24,5,27.0,79.3,28.6,Bike
2026-01-20,9,Egmore Station,13.0732,80.2609,26,9,8.0,70.5,30.9,Bike
2026-01-20,9,Tambaram Station,12.9249,80.1,25,27,30.1,46.0,29.7,Bike
2026-01-20,9,Porur Station,13.038,80.1565,26,23,16.3,47.9,23.9,Bike
2026-01-20,9,OMR Station,12.9352,80.23,19,16,20.2,60.8,32.3,Bike
2026-01-20,10,Central Station,13.0827,80.2707,31,2,11.5,93.2,28.4,Car
2026-01-20,10,Guindy Station,13.0067,80.2206,22,26,33.2,47.4,28.7,Bike
2026-01-20,10,T Nagar Station,13.0418,80.2341,6,12,38.9,39.4,28.9,Car
2026-01-20,10,Adyar Station,13.0012,80.2565,27,4,17.8,84.4,31.8,Bike
2026-01-20,10,Velachery Station,12.9815,80.218,22,7,20.3,79.2,32.4,Bike
2026-01-20,10,Anna Nagar Station,13.085,80.2101,11,13,32.3,53.6,27.8,Bike
2026-01-20,10,Egmore Station,13.0732,80.2609,9,20,35.4,32.5,31.3,Car
2026-01-20,10,Tambaram Station,12.9249,80.1,29,1,18.0,91.8,31.5,Bike
2026-01-20,10,Porur Station,13.038,80.1565,37,16,21.8,74.8,28.5,Bike
2026-01-20,10,OMR Station,12.9352,80.23,26,26,38.1,46.2,27.0,Bike
2026-01-20,11,Central Station,13.0827,80.2707,9,16,38.1,29.5,30.2,Bike
2026-01-20,11,Guindy Station,13.0067,80.2206,15,15,31.8,44.7,33.3,Bike
2026-01-20,11,T Nagar Station,13.0418,80.2341,28,10,22.5,74.9,32.6,Bike
2026-01-20,11,Adyar Station,13.0012,80.2565,8,28,32.2,19.6,32.9,Car
2026-01-20,11,Velachery Station,12.9815,80.218,13,30,30.8,30.0,31.1,Car
2026-01-20,11,Anna Nagar Station,13.085,80.2101,19,26,32.4,40.2,24.8,Bike
2026-01-20,11,Egmore Station,13.0732,80.2609,7,21,15.2,19.1,32.6,Car
2026-01-20,11,Tambaram Station,12.9249,80.1,15,6,18.5,74.8,33.2,Bike
2026-01-20,11,Porur Station,13.038,80.1565,15,9,19.3,68.5,28.7,Bike
2026-01-20,11,OMR Station,12.9352,80.23,11,22,29.2,34.8,30.9,Bike
2026-01-20,12,Central Station,13.0827,80.2707,6,25,13.4,22.2,33.0,Car
2026-01-20,12,Guindy Station,13.0067,80.2206,14,18,19.9,48.0,28.8,Bike
2026-01-20,12,T Nagar Station,13.0418,80.2341,8,25,23.5,15.4,27.3,Car
2026-01-20,12,Adyar Station,13.0012,80.2565,22,17,24.1,53.7,30.1,Bike
2026-01-20,12,Velachery Station,12.9815,80.218,3,8,9.5,26.4,26.6,Bike
2026-01-20,12,Anna Nagar Station,13.085,80.2101,9,13,11.6,44.3,28.0,Bike
2026-01-20,12,Egmore Station,13.0732,80.2609,14,6,22.5,73.4,25.3,Bike
2026-01-20,12,Tambaram Station,12.9249,80.1,14,6,22.2,63.1,29.3,Car
2026-01-20,12,Porur Station,13.038,80.1565,6,10,31.9,33.6,28.8,Bike
2026-01-20,12,OMR Station,12.9352,80.23,21,27,26.3,33.9,32.6,Car
2026-01-20,13,Central Station,13.0827,80.2707,18,16,24.4,55.4,31.8,Bike
2026-01-20,13,Guindy Station,13.0067,80.2206,11,26,18.4,35.3,35.6,Bike
2026-01-20,13,T Nagar Station,13.0418,80.2341,15,25,19.6,48.3,30.5,Car
2026-01-20,13,Adyar Station,13.0012,80.2565,15,16,28.4,53.6,32.0,Bike
2026-01-20,13,Velachery Station,12.9815,80.218,18,9,24.6,79.0,30.3,Bike
2026-01-20,13,Anna Nagar Station,13.085,80.2101,17,11,23.8,64.4,32.1,Bike
2026-01-20,13,Egmore Station,13.0732,80.2609,12,19,23.7,35.7,26.5,Bike
2026-01-20,13,Tambaram Station,12.9249,80.1,13,6,26.9,71.8,30.0,Bike
2026-01-20,13,Porur Station,13.038,80.1565,16,16,33.4,51.4,29.2,Bike
2026-01-20,13,OMR Station,12.9352,80.23,17,3,28.3,97.2,26.8,Car
2026-01-20,14,Central Station,13.0827,80.2707,10,17,28.7,37.8,26.4,Bike
2026-01-20,14,Guindy Station,13.0067,80.2206,17,17,20.9,49.0,23.9,Bike
2026-01-20,14,T Nagar Station,13.0418,80.2341,16,7,22.6,68.0,25.1,Bike
2026-01-20,14,Adyar Station,13.0012,80.2565,16,21,19.8,57.9,35.0,Car
2026-01-20,14,Velachery Station,12.9815,80.218,4,18,27.0,20.0,27.9,Bike
2026-01-20,14,Anna Nagar Station,13.085,80.2101,21,8,24.7,68.4,33.1,Bike
2026-01-20,14,Egmore Station,13.0732,80.2609,7,16,22.0,29.7,30.2,Bike
2026-01-20,14,Tambaram Station,12.9249,80.1,8,27,32.9,21.8,30.2,Bike
2026-01-20,14,Porur Station,13.038,80.1565,17,4,34.0,75.0,29.7,Bike
2026-01-20,14,OMR Station,12.9352,80.23,19,20,36.0,49.9,28.9,Bike
2026-01-20,15,Central Station,13.0827,80.2707,12,8,26.0,59.3,33.4,Bike
2026-01-20,15,Guindy Station,13.0067,80.2206,10,14,19.1,32.7,22.6,Bike
2026-01-20,15,T Nagar Station,13.0418,80.2341,23,27,26.7,47.1,34.0,Bike
2026-01-20,15,Adyar Station,13.0012,80.2565,6,32,19.2,10.0,33.3,Bike
2026-01-20,15,Velachery Station,12.9815,80.218,21,5,39.1,76.9,28.7,Bike
2026-01-20,15,Anna Nagar Station,13.085,80.2101,17,7,20.4,70.9,30.2,Bike
2026-01-20,15,Egmore Station,13.0732,80.2609,4,26,15.1,10.0,30.8,Bike
2026-01-20,15,Tambaram Station,12.9249,80.1,14,13,18.7,47.2,27.1,Car
2026-01-20,15,Porur Station,13.038,80.1565,17,28,30.9,39.1,27.7,Bike
2026-01-20,15,OMR Station,12.9352,80.23,6,30,17.3,14.6,27.3,Car
2026-01-20,16,Central Station,13.0827,80.2707,15,25,24.3,39.7,31.9,Car
2026-01-20,16,Guindy Station,13.0067,80.2206,20,3,11.4,84.4,28.3,Bike
2026-01-20,16,T Nagar Station,13.0418,80.2341,4,17,18.1,17.8,28.4,Bike
2026-01-20,16,Adyar Station,13.0012,80.2565,8,17,18.8,24.9,31.2,Bike
2026-01-20,16,Velachery Station,12.9815,80.218,16,20,35.0,43.9,25.3,Bike
2026-01-20,16,Anna Nagar Station,13.085,80.2101,11,31,12.2,26.8,27.5,Car
2026-01-20,16,Egmore Station,13.0732,80.2609,20,26,21.8,38.8,31.4,Bike
2026-01-20,16,Tambaram Station,12.9249,80.1,17,15,21.2,56.3,25.7,Bike
2026-01-20,16,Porur Station,13.038,80.1565,6,19,32.5,26.8,31.9,Car
2026-01-20,16,OMR Station,12.9352,80.23,10,19,15.4,31.8,25.8,Bike
2026-01-20,17,Central Station,13.0827,80.2707,23,27,36.0,53.6,31.7,Bike
2026-01-20,17,Guindy Station,13.0067,80.2206,36,10,26.9,74.5,27.0,Bike
2026-01-20,17,T Nagar Station,13.0418,80.2341,23,27,31.8,46.5,27.4,Bike
2026-01-20,17,Adyar Station,13.0012,80.2565,32,16,38.8,69.4,31.8,Bike
2026-01-20,17,Velachery Station,12.9815,80.218,25,19,8.8,62.8,26.8,Car
2026-01-20,17,Anna Nagar Station,13.085,80.2101,24,13,19.6,65.4,29.7,Bike
2026-01-20,17,Egmore Station,13.0732,80.2609,22,3,15.6,86.9,27.7,Bike
2026-01-20,17,Tambaram Station,12.9249,80.1,11,22,25.1,33.7,32.5,Car
2026-01-20,17,Porur Station,13.038,80.1565,28,13,23.0,64.8,35.4,Bike
2026-01-20,17,OMR Station,12.9352,80.23,31,9,19.3,86.9,30.6,Bike
2026-01-20,18,Central Station,13.0827,80.2707,47,13,33.8,70.1,28.5,Bike
2026-01-20,18,Guindy Station,13.0067,80.2206,38,4,17.5,82.1,26.4,Bike
2026-01-20,18,T Nagar Station,13.0418,80.2341,20,22,20.7,46.8,30.7,Bike
2026-01-20,18,Adyar Station,13.0012,80.2565,26,24,18.8,49.9,34.7,Car
2026-01-20,18,Velachery Station,12.9815,80.218,31,24,22.5,55.6,28.5,Bike
2026-01-20,18,Anna Nagar Station,13.085,80.2101,21,14,32.2,52.8,25.7,Bike
2026-01-20,18,Egmore Station,13.0732,80.2609,36,18,15.9,68.6,34.2,Bike
2026-01-20,18,Tambaram Station,12.9249,80.1,13,24,25.8,47.1,33.8,Car
2026-01-20,18,Porur Station,13.038,80.1565,35,22,36.2,62.6,31.9,Car
2026-01-20,18,OMR Station,12.9352,80.23,31,14,30.3,68.8,31.7,Bike
2026-01-20,19,Central Station,13.0827,80.2707,30,0,39.8,95.4,28.8,Bike
2026-01-20,19,Guindy Station,13.0067,80.2206,52,0,21.7,100.0,32.7,Car
2026-01-20,19,T Nagar Station,13.0418,80.2341,32,19,28.7,64.9,26.9,Bike
2026-01-20,19,Adyar Station,13.0012,80.2565,27,9,29.1,74.3,30.9,Car
2026-01-20,19,Velachery Station,12.9815,80.218,34,4,33.2,91.1,23.6,Car
2026-01-20,19,Anna Nagar Station,13.085,80.2101,32,23,20.2,62.0,29.7,Bike
2026-01-20,19,Egmore Station,13.0732,80.2609,35,13,18.3,81.6,27.0,Bike
2026-01-20,19,Tambaram Station,12.9249,80.1,29,18,27.1,61.1,27.8,Bike
2026-01-20,19,Porur Station,13.038,80.1565,26,10,33.6,69.4,31.1,Bike
2026-01-20,19,OMR Station,12.9352,80.23,39,9,21.4,80.9,30.1,Bike
2026-01-20,20,Central Station,13.0827,80.2707,24,2,25.0,89.0,27.7,Bike
2026-01-20,20,Guindy Station,13.0067,80.2206,14,6,23.7,76.0,30.0,Bike
2026-01-20,20,T Nagar Station,13.0418,80.2341,22,2,26.8,89.4,26.5,Car
2026-01-20,20,Adyar Station,13.0012,80.2565,19,16,33.9,51.1,30.1,Bike
2026-01-20,20,Velachery Station,12.9815,80.218,21,14,9.8,63.6,33.4,Bike
2026-01-20,20,Anna Nagar Station,13.085,80.2101,21,14,24.5,62.9,26.6,Bike
2026-01-20,20,Egmore Station,13.0732,80.2609,16,8,29.7,69.6,30.9,Car
2026-01-20,20,Tambaram Station,12.9249,80.1,39,9,34.3,84.6,32.8,Bike
2026-01-20,20,Porur Station,13.038,80.1565,26,18,21.6,58.3,27.6,Bike
2026-01-20,20,OMR Station,12.9352,80.23,22,24,16.2,45.6,26.4,Car
2026-01-20,21,Central Station,13.0827,80.2707,16,12,20.1,51.8,28.4,Bike
2026-01-20,21,Guindy Station,13.0067,80.2206,15,4,25.8,75.5,26.7,Car
2026-01-20,21,T Nagar Station,13.0418,80.2341,16,23,26.2,43.6,28.3,Bike
2026-01-20,21,Adyar Station,13.0012,80.2565,8,6,9.8,52.8,26.6,Bike
2026-01-20,21,Velachery Station,12.9815,80.218,11,20,12.9,33.6,33.0,Car
2026-01-20,21,Anna Nagar Station,13.085,80.2101,10,14,28.0,42.8,25.8,Car
2026-01-20,21,Egmore Station,13.0732,80.2609,16,22,20.4,46.9,30.4,Bike
2026-01-20,21,Tambaram Station,12.9249,80.1,13,6,28.1,69.1,31.8,Bike
2026-01-20,21,Porur Station,13.038,80.1565,15,12,26.6,54.0,25.1,Bike
2026-01-20,21,OMR Station,12.9352,80.23,19,28,18.8,40.8,27.0,Bike
2026-01-20,22,Central Station,13.0827,80.2707,1,23,18.9,10.0,31.5,Bike
2026-01-20,22,Guindy Station,13.0067,80.2206,12,19,39.1,36.2,31.6,Bike
2026-01-20,22,T Nagar Station,13.0418,80.2341,7,6,17.0,57.4,30.5,Bike
2026-01-20,22,Adyar Station,13.0012,80.2565,11,28,24.5,34.4,31.7,Bike
2026-01-20,22,Velachery Station,12.9815,80.218,10,11,21.0,50.8,31.9,Bike
2026-01-20,22,Anna Nagar Station,13.085,80.2101,15,9,28.0,64.1,28.5,Bike
2026-01-20,22,Egmore Station,13.0732,80.2609,17,20,24.9,49.0,29.0,Bike
2026-01-20,22,Tambaram Station,12.9249,80.1,15,16,31.1,38.4,34.2,Bike
2026-01-20,22,Porur Station,13.038,80.1565,23,11,16.8,63.3,30.0,Bike
2026-01-20,22,OMR Station,12.9352,80.23,25,14,14.3,64.3,32.4,Bike
2026-01-21,6,Central Station,13.0827,80.2707,20,12,19.7,64.1,22.8,Bike
2026-01-21,6,Guindy Station,13.0067,80.2206,12,6,24.6,64.6,33.1,Bike
2026-01-21,6,T Nagar Station,13.0418,80.2341,16,21,29.6,47.7,29.9,Car
2026-01-21,6,Adyar Station,13.0012,80.2565,2,28,30.8,12.8,24.9,Bike
2026-01-21,6,Velachery Station,12.9815,80.218,13,24,21.4,31.1,32.3,Bike
2026-01-21,6,Anna Nagar Station,13.085,80.2101,14,13,22.5,41.5,28.4,Bike
2026-01-21,6,Egmore Station,13.0732,80.2609,9,30,25.5,25.9,32.1,Bike
2026-01-21,6,Tambaram Station,12.9249,80.1,11,16,31.8,35.3,28.2,Bike
2026-01-21,6,Porur Station,13.038,80.1565,15,16,20.3,48.3,32.2,Bike
2026-01-21,6,OMR Station,12.9352,80.23,12,5,26.6,75.1,24.7,Bike
2026-01-21,7,Central Station,13.0827,80.2707,9,20,11.5,30.2,30.1,Bike
2026-01-21,7,Guindy Station,13.0067,80.2206,10,31,28.8,27.9,26.3,Car
2026-01-21,7,T Nagar Station,13.0418,80.2341,25,21,9.9,53.4,32.5,Bike
2026-01-21,7,Adyar Station,13.0012,80.2565,31,18,30.1,61.1,26.9,Bike
2026-01-21,7,Velachery Station,12.9815,80.218,20,26,29.0,42.1,33.5,Bike
2026-01-21,7,Anna Nagar Station,13.085,80.2101,29,18,20.7,53.0,33.8,Car
2026-01-21,7,Egmore Station,13.0732,80.2609,15,11,14.9,63.5,33.0,Bike
2026-01-21,7,Tambaram Station,12.9249,80.1,19,20,27.9,51.8,30.7,Bike
2026-01-21,7,Porur Station,13.038,80.1565,24,18,32.1,57.6,27.9,Bike
2026-01-21,7,OMR Station,12.9352,80.23,19,26,33.2,41.7,25.5,Bike
2026-01-21,8,Central Station,13.0827,80.2707,36,4,25.4,82.2,27.5,Bike
2026-01-21,8,Guindy Station,13.0067,80.2206,34,5,33.8,92.1,34.4,Bike
2026-01-21,8,T Nagar Station,13.0418,80.2341,15,25,20.4,39.1,28.6,Car
2026-01-21,8,Adyar Station,13.0012,80.2565,40,15,24.1,81.0,32.8,Bike
2026-01-21,8,Velachery Station,12.9815,80.218,25,16,20.4,60.0,29.2,Bike
2026-01-21,8,Anna Nagar Station,13.085,80.2101,39,3,18.6,97.3,23.0,Bike
2026-01-21,8,Egmore Station,13.0732,80.2609,40,16,30.3,69.2,30.0,Bike
2026-01-21,8,Tambaram Station,12.9249,80.1,34,25,25.1,59.0,29.1,Bike
2026-01-21,8,Porur Station,13.038,80.1565,31,11,29.5,69.7,31.6,Bike
2026-01-21,8,OMR Station,12.9352,80.23,51,9,22.1,83.5,28.9,Bike
2026-01-21,9,Central Station,13.0827,80.2707,20,3,20.8,90.3,32.4,Bike
2026-01-21,9,Guindy Station,13.0067,80.2206,25,8,13.3,58.8,30.5,Bike
2026-01-21,9,T Nagar Station,13.0418,80.2341,18,23,21.4,39.9,28.1,Bike
2026-01-21,9,Adyar Station,13.0012,80.2565,48,13,32.2,94.3,31.7,Bike
2026-01-21,9,Velachery Station,12.9815,80.218,30,14,25.4,65.7,26.7,Bike
2026-01-21,9,Anna Nagar Station,13.085,80.2101,33,11,8.0,70.6,31.1,Bike
2026-01-21,9,Egmore Station,13.0732,80.2609,43,7,19.3,90.2,27.8,Bike
2026-01-21,9,Tambaram Station,12.9249,80.1,37,2,28.6,93.6,32.8,Car
2026-01-21,9,Porur Station,13.038,80.1565,48,10,22.1,77.5,28.3,Bike
2026-01-21,9,OMR Station,12.9352,80.23,18,8,27.8,69.3,22.6,Car
2026-01-21,10,Central Station,13.0827,80.2707,19,5,31.1,83.1,22.6,Bike
2026-01-21,10,Guindy Station,13.0067,80.2206,21,27,17.7,40.1,29.1,Car
2026-01-21,10,T Nagar Station,13.0418,80.2341,32,24,19.3,57.6,26.5,Bike
2026-01-21,10,Adyar Station,13.0012,80.2565,33,8,21.7,68.4,24.1,Bike
2026-01-21,10,Velachery Station,12.9815,80.218,10,24,16.4,36.0,31.0,Car
2026-01-21,10,Anna Nagar Station,13.085,80.2101,14,30,30.8,27.4,29.9,Car
2026-01-21,10,Egmore Station,13.0732,80.2609,22,15,15.6,61.2,31.8,Bike
2026-01-21,10,Tambaram Station,12.9249,80.1,30,2,15.6,89.7,23.4,Car
2026-01-21,10,Porur Station,13.038,80.1565,16,21,31.7,35.3,26.0,Bike
2026-01-21,10,OMR Station,12.9352,80.23,15,10,27.9,68.8,26.5,Bike
2026-01-21,11,Central Station,13.0827,80.2707,4,19,16.0,16.3,27.8,Car
2026-01-21,11,Guindy Station,13.0067,80.2206,5,12,29.4,35.8,27.0,Bike
2026-01-21,11,T Nagar Station,13.0418,80.2341,4,27,32.5,29.9,28.6,Bike
2026-01-21,11,Adyar Station,13.0012,80.2565,12,8,16.4,58.6,35.5,Bike
2026-01-21,11,Velachery Station,12.9815,80.218,9,17,20.8,38.7,29.6,Car
2026-01-21,11,Anna Nagar Station,13.085,80.2101,27,2,23.6,89.8,32.5,Bike
2026-01-21,11,Egmore Station,13.0732,80.2609,16,20,31.4,41.6,27.8,Bike
2026-01-21,11,Tambaram Station,12.9249,80.1,10,8,15.3,56.2,33.1,Car
2026-01-21,11,Porur Station,13.038,80.1565,18,15,26.5,54.1,24.5,Bike
2026-01-21,11,OMR Station,12.9352,80.23,14,10,27.3,46.7,31.8,Car
2026-01-21,12,Central Station,13.0827,80.2707,18,28,19.4,37.5,28.5,Car
2026-01-21,12,Guindy Station,13.0067,80.2206,8,25,31.4,26.4,29.5,Car
2026-01-21,12,T Nagar Station,13.0418,80.2341,14,11,27.7,55.6,27.2,Bike
2026-01-21,12,Adyar Station,13.0012,80.2565,6,6,18.4,58.4,30.1,Bike
2026-01-21,12,Velachery Station,12.9815,80.218,6,6,30.8,44.3,25.6,Car
2026-01-21,12,Anna Nagar Station,13.085,80.2101,15,10,26.4,64.1,28.0,Bike
2026-01-21,12,Egmore Station,13.0732,80.2609,5,10,32.5,25.0,30.5,Bike
2026-01-21,12,Tambaram Station,12.9249,80.1,6,13,25.8,34.0,31.4,Bike
2026-01-21,12,Porur Station,13.038,80.1565,24,22,8.4,54.2,28.4,Bike
2026-01-21,12,OMR Station,12.9352,80.23,11,16,36.4,45.1,27.9,Bike
2026-01-21,13,Central Station,13.0827,80.2707,11,23,10.0,34.7,31.6,Car
2026-01-21,13,Guindy Station,13.0067,80.2206,17,17,29.4,58.2,28.6,Bike
2026-01-21,13,T Nagar Station,13.0418,80.2341,13,20,27.4,35.3,25.7,Bike
2026-01-21,13,Adyar Station,13.0012,80.2565,11,17,24.7,36.9,29.0,Car
2026-01-21,13,Velachery Station,12.9815,80.218,21,5,24.8,77.9,32.0,Bike
2026-01-21,13,Anna Nagar Station,13.085,80.2101,18,29,17.3,36.8,33.7,Bike
2026-01-21,13,Egmore Station,13.0732,80.2609,15,12,31.2,57.2,32.6,Bike
2026-01-21,13,Tambaram Station,12.9249,80.1,3,18,11.2,11.3,37.4,Bike
2026-01-21,13,Porur Station,13.038,80.1565,17,20,23.4,34.4,29.0,Bike
2026-01-21,13,OMR Station,12.9352,80.23,19,5,35.7,84.9,28.6,Bike
2026-01-21,14,Central Station,13.0827,80.2707,21,23,23.7,52.1,29.6,Bike
2026-01-21,14,Guindy Station,13.0067,80.2206,9,27,30.0,23.4,24.5,Bike
2026-01-21,14,T Nagar Station,13.0418,80.2341,11,7,27.1,56.7,29.7,Bike
2026-01-21,14,Adyar Station,13.0012,80.2565,15,9,32.9,57.3,24.7,Bike
2026-01-21,14,Velachery Station,12.9815,80.218,22,19,16.2,46.3,32.4,Car
2026-01-21,14,Anna Nagar Station,13.085,80.2101,10,24,12.5,34.6,27.7,Car
2026-01-21,14,Egmore Station,13.0732,80.2609,8,6,20.0,46.3,31.4,Bike
2026-01-21,14,Tambaram Station,12.9249,80.1,21,10,30.1,67.0,26.8,Car
2026-01-21,14,Porur Station,13.038,80.1565,11,15,25.3,43.9,31.2,Bike
2026-01-21,14,OMR Station,12.9352,80.23,11,28,16.3,28.9,34.0,Car
2026-01-21,15,Central Station,13.0827,80.2707,5,32,15.4,12.8,31.3,Bike
2026-01-21,15,Guindy Station,13.0067,80.2206,3,30,35.4,12.3,23.2,Bike
2026-01-21,15,T Nagar Station,13.0418,80.2341,14,12,29.6,58.0,31.1,Car
2026-01-21,15,Adyar Station,13.0012,80.2565,18,20,30.1,40.2,28.7,Bike
2026-01-21,15,Velachery Station,12.9815,80.218,16,25,27.4,33.1,28.6,Bike
2026-01-21,15,Anna Nagar Station,13.085,80.2101,21,25,25.1,42.7,32.8,Bike
2026-01-21,15,Egmore Station,13.0732,80.2609,10,5,21.2,77.8,29.6,Bike
2026-01-21,15,Tambaram Station,12.9249,80.1,9,21,21.1,34.6,32.3,Car
2026-01-21,15,Porur Station,13.038,80.1565,14,10,22.1,49.9,34.0,Bike
2026-01-21,15,OMR Station,12.9352,80.23,16,18,20.6,45.8,24.4,Car
2026-01-21,16,Central Station,13.0827,80.2707,21,11,33.7,61.8,29.0,Car
2026-01-21,16,Guindy Station,13.0067,80.2206,12,11,22.9,58.9,30.6,Bike
2026-01-21,16,T Nagar Station,13.0418,80.2341,6,29,20.5,11.5,33.1,Bike
2026-01-21,16,Adyar Station,13.0012,80.2565,15,14,35.7,55.3,30.7,Bike
2026-01-21,16,Velachery Station,12.9815,80.218,14,28,25.0,24.8,27.6,Bike
2026-01-21,16,Anna Nagar Station,13.085,80.2101,11,10,25.3,52.8,24.7,Bike
2026-01-21,16,Egmore Station,13.0732,80.2609,11,5,38.8,66.6,30.8,Bike
2026-01-21,16,Tambaram Station,12.9249,80.1,16,10,30.6,58.1,28.9,Bike
2026-01-21,16,Porur Station,13.038,80.1565,20,12,23.9,70.6,26.3,Bike
2026-01-21,16,OMR Station,12.9352,80.23,3,7,26.3,35.6,33.5,Bike
2026-01-21,17,Central Station,13.0827,80.2707,34,25,27.0,55.3,31.7,Bike
2026-01-21,17,Guindy Station,13.0067,80.2206,18,16,25.9,47.9,27.7,Bike
2026-01-21,17,T Nagar Station,13.0418,80.2341,19,21,23.6,47.8,30.1,Bike
2026-01-21,17,Adyar Station,13.0012,80.2565,34,6,20.9,74.7,33.3,Bike
2026-01-21,17,Velachery Station,12.9815,80.218,17,6,11.1,65.2,30.7,Bike
2026-01-21,17,Anna Nagar Station,13.085,80.2101,35,18,19.4,62.0,28.5,Bike
2026-01-21,17,Egmore Station,13.0732,80.2609,20,6,23.7,67.1,25.8,Bike
2026-01-21,17,Tambaram Station,12.9249,80.1,25,24,21.8,54.0,34.2,Bike
2026-01-21,17,Porur Station,13.038,80.1565,33,7,30.9,80.5,25.5,Bike
2026-01-21,17,OMR Station,12.9352,80.23,27,11,25.0,70.7,34.9,Bike
2026-01-21,18,Central Station,13.0827,80.2707,35,2,21.6,89.6,32.6,Bike
2026-01-21,18,Guindy Station,13.0067,80.2206,27,19,26.4,62.7,29.5,Bike
2026-01-21,18,T Nagar Station,13.0418,80.2341,40,4,15.6,96.3,26.4,Bike
2026-01-21,18,Adyar Station,13.0012,80.2565,18,15,31.5,58.0,26.5,Bike
2026-01-21,18,Velachery Station,12.9815,80.218,22,27,18.9,40.4,28.8,Bike
2026-01-21,18,Anna Nagar Station,13.085,80.2101,42,4,34.1,90.9,29.8,Bike
2026-01-21,18,Egmore Station,13.0732,80.2609,34,21,38.1,64.6,32.3,Bike
2026-01-21,18,Tambaram Station,12.9249,80.1,8,7,15.7,57.4,31.2,Bike
2026-01-21,18,Porur Station,13.038,80.1565,30,14,20.4,63.6,30.6,Bike
2026-01-21,18,OMR Station,12.9352,80.23,17,4,20.7,82.6,26.5,Bike
2026-01-21,19,Central Station,13.0827,80.2707,44,12,18.6,73.2,27.6,Bike
2026-01-21,19,Guindy Station,13.0067,80.2206,43,19,24.5,77.2,28.0,Bike
2026-01-21,19,T Nagar Station,13.0418,80.2341,54,10,31.0,87.7,35.9,Bike
2026-01-21,19,Adyar Station,13.0012,80.2565,27,25,8.0,57.3,24.7,Bike
2026-01-21,19,Velachery Station,12.9815,80.218,29,6,37.0,90.2,30.6,Car
2026-01-21,19,Anna Nagar Station,13.085,80.2101,36,24,33.6,56.2,26.1,Bike
2026-01-21,19,Egmore Station,13.0732,80.2609,26,22,18.0,55.6,29.3,Bike
2026-01-21,19,Tambaram Station,12.9249,80.1,34,15,22.6,73.1,27.0,Bike
2026-01-21,19,Porur Station,13.038,80.1565,31,19,34.0,55.7,34.7,Bike
2026-01-21,19,OMR Station,12.9352,80.23,27,22,27.6,55.9,24.6,Bike
2026-01-21,20,Central Station,13.0827,80.2707,21,2,33.9,97.1,26.5,Bike
2026-01-21,20,Guindy Station,13.0067,80.2206,31,22,23.9,53.6,22.9,Car
2026-01-21,20,T Nagar Station,13.0418,80.2341,25,14,32.2,69.1,28.7,Bike
2026-01-21,20,Adyar Station,13.0012,80.2565,33,0,15.5,100.0,25.8,Car
2026-01-21,20,Velachery Station,12.9815,80.218,11,25,16.4,33.3,25.1,Bike
2026-01-21,20,Anna Nagar Station,13.085,80.2101,27,2,32.2,98.2,30.3,Bike
2026-01-21,20,Egmore Station,13.0732,80.2609,33,5,18.0,94.2,27.3,Bike
2026-01-21,20,Tambaram Station,12.9249,80.1,15,17,16.4,39.5,30.0,Bike
2026-01-21,20,Porur Station,13.038,80.1565,40,24,33.7,67.3,25.8,Bike
2026-01-21,20,OMR Station,12.9352,80.23,23,2,24.5,93.7,26.7,Bike
2026-01-21,21,Central Station,13.0827,80.2707,12,29,24.5,33.3,30.0,Car
2026-01-21,21,Guindy Station,13.0067,80.2206,7,12,30.2,45.0,28.9,Car
2026-01-21,21,T Nagar Station,13.0418,80.2341,8,6,22.8,62.9,31.4,Bike
2026-01-21,21,Adyar Station,13.0012,80.2565,14,23,25.6,41.7,29.3,Bike
2026-01-21,21,Velachery Station,12.9815,80.218,4,32,29.1,10.0,29.3,Bike
2026-01-21,21,Anna Nagar Station,13.085,80.2101,20,25,26.2,42.8,25.6,Bike
2026-01-21,21,Egmore Station,13.0732,80.2609,15,16,21.4,48.5,21.5,Bike
2026-01-21,21,Tambaram Station,12.9249,80.1,11,26,26.6,38.7,36.2,Bike
2026-01-21,21,Porur Station,13.038,80.1565,16,8,21.8,67.5,34.4,Bike
2026-01-21,21,OMR Station,12.9352,80.23,10,24,16.3,28.9,29.9,Bike
2026-01-21,22,Central Station,13.0827,80.2707,2,18,17.2,10.0,28.7,Car
2026-01-21,22,Guindy Station,13.0067,80.2206,22,25,23.7,52.6,25.3,Bike
2026-01-21,22,T Nagar Station,13.0418,80.2341,7,9,18.6,40.6,26.9,Car
2026-01-21,22,Adyar Station,13.0012,80.2565,13,12,23.6,54.2,34.0,Car
2026-01-21,22,Velachery Station,12.9815,80.218,10,25,20.1,22.1,28.3,Car
2026-01-21,22,Anna Nagar Station,13.085,80.2101,17,17,20.4,57.3,33.0,Car
2026-01-21,22,Egmore Station,13.0732,80.2609,19,25,28.1,44.2,22.8,Bike
2026-01-21,22,Tambaram Station,12.9249,80.1,18,28,24.2,37.6,27.9,Car
2026-01-21,22,Porur Station,13.038,80.1565,21,12,17.5,65.1,28.0,Bike
2026-01-21,22,OMR Station,12.9352,80.23,3,14,27.5,10.0,27.3,Car
2026-01-22,6,Central Station,13.0827,80.2707,15,8,31.5,74.6,27.0,Bike
2026-01-22,6,Guindy Station,13.0067,80.2206,17,21,24.7,53.7,26.9,Bike
2026-01-22,6,T Nagar Station,13.0418,80.2341,16,9,15.2,62.4,32.8,Car
2026-01-22,6,Adyar Station,13.0012,80.2565,14,26,33.9,27.0,28.4,Bike
2026-01-22,6,Velachery Station,12.9815,80.218,16,21,22.5,34.6,27.3,Bike
2026-01-22,6,Anna Nagar Station,13.085,80.2101,19,22,34.9,49.4,32.3,Bike
2026-01-22,6,Egmore Station,13.0732,80.2609,12,6,26.9,60.1,31.2,Bike
2026-01-22,6,Tambaram Station,12.9249,80.1,15,9,19.8,61.9,25.5,Bike
2026-01-22,6,Porur Station,13.038,80.1565,15,26,26.9,43.4,30.1,Bike
2026-01-22,6,OMR Station,12.9352,80.23,9,20,33.7,38.6,26.7,Bike
2026-01-22,7,Central Station,13.0827,80.2707,35,10,15.1,85.4,29.5,Bike
2026-01-22,7,Guindy Station,13.0067,80.2206,30,7,22.1,70.7,31.2,Bike
2026-01-22,7,T Nagar Station,13.0418,80.2341,28,21,18.4,54.0,33.5,Bike
2026-01-22,7,Adyar Station,13.0012,80.2565,13,24,12.4,31.7,28.7,Bike
2026-01-22,7,Velachery Station,12.9815,80.218,20,7,23.2,75.0,31.1,Bike
2026-01-22,7,Anna Nagar Station,13.085,80.2101,39,10,24.9,81.4,28.5,Bike
2026-01-22,7,Egmore Station,13.0732,80.2609,34,19,13.9,62.3,27.3,Bike
2026-01-22,7,Tambaram Station,12.9249,80.1,40,17,16.7,70.4,28.3,Bike
2026-01-22,7,Porur Station,13.038,80.1565,20,23,12.5,45.8,25.4,Bike
2026-01-22,7,OMR Station,12.9352,80.23,35,19,24.3,61.3,29.4,Bike
2026-01-22,8,Central Station,13.0827,80.2707,34,3,19.9,97.1,26.2,Bike
2026-01-22,8,Guindy Station,13.0067,80.2206,29,14,22.2,62.2,30.0,Bike
2026-01-22,8,T Nagar Station,13.0418,80.2341,44,2,28.1,94.5,25.9,Bike
2026-01-22,8,Adyar Station,13.0012,80.2565,37,20,20.3,71.7,26.3,Bike
2026-01-22,8,Velachery Station,12.9815,80.218,35,21,15.7,53.3,28.6,Bike
2026-01-22,8,Anna Nagar Station,13.085,80.2101,25,14,34.0,59.5,33.2,Bike
2026-01-22,8,Egmore Station,13.0732,80.2609,19,20,25.5,46.9,30.4,Bike
2026-01-22,8,Tambaram Station,12.9249,80.1,40,19,26.3,54.0,32.4,Bike
2026-01-22,8,Porur Station,13.038,80.1565,18,15,20.5,53.8,32.8,Bike
2026-01-22,8,OMR Station,12.9352,80.23,28,14,23.4,66.1,31.2,Car
2026-01-22,9,Central Station,13.0827,80.2707,26,16,32.4,67.6,33.4,Bike
2026-01-22,9,Guindy Station,13.0067,80.2206,12,10,18.7,45.1,31.2,Bike
2026-01-22,9,T Nagar Station,13.0418,80.2341,47,0,31.5,100.0,33.2,Car
2026-01-22,9,Adyar Station,13.0012,80.2565,43,18,23.2,64.1,30.2,Car
2026-01-22,9,Velachery Station,12.9815,80.218,32,0,27.0,94.1,28.2,Bike
2026-01-22,9,Anna Nagar Station,13.085,80.2101,37,0,19.3,97.5,29.7,Bike
2026-01-22,9,Egmore Station,13.0732,80.2609,48,0,19.1,100.0,27.1,Bike
2026-01-22,9,Tambaram Station,12.9249,80.1,46,22,21.4,70.0,32.2,Car
2026-01-22,9,Porur Station,13.038,80.1565,28,4,26.1,92.0,31.8,Car
2026-01-22,9,OMR Station,12.9352,80.23,42,5,22.0,91.2,28.2,Bike
2026-01-22,10,Central Station,13.0827,80.2707,28,21,25.9,61.8,30.1,Bike
2026-01-22,10,Guindy Station,13.0067,80.2206,17,20,33.2,41.7,31.6,Bike
2026-01-22,10,T Nagar Station,13.0418,80.2341,29,1,29.0,95.6,29.7,Bike
2026-01-22,10,Adyar Station,13.0012,80.2565,15,14,18.7,53.9,31.5,Bike
2026-01-22,10,Velachery Station,12.9815,80.218,37,9,24.8,80.8,23.7,Bike
2026-01-22,10,Anna Nagar Station,13.085,80.2101,14,27,24.9,37.5,33.5,Bike
2026-01-22,10,Egmore Station,13.0732,80.2609,26,25,17.9,54.7,24.7,Car
2026-01-22,10,Tambaram Station,12.9249,80.1,17,29,31.2,34.6,21.9,Car
2026-01-22,10,Porur Station,13.038,80.1565,16,12,26.2,65.1,26.4,Bike
2026-01-22,10,OMR Station,12.9352,80.23,21,18,13.8,49.2,27.4,Bike
2026-01-22,11,Central Station,13.0827,80.2707,10,8,16.1,51.2,25.5,Bike
2026-01-22,11,Guindy Station,13.0067,80.2206,15,24,22.6,41.3,31.2,Bike
2026-01-22,11,T Nagar Station,13.0418,80.2341,4,25,22.7,17.7,23.1,Bike
2026-01-22,11,Adyar Station,13.0012,80.2565,8,7,41.0,60.1,30.3,Bike
2026-01-22,11,Velachery Station,12.9815,80.218,15,21,14.8,39.7,27.8,Bike
2026-01-22,11,Anna Nagar Station,13.085,80.2101,15,9,11.3,63.1,31.8,Bike
2026-01-22,11,Egmore Station,13.0732,80.2609,15,14,30.6,54.0,30.5,Bike
2026-01-22,11,Tambaram Station,12.9249,80.1,15,17,27.4,51.7,30.0,Bike
2026-01-22,11,Porur Station,13.038,80.1565,16,22,29.1,48.3,33.7,Bike
2026-01-22,11,OMR Station,12.9352,80.23,8,17,25.4,36.6,31.9,Bike
2026-01-22,12,Central Station,13.0827,80.2707,12,29,21.8,25.5,31.7,Bike
2026-01-22,12,Guindy Station,13.0067,80.2206,3,24,30.9,16.8,31.4,Bike
2026-01-22,12,T Nagar Station,13.0418,80.2341,11,13,24.1,46.9,30.9,Bike
2026-01-22,12,Adyar Station,13.0012,80.2565,19,19,9.4,52.4,32.0,Bike
2026-01-22,12,Velachery Station,12.9815,80.218,16,26,26.3,37.0,29.3,Bike
2026-01-22,12,Anna Nagar Station,13.085,80.2101,24,28,20.9,50.6,26.1,Bike
2026-01-22,12,Egmore Station,13.0732,80.2609,23,26,16.7,50.9,27.7,Car
2026-01-22,12,Tambaram Station,12.9249,80.1,1,12,31.7,10.0,28.5,Bike
2026-01-22,12,Porur Station,13.038,80.1565,8,18,24.9,31.8,28.4,Bike
2026-01-22,12,OMR Station,12.9352,80.23,13,18,24.8,43.5,28.2,Bike
2026-01-22,13,Central Station,13.0827,80.2707,12,30,24.3,24.3,24.9,Car
2026-01-22,13,Guindy Station,13.0067,80.2206,1,17,33.2,10.0,28.4,Car
2026-01-22,13,T Nagar Station,13.0418,80.2341,8,15,23.1,29.5,32.3,Bike
2026-01-22,13,Adyar Station,13.0012,80.2565,12,16,17.5,39.4,31.4,Bike
2026-01-22,13,Velachery Station,12.9815,80.218,7,17,27.0,22.7,33.1,Bike
2026-01-22,13,Anna Nagar Station,13.085,80.2101,20,14,25.4,53.9,30.5,Bike
2026-01-22,13,Egmore Station,13.0732,80.2609,11,11,10.6,49.5,27.5,Bike
2026-01-22,13,Tambaram Station,12.9249,80.1,6,28,29.2,16.9,31.4,Bike
2026-01-22,13,Porur Station,13.038,80.1565,14,28,27.5,32.2,26.3,Car
2026-01-22,13,OMR Station,12.9352,80.23,8,12,31.8,43.0,22.5,Bike
2026-01-22,14,Central Station,13.0827,80.2707,7,6,11.9,53.3,26.7,Bike
2026-01-22,14,Guindy Station,13.0067,80.2206,20,21,15.7,50.5,31.8,Car
2026-01-22,14,T Nagar Station,13.0418,80.2341,16,6,22.8,76.4,30.4,Car
2026-01-22,14,Adyar Station,13.0012,80.2565,15,12,33.5,61.2,29.4,Bike
2026-01-22,14,Velachery Station,12.9815,80.218,9,25,18.3,21.7,32.4,Bike
2026-01-22,14,Anna Nagar Station,13.085,80.2101,23,12,20.1,67.9,29.9,Bike
2026-01-22,14,Egmore Station,13.0732,80.2609,8,17,21.3,29.6,35.6,Bike
2026-01-22,14,Tambaram Station,12.9249,80.1,10,17,15.2,38.2,31.3,Bike
2026-01-22,14,Porur Station,13.038,80.1565,21,28,23.5,41.2,31.9,Bike
2026-01-22,14,OMR Station,12.9352,80.23,1,27,20.7,10.0,27.2,Car
2026-01-22,15,Central Station,13.0827,80.2707,6,18,24.9,21.5,27.4,Bike
2026-01-22,15,Guindy Station,13.0067,80.2206,19,3,27.0,83.4,27.2,Bike
2026-01-22,15,T Nagar Station,13.0418,80.2341,8,25,14.9,26.8,27.5,Bike
2026-01-22,15,Adyar Station,13.0012,80.2565,19,13,35.3,54.2,28.5,Bike
2026-01-22,15,Velachery Station,12.9815,80.218,16,25,22.3,42.5,29.6,Bike
2026-01-22,15,Anna Nagar Station,13.085,80.2101,12,16,24.1,47.0,31.8,Car
2026-01-22,15,Egmore Station,13.0732,80.2609,15,13,19.1,49.5,29.0,Bike
2026-01-22,15,Tambaram Station,12.9249,80.1,4,32,24.4,10.0,35.0,Bike
2026-01-22,15,Porur Station,13.038,80.1565,4,9,21.5,29.3,27.8,Bike
2026-01-22,15,OMR Station,12.9352,80.23,19,14,29.9,56.8,30.8,Bike
2026-01-22,16,Central Station,13.0827,80.2707,24,3,22.3,85.7,25.4,Car
2026-01-22,16,Guindy Station,13.0067,80.2206,14,29,11.0,28.3,32.3,Bike
2026-01-22,16,T Nagar Station,13.0418,80.2341,1,11,26.6,10.0,32.9,Bike
2026-01-22,16,Adyar Station,13.0012,80.2565,4,22,24.8,19.9,28.1,Bike
2026-01-22,16,Velachery Station,12.9815,80.218,11,31,14.7,23.4,32.9,Bike
2026-01-22,16,Anna Nagar Station,13.085,80.2101,21,17,32.6,56.3,29.6,Bike
2026-01-22,16,Egmore Station,13.0732,80.2609,21,3,22.6,95.2,32.3,Bike
2026-01-22,16,Tambaram Station,12.9249,80.1,12,15,34.4,44.3,27.0,Car
2026-01-22,16,Porur Station,13.038,80.1565,16,20,27.9,46.0,27.2,Bike
2026-01-22,16,OMR Station,12.9352,80.23,17,18,22.1,50.4,25.4,Bike
2026-01-22,17,Central Station,13.0827,80.2707,22,9,25.7,76.6,25.0,Car
2026-01-22,17,Guindy Station,13.0067,80.2206,21,18,26.5,63.8,30.3,Bike
2026-01-22,17,T Nagar Station,13.0418,80.2341,14,23,22.5,38.9,22.1,Bike
2026-01-22,17,Adyar Station,13.0012,80.2565,31,6,16.4,77.1,25.8,Car
2026-01-22,17,Velachery Station,12.9815,80.218,4,8,21.3,32.4,26.9,Bike
2026-01-22,17,Anna Nagar Station,13.085,80.2101,36,22,15.6,62.6,31.1,Bike
2026-01-22,17,Egmore Station,13.0732,80.2609,34,7,23.6,85.5,29.9,Bike
2026-01-22,17,Tambaram Station,12.9249,80.1,35,11,21.2,72.6,22.8,Bike
2026-01-22,17,Porur Station,13.038,80.1565,31,0,13.7,100.0,31.9,Bike
2026-01-22,17,OMR Station,12.9352,80.23,21,2,30.9,88.5,30.4,Bike
2026-01-22,18,Central Station,13.0827,80.2707,48,12,24.4,85.3,30.6,Bike
2026-01-22,18,Guindy Station,13.0067,80.2206,43,23,26.5,68.3,29.1,Bike
2026-01-22,18,T Nagar Station,13.0418,80.2341,38,14,25.3,71.2,29.6,Car
2026-01-22,18,Adyar Station,13.0012,80.2565,27,11,16.3,76.0,33.9,Bike
2026-01-22,18,Velachery Station,12.9815,80.218,38,11,14.1,80.3,31.2,Bike
2026-01-22,18,Anna Nagar Station,13.085,80.2101,46,3,27.4,92.9,23.6,Bike
2026-01-22,18,Egmore Station,13.0732,80.2609,18,16,17.8,56.3,32.5,Bike
2026-01-22,18,Tambaram Station,12.9249,80.1,45,0,31.4,96.5,24.2,Bike
2026-01-22,18,Porur Station,13.038,80.1565,43,21,14.9,74.2,28.6,Bike
2026-01-22,18,OMR Station,12.9352,80.23,40,21,11.8,70.6,27.6,Bike
2026-01-22,19,Central Station,13.0827,80.2707,42,16,25.1,81.0,30.1,Bike
2026-01-22,19,Guindy Station,13.0067,80.2206,40,9,27.9,74.5,25.2,Bike
2026-01-22,19,T Nagar Station,13.0418,80.2341,48,14,8.0,74.7,29.1,Bike
2026-01-22,19,Adyar Station,13.0012,80.2565,26,18,12.1,53.2,28.0,Car
2026-01-22,19,Velachery Station,12.9815,80.218,27,10,31.6,68.2,28.5,Bike
2026-01-22,19,Anna Nagar Station,13.085,80.2101,20,11,18.5,67.6,26.4,Car
2026-01-22,19,Egmore Station,13.0732,80.2609,24,25,33.1,40.0,25.9,Bike
2026-01-22,19,Tambaram Station,12.9249,80.1,14,21,14.9,44.0,26.2,Car
2026-01-22,19,Porur Station,13.038,80.1565,15,30,18.3,29.1,32.6,Bike
2026-01-22,19,OMR Station,12.9352,80.23,36,7,24.5,91.5,32.9,Bike
2026-01-22,20,Central Station,13.0827,80.2707,35,11,18.4,74.6,30.3,Car
2026-01-22,20,Guindy Station,13.0067,80.2206,30,5,24.1,80.4,30.3,Car
2026-01-22,20,T Nagar Station,13.0418,80.2341,21,28,28.1,54.4,31.1,Bike
2026-01-22,20,Adyar Station,13.0012,80.2565,9,10,18.2,42.7,27.2,Car
2026-01-22,20,Velachery Station,12.9815,80.218,22,13,34.3,63.1,29.7,Bike
2026-01-22,20,Anna Nagar Station,13.085,80.2101,23,12,33.3,60.9,29.7,Bike
2026-01-22,20,Egmore Station,13.0732,80.2609,33,19,19.3,74.7,29.1,Bike
2026-01-22,20,Tambaram Station,12.9249,80.1,36,0,26.9,95.0,33.7,Bike
2026-01-22,20,Porur Station,13.038,80.1565,19,16,8.7,40.4,31.4,Car
2026-01-22,20,OMR Station,12.9352,80.23,28,18,21.3,61.5,32.3,Bike
2026-01-22,21,Central Station,13.0827,80.2707,13,8,28.6,58.4,29.3,Bike
2026-01-22,21,Guindy Station,13.0067,80.2206,25,18,36.5,63.4,30.8,Bike
2026-01-22,21,T Nagar Station,13.0418,80.2341,5,15,19.6,22.2,25.3,Bike
2026-01-22,21,Adyar Station,13.0012,80.2565,19,7,24.8,73.0,28.3,Bike
2026-01-22,21,Velachery Station,12.9815,80.218,15,5,32.7,73.9,29.2,Bike
2026-01-22,21,Anna Nagar Station,13.085,80.2101,8,6,22.0,58.0,29.0,Bike
2026-01-22,21,Egmore Station,13.0732,80.2609,13,6,26.0,67.4,28.5,Bike
2026-01-22,21,Tambaram Station,12.9249,80.1,7,32,14.3,24.4,26.1,Bike
2026-01-22,21,Porur Station,13.038,80.1565,6,20,19.0,25.3,27.0,Bike
2026-01-22,21,OMR Station,12.9352,80.23,20,27,28.5,43.5,30.3,Bike
2026-01-22,22,Central Station,13.0827,80.2707,6,19,28.8,26.4,31.0,Bike
2026-01-22,22,Guindy Station,13.0067,80.2206,5,21,25.2,18.5,29.0,Bike
2026-01-22,22,T Nagar Station,13.0418,80.2341,3,24,24.4,10.0,34.5,Bike
2026-01-22,22,Adyar Station,13.0012,80.2565,4,19,20.4,17.4,26.8,Bike
2026-01-22,22,Velachery Station,12.9815,80.218,8,6,30.5,54.4,33.4,Car
2026-01-22,22,Anna Nagar Station,13.085,80.2101,19,4,26.1,79.6,29.0,Bike
2026-01-22,22,Egmore Station,13.0732,80.2609,17,14,21.1,62.5,30.7,Bike
2026-01-22,22,Tambaram Station,12.9249,80.1,27,6,29.3,88.6,30.6,Bike
2026-01-22,22,Porur Station,13.038,80.1565,3,9,15.2,16.8,30.1,Bike
2026-01-22,22,OMR Station,12.9352,80.23,17,10,14.5,63.3,29.2,Bike
2026-01-23,6,Central Station,13.0827,80.2707,26,22,29.5,56.4,29.8,Bike
2026-01-23,6,Guindy Station,13.0067,80.2206,9,11,11.6,44.8,26.4,Bike
2026-01-23,6,T Nagar Station,13.0418,80.2341,12,31,12.1,21.0,28.4,Bike
2026-01-23,6,Adyar Station,13.0012,80.2565,13,4,24.2,67.8,34.3,Bike
2026-01-23,6,Velachery Station,12.9815,80.218,10,14,14.2,40.1,31.7,Car
2026-01-23,6,Anna Nagar Station,13.085,80.2101,14,17,27.4,45.8,30.5,Bike
2026-01-23,6,Egmore Station,13.0732,80.2609,7,20,28.2,32.6,29.0,Bike
2026-01-23,6,Tambaram Station,12.9249,80.1,15,25,28.6,35.6,30.9,Car
2026-01-23,6,Porur Station,13.038,80.1565,16,26,20.0,33.8,32.2,Bike
2026-01-23,6,OMR Station,12.9352,80.23,9,16,9.1,40.3,29.6,Bike
2026-01-23,7,Central Station,13.0827,80.2707,23,7,16.0,74.8,24.1,Bike
2026-01-23,7,Guindy Station,13.0067,80.2206,33,24,10.3,56.4,22.8,Car
2026-01-23,7,T Nagar Station,13.0418,80.2341,22,28,16.0,37.8,29.2,Bike
2026-01-23,7,Adyar Station,13.0012,80.2565,24,28,23.9,49.2,28.3,Car
2026-01-23,7,Velachery Station,12.9815,80.218,23,19,22.8,62.8,27.5,Bike
2026-01-23,7,Anna Nagar Station,13.085,80.2101,35,19,8.0,67.4,27.2,Bike
2026-01-23,7,Egmore Station,13.0732,80.2609,11,14,24.0,49.9,30.6,Bike
2026-01-23,7,Tambaram Station,12.9249,80.1,14,25,21.5,35.6,28.5,Bike
2026-01-23,7,Porur Station,13.038,80.1565,10,27,30.6,22.4,32.1,Car
2026-01-23,7,OMR Station,12.9352,80.23,21,9,24.0,74.0,30.8,Bike
2026-01-23,8,Central Station,13.0827,80.2707,34,23,37.2,64.3,25.6,Bike
2026-01-23,8,Guindy Station,13.0067,80.2206,34,2,17.2,93.2,26.4,Bike
2026-01-23,8,T Nagar Station,13.0418,80.2341,29,21,15.6,56.3,29.7,Car
2026-01-23,8,Adyar Station,13.0012,80.2565,31,0,19.1,100.0,29.0,Bike
2026-01-23,8,Velachery Station,12.9815,80.218,30,18,30.3,71.5,31.0,Car
2026-01-23,8,Anna Nagar Station,13.085,80.2101,35,20,22.3,52.9,28.6,Bike
2026-01-23,8,Egmore Station,13.0732,80.2609,41,0,16.6,100.0,30.5,Bike
2026-01-23,8,Tambaram Station,12.9249,80.1,23,18,21.5,47.2,32.0,Bike
2026-01-23,8,Porur Station,13.038,80.1565,47,2,41.0,98.6,27.7,Bike
2026-01-23,8,OMR Station,12.9352,80.23,16,24,24.5,37.6,23.9,Bike
2026-01-23,9,Central Station,13.0827,80.2707,26,23,29.0,54.6,27.9,Bike
2026-01-23,9,Guindy Station,13.0067,80.2206,22,19,34.2,48.8,26.6,Car
2026-01-23,9,T Nagar Station,13.0418,80.2341,13,29,28.2,26.7,28.2,Car
2026-01-23,9,Adyar Station,13.0012,80.2565,46,8,16.0,83.0,32.2,Bike
2026-01-23,9,Velachery Station,12.9815,80.218,24,21,21.5,57.3,30.6,Car
2026-01-23,9,Anna Nagar Station,13.085,80.2101,10,10,32.2,40.6,30.0,Bike
2026-01-23,9,Egmore Station,13.0732,80.2609,16,13,22.9,53.7,29.5,Car
2026-01-23,9,Tambaram Station,12.9249,80.1,31,5,24.5,94.2,28.7,Bike
2026-01-23,9,Porur Station,13.038,80.1565,19,3,23.9,95.4,25.6,Bike
2026-01-23,9,OMR Station,12.9352,80.23,15,18,19.6,48.3,25.3,Bike
2026-01-23,10,Central Station,13.0827,80.2707,32,0,28.3,90.0,28.1,Car
2026-01-23,10,Guindy Station,13.0067,80.2206,28,10,31.1,78.4,28.5,Bike
2026-01-23,10,T Nagar Station,13.0418,80.2341,21,14,25.2,61.8,30.5,Bike
2026-01-23,10,Adyar Station,13.0012,80.2565,11,9,23.1,53.5,31.1,Bike
2026-01-23,10,Velachery Station,12.9815,80.218,11,9,17.4,54.2,23.5,Car
2026-01-23,10,Anna Nagar Station,13.085,80.2101,21,16,9.0,54.3,31.8,Bike
2026-01-23,10,Egmore Station,13.0732,80.2609,25,18,16.0,63.7,25.6,Bike
2026-01-23,10,Tambaram Station,12.9249,80.1,21,5,32.8,77.2,30.4,Car
2026-01-23,10,Porur Station,13.038,80.1565,33,16,27.5,78.1,31.3,Bike
2026-01-23,10,OMR Station,12.9352,80.23,27,8,32.0,74.7,32.4,Bike
2026-01-23,11,Central Station,13.0827,80.2707,12,19,30.4,45.1,28.3,Bike
2026-01-23,11,Guindy Station,13.0067,80.2206,21,27,35.9,48.9,34.2,Bike
2026-01-23,11,T Nagar Station,13.0418,80.2341,24,6,28.6,76.4,31.7,Bike
2026-01-23,11,Adyar Station,13.0012,80.2565,14,4,16.0,86.7,26.9,Bike
2026-01-23,11,Velachery Station,12.9815,80.218,13,13,26.2,59.7,29.7,Bike
2026-01-23,11,Anna Nagar Station,13.085,80.2101,12,7,22.2,62.8,27.6,Bike
2026-01-23,11,Egmore Station,13.0732,80.2609,18,7,22.2,76.1,24.9,Car
2026-01-23,11,Tambaram Station,12.9249,80.1,14,30,25.1,28.1,31.8,Car
2026-01-23,11,Porur Station,13.038,80.1565,18,8,32.6,76.2,30.8,Bike
2026-01-23,11,OMR Station,12.9352,80.23,18,13,19.0,51.7,29.4,Bike
2026-01-23,12,Central Station,13.0827,80.2707,14,14,20.0,51.6,29.7,Car
2026-01-23,12,Guindy Station,13.0067,80.2206,18,22,23.5,51.0,32.3,Bike
2026-01-23,12,T Nagar Station,13.0418,80.2341,18,18,22.5,47.5,28.7,Bike
2026-01-23,12,Adyar Station,13.0012,80.2565,18,15,17.7,60.6,32.2,Bike
2026-01-23,12,Velachery Station,12.9815,80.218,14,6,19.9,65.6,32.0,Car
2026-01-23,12,Anna Nagar Station,13.085,80.2101,4,16,11.9,23.9,21.9,Bike
2026-01-23,12,Egmore Station,13.0732,80.2609,6,21,31.6,33.0,28.1,Bike
2026-01-23,12,Tambaram Station,12.9249,80.1,14,27,20.0,31.6,27.4,Bike
2026-01-23,12,Porur Station,13.038,80.1565,21,12,24.5,63.7,24.2,Bike
2026-01-23,12,OMR Station,12.9352,80.23,19,12,26.6,56.1,31.9,Car
2026-01-23,13,Central Station,13.0827,80.2707,12,14,11.9,42.3,33.8,Bike
2026-01-23,13,Guindy Station,13.0067,80.2206,22,26,14.2,50.1,26.4,Car
2026-01-23,13,T Nagar Station,13.0418,80.2341,5,19,18.0,19.9,30.3,Bike
2026-01-23,13,Adyar Station,13.0012,80.2565,13,11,15.8,63.0,29.7,Bike
2026-01-23,13,Velachery Station,12.9815,80.218,1,12,22.8,13.6,34.3,Bike
2026-01-23,13,Anna Nagar Station,13.085,80.2101,14,29,22.0,26.4,28.4,Bike
2026-01-23,13,Egmore Station,13.0732,80.2609,12,8,23.4,56.5,29.7,Bike
2026-01-23,13,Tambaram Station,12.9249,80.1,10,25,14.2,28.9,26.6,Bike
2026-01-23,13,Porur Station,13.038,80.1565,6,26,19.6,17.6,28.6,Bike
2026-01-23,13,OMR Station,12.9352,80.23,3,9,34.9,27.6,29.1,Bike
2026-01-23,14,Central Station,13.0827,80.2707,16,27,27.7,27.9,29.5,Bike
2026-01-23,14,Guindy Station,13.0067,80.2206,15,23,27.6,45.2,27.2,Bike
2026-01-23,14,T Nagar Station,13.0418,80.2341,25,3,26.8,89.6,22.0,Bike
2026-01-23,14,Adyar Station,13.0012,80.2565,15,8,31.5,67.6,30.9,Bike
2026-01-23,14,Velachery Station,12.9815,80.218,8,7,16.1,52.9,38.3,Bike
2026-01-23,14,Anna Nagar Station,13.085,80.2101,11,31,34.1,29.3,35.6,Car
2026-01-23,14,Egmore Station,13.0732,80.2609,7,18,13.4,31.7,33.7,Bike
2026-01-23,14,Tambaram Station,12.9249,80.1,8,9,29.9,45.5,33.1,Bike
2026-01-23,14,Porur Station,13.038,80.1565,11,9,41.2,65.7,28.0,Bike
2026-01-23,14,OMR Station,12.9352,80.23,13,14,29.4,49.3,28.1,Car
2026-01-23,15,Central Station,13.0827,80.2707,4,26,26.8,13.2,29.4,Bike
2026-01-23,15,Guindy Station,13.0067,80.2206,15,16,18.6,48.6,28.0,Car
2026-01-23,15,T Nagar Station,13.0418,80.2341,7,11,33.5,40.6,27.8,Bike
2026-01-23,15,Adyar Station,13.0012,80.2565,14,21,34.0,47.8,28.6,Bike
2026-01-23,15,Velachery Station,12.9815,80.218,11,25,16.1,31.6,31.2,Bike
2026-01-23,15,Anna Nagar Station,13.085,80.2101,24,9,21.2,75.2,32.6,Bike
2026-01-23,15,Egmore Station,13.0732,80.2609,23,17,19.0,61.8,25.3,Bike
2026-01-23,15,Tambaram Station,12.9249,80.1,8,26,18.7,23.7,29.3,Bike
2026-01-23,15,Porur Station,13.038,80.1565,23,8,41.4,76.1,30.8,Bike
2026-01-23,15,OMR Station,12.9352,80.23,21,18,20.6,55.6,25.5,Bike
2026-01-23,16,Central Station,13.0827,80.2707,16,14,23.7,53.3,30.5,Bike
2026-01-23,16,Guindy Station,13.0067,80.2206,14,15,15.0,45.7,26.6,Bike
2026-01-23,16,T Nagar Station,13.0418,80.2341,13,13,9.1,43.9,28.9,Bike
2026-01-23,16,Adyar Station,13.0012,80.2565,8,31,17.5,10.2,34.4,Bike
2026-01-23,16,Velachery Station,12.9815,80.218,22,24,37.0,48.9,25.2,Bike
2026-01-23,16,Anna Nagar Station,13.085,80.2101,21,21,21.8,47.3,31.3,Bike
2026-01-23,16,Egmore Station,13.0732,80.2609,9,23,19.2,29.8,29.7,Car
2026-01-23,16,Tambaram Station,12.9249,80.1,14,30,23.4,28.6,32.0,Car
2026-01-23,16,Porur Station,13.038,80.1565,7,9,31.5,40.7,26.0,Bike
2026-01-23,16,OMR Station,12.9352,80.23,4,29,27.3,10.0,30.4,Bike
2026-01-23,17,Central Station,13.0827,80.2707,34,9,18.9,78.3,27.8,Bike
2026-01-23,17,Guindy Station,13.0067,80.2206,17,21,20.9,43.5,27.4,Bike
2026-01-23,17,T Nagar Station,13.0418,80.2341,10,25,38.9,28.9,29.8,Bike
2026-01-23,17,Adyar Station,13.0012,80.2565,32,2,11.3,91.3,28.5,Bike
2026-01-23,17,Velachery Station,12.9815,80.218,23,9,30.6,73.2,30.5,Bike
2026-01-23,17,Anna Nagar Station,13.085,80.2101,17,28,27.7,31.4,27.7,Bike
2026-01-23,17,Egmore Station,13.0732,80.2609,22,26,28.3,52.7,26.5,Bike
2026-01-23,17,Tambaram Station,12.9249,80.1,25,25,21.3,48.4,27.8,Bike
2026-01-23,17,Porur Station,13.038,80.1565,15,28,19.8,37.1,24.6,Bike
2026-01-23,17,OMR Station,12.9352,80.23,33,11,26.4,79.3,25.4,Bike
2026-01-23,18,Central Station,13.0827,80.2707,31,19,25.5,66.7,26.0,Bike
2026-01-23,18,Guindy Station,13.0067,80.2206,19,9,18.8,65.5,30.5,Car
2026-01-23,18,T Nagar Station,13.0418,80.2341,47,4,33.7,90.4,31.9,Bike
2026-01-23,18,Adyar Station,13.0012,80.2565,32,19,25.2,61.8,31.8,Bike
2026-01-23,18,Velachery Station,12.9815,80.218,30,11,28.5,67.8,24.5,Bike
2026-01-23,18,Anna Nagar Station,13.085,80.2101,29,6,26.8,74.6,25.7,Bike
2026-01-23,18,Egmore Station,13.0732,80.2609,16,19,15.9,44.3,32.9,Bike
2026-01-23,18,Tambaram Station,12.9249,80.1,47,19,30.5,74.7,34.1,Bike
2026-01-23,18,Porur Station,13.038,80.1565,40,10,30.6,87.8,27.3,Car
2026-01-23,18,OMR Station,12.9352,80.23,23,8,16.3,77.0,28.5,Bike
2026-01-23,19,Central Station,13.0827,80.2707,47,8,31.2,94.2,27.0,Bike
2026-01-23,19,Guindy Station,13.0067,80.2206,31,4,29.3,77.5,32.8,Bike
2026-01-23,19,T Nagar Station,13.0418,80.2341,41,11,21.0,78.0,34.9,Bike
2026-01-23,19,Adyar Station,13.0012,80.2565,41,3,10.0,89.4,22.7,Bike
2026-01-23,19,Velachery Station,12.9815,80.218,36,6,18.1,86.4,25.3,Bike
2026-01-23,19,Anna Nagar Station,13.085,80.2101,34,16,23.9,75.9,27.7,Bike
2026-01-23,19,Egmore Station,13.0732,80.2609,36,22,43.7,67.0,33.4,Bike
2026-01-23,19,Tambaram Station,12.9249,80.1,15,11,15.4,48.6,31.2,Bike
2026-01-23,19,Porur Station,13.038,80.1565,27,18,23.1,68.0,28.8,Bike
2026-01-23,19,OMR Station,12.9352,80.23,26,16,20.2,63.1,28.1,Bike
2026-01-23,20,Central Station,13.0827,80.2707,27,4,31.5,88.1,29.7,Bike
2026-01-23,20,Guindy Station,13.0067,80.2206,10,20,28.3,28.1,30.2,Bike
2026-01-23,20,T Nagar Station,13.0418,80.2341,11,29,17.1,26.0,29.3,Bike
2026-01-23,20,Adyar Station,13.0012,80.2565,19,8,24.1,68.5,29.8,Car
2026-01-23,20,Velachery Station,12.9815,80.218,11,10,20.2,56.2,23.7,Bike
2026-01-23,20,Anna Nagar Station,13.085,80.2101,32,4,18.5,88.2,27.2,Car
2026-01-23,20,Egmore Station,13.0732,80.2609,10,23,18.5,30.3,27.5,Bike
2026-01-23,20,Tambaram Station,12.9249,80.1,19,27,10.9,40.8,30.3,Bike
2026-01-23,20,Porur Station,13.038,80.1565,28,11,29.8,75.9,30.8,Bike
2026-01-23,20,OMR Station,12.9352,80.23,37,23,32.2,72.0,27.1,Bike
2026-01-23,21,Central Station,13.0827,80.2707,2,23,19.2,13.5,23.8,Bike
2026-01-23,21,Guindy Station,13.0067,80.2206,18,14,33.6,46.2,28.5,Bike
2026-01-23,21,T Nagar Station,13.0418,80.2341,22,5,30.0,75.6,31.3,Car
2026-01-23,21,Adyar Station,13.0012,80.2565,6,31,21.8,17.3,30.7,Bike
2026-01-23,21,Velachery Station,12.9815,80.218,5,28,19.3,13.1,23.5,Car
2026-01-23,21,Anna Nagar Station,13.085,80.2101,1,23,20.2,10.0,31.1,Bike
2026-01-23,21,Egmore Station,13.0732,80.2609,8,29,14.5,24.5,31.9,Bike
2026-01-23,21,Tambaram Station,12.9249,80.1,24,15,25.6,60.9,27.8,Bike
2026-01-23,21,Porur Station,13.038,80.1565,14,11,27.4,61.5,28.0,Bike
2026-01-23,21,OMR Station,12.9352,80.23,2,8,15.6,23.0,29.0,Bike
2026-01-23,22,Central Station,13.0827,80.2707,14,16,37.8,48.8,32.3,Car
2026-01-23,22,Guindy Station,13.0067,80.2206,23,9,18.9,71.4,33.2,Bike
2026-01-23,22,T Nagar Station,13.0418,80.2341,2,18,12.1,21.0,30.5,Car
2026-01-23,22,Adyar Station,13.0012,80.2565,10,14,21.2,41.7,28.3,Bike
2026-01-23,22,Velachery Station,12.9815,80.218,15,28,19.6,38.6,34.5,Bike
2026-01-23,22,Anna Nagar Station,13.085,80.2101,17,6,36.1,71.2,23.1,Bike
2026-01-23,22,Egmore Station,13.0732,80.2609,8,13,18.9,39.0,27.4,Bike
2026-01-23,22,Tambaram Station,12.9249,80.1,13,30,25.3,29.8,26.4,Bike
2026-01-23,22,Porur Station,13.038,80.1565,10,29,38.3,21.3,22.4,Car
2026-01-23,22,OMR Station,12.9352,80.23,20,26,9.6,40.9,26.2,Bike
2026-01-24,6,Central Station,13.0827,80.2707,17,19,16.1,45.3,24.1,Bike
2026-01-24,6,Guindy Station,13.0067,80.2206,6,26,23.3,16.5,24.9,Bike
2026-01-24,6,T Nagar Station,13.0418,80.2341,14,21,19.2,44.1,30.8,Bike
2026-01-24,6,Adyar Station,13.0012,80.2565,14,20,25.7,48.1,25.1,Bike
2026-01-24,6,Velachery Station,12.9815,80.218,8,19,25.8,27.5,28.1,Bike
2026-01-24,6,Anna Nagar Station,13.085,80.2101,9,19,19.4,30.7,31.8,Bike
2026-01-24,6,Egmore Station,13.0732,80.2609,9,24,27.6,31.1,28.8,Bike
2026-01-24,6,Tambaram Station,12.9249,80.1,22,8,17.1,77.5,25.4,Bike
2026-01-24,6,Porur Station,13.038,80.1565,11,27,23.8,27.8,32.1,Bike
2026-01-24,6,OMR Station,12.9352,80.23,25,18,29.3,63.8,33.6,Bike
2026-01-24,7,Central Station,13.0827,80.2707,7,28,24.7,26.0,30.7,Bike
2026-01-24,7,Guindy Station,13.0067,80.2206,41,17,20.4,76.6,30.9,Car
2026-01-24,7,T Nagar Station,13.0418,80.2341,14,19,17.9,41.0,26.8,Bike
2026-01-24,7,Adyar Station,13.0012,80.2565,15,15,23.2,48.3,30.8,Car
2026-01-24,7,Velachery Station,12.9815,80.218,10,16,19.0,37.3,29.7,Bike
2026-01-24,7,Anna Nagar Station,13.085,80.2101,18,28,21.1,36.9,30.4,Car
2026-01-24,7,Egmore Station,13.0732,80.2609,31,17,19.0,62.6,34.3,Bike
2026-01-24,7,Tambaram Station,12.9249,80.1,39,1,16.7,93.8,23.6,Bike
2026-01-24,7,Porur Station,13.038,80.1565,11,6,32.5,63.2,32.9,Bike
2026-01-24,7,OMR Station,12.9352,80.23,31,25,20.1,65.7,29.5,Bike
2026-01-24,8,Central Station,13.0827,80.2707,26,12,29.7,55.1,26.9,Bike
2026-01-24,8,Guindy Station,13.0067,80.2206,26,21,20.1,57.5,30.3,Bike
2026-01-24,8,T Nagar Station,13.0418,80.2341,37,9,20.7,81.9,31.3,Car
2026-01-24,8,Adyar Station,13.0012,80.2565,30,12,30.1,73.1,34.4,Bike
2026-01-24,8,Velachery Station,12.9815,80.218,48,18,32.2,77.7,27.7,Bike
2026-01-24,8,Anna Nagar Station,13.085,80.2101,29,9,28.0,76.4,27.3,Car
2026-01-24,8,Egmore Station,13.0732,80.2609,54,7,44.6,82.5,28.7,Bike
2026-01-24,8,Tambaram Station,12.9249,80.1,45,0,22.6,96.8,25.1,Car
2026-01-24,8,Porur Station,13.038,80.1565,35,10,25.9,80.8,34.9,Bike
2026-01-24,8,OMR Station,12.9352,80.23,19,14,19.8,63.1,26.2,Car
2026-01-24,9,Central Station,13.0827,80.2707,42,18,44.0,71.0,26.7,Bike
2026-01-24,9,Guindy Station,13.0067,80.2206,15,24,15.4,41.2,28.8,Car
2026-01-24,9,T Nagar Station,13.0418,80.2341,36,11,19.3,80.9,26.0,Bike
2026-01-24,9,Adyar Station,13.0012,80.2565,43,0,30.5,100.0,26.3,Bike
2026-01-24,9,Velachery Station,12.9815,80.218,26,4,21.0,82.2,30.8,Bike
2026-01-24,9,Anna Nagar Station,13.085,80.2101,24,4,14.6,92.4,29.4,Car
2026-01-24,9,Egmore Station,13.0732,80.2609,11,6,29.8,60.8,27.4,Bike
2026-01-24,9,Tambaram Station,12.9249,80.1,41,10,17.6,82.7,30.6,Bike
2026-01-24,9,Porur Station,13.038,80.1565,16,8,17.2,57.8,31.8,Bike
2026-01-24,9,OMR Station,12.9352,80.23,35,8,15.1,86.0,32.4,Bike
2026-01-24,10,Central Station,13.0827,80.2707,17,21,23.1,39.5,28.8,Bike
2026-01-24,10,Guindy Station,13.0067,80.2206,26,27,27.2,56.2,28.7,Bike
2026-01-24,10,T Nagar Station,13.0418,80.2341,23,18,30.4,54.9,28.0,Bike
2026-01-24,10,Adyar Station,13.0012,80.2565,24,14,24.6,57.1,29.3,Bike
2026-01-24,10,Velachery Station,12.9815,80.218,7,21,37.6,31.6,29.3,Bike
2026-01-24,10,Anna Nagar Station,13.085,80.2101,31,16,11.9,71.8,28.1,Bike
2026-01-24,10,Egmore Station,13.0732,80.2609,17,21,30.2,42.0,31.4,Bike
2026-01-24,10,Tambaram Station,12.9249,80.1,25,16,26.8,56.1,28.6,Bike
2026-01-24,10,Porur Station,13.038,80.1565,37,11,19.3,69.1,30.6,Car
2026-01-24,10,OMR Station,12.9352,80.23,32,18,18.0,63.6,31.6,Bike
2026-01-24,11,Central Station,13.0827,80.2707,13,23,24.0,36.6,31.1,Bike
2026-01-24,11,Guindy Station,13.0067,80.2206,4,12,14.1,20.5,30.1,Bike
2026-01-24,11,T Nagar Station,13.0418,80.2341,15,23,16.3,48.9,32.6,Bike
2026-01-24,11,Adyar Station,13.0012,80.2565,16,4,21.5,81.3,23.5,Bike
2026-01-24,11,Velachery Station,12.9815,80.218,5,19,22.5,29.8,28.8,Bike
2026-01-24,11,Anna Nagar Station,13.085,80.2101,14,5,29.2,83.3,36.3,Bike
2026-01-24,11,Egmore Station,13.0732,80.2609,3,10,15.7,31.3,26.6,Bike
2026-01-24,11,Tambaram Station,12.9249,80.1,15,8,21.7,74.3,34.7,Bike
2026-01-24,11,Porur Station,13.038,80.1565,8,27,29.0,28.9,31.5,Bike
2026-01-24,11,OMR Station,12.9352,80.23,13,23,18.6,31.6,33.0,Bike
2026-01-24,12,Central Station,13.0827,80.2707,10,12,28.4,58.4,26.5,Bike
2026-01-24,12,Guindy Station,13.0067,80.2206,14,9,22.5,55.0,29.3,Bike
2026-01-24,12,T Nagar Station,13.0418,80.2341,8,13,25.1,44.2,27.7,Car
2026-01-24,12,Adyar Station,13.0012,80.2565,17,13,16.7,51.1,27.8,Bike
2026-01-24,12,Velachery Station,12.9815,80.218,7,16,24.6,34.9,25.4,Car
2026-01-24,12,Anna Nagar Station,13.085,80.2101,13,13,30.3,55.6,32.7,Bike
2026-01-24,12,Egmore Station,13.0732,80.2609,7,16,30.2,15.1,29.6,Bike
2026-01-24,12,Tambaram Station,12.9249,80.1,15,8,37.2,65.6,25.1,Bike
2026-01-24,12,Porur Station,13.038,80.1565,21,16,19.3,58.0,31.0,Bike
2026-01-24,12,OMR Station,12.9352,80.23,13,10,16.8,61.5,28.3,Bike
2026-01-24,13,Central Station,13.0827,80.2707,15,23,28.3,35.5,31.3,Bike
2026-01-24,13,Guindy Station,13.0067,80.2206,11,20,35.0,41.2,33.6,Bike
2026-01-24,13,T Nagar Station,13.0418,80.2341,22,2,16.3,89.1,30.9,Bike
2026-01-24,13,Adyar Station,13.0012,80.2565,2,24,21.3,10.0,25.0,Bike
2026-01-24,13,Velachery Station,12.9815,80.218,14,18,32.4,43.4,31.6,Bike
2026-01-24,13,Anna Nagar Station,13.085,80.2101,11,10,24.6,61.1,31.0,Bike
2026-01-24,13,Egmore Station,13.0732,80.2609,22,24,24.5,47.6,22.5,Bike
2026-01-24,13,Tambaram Station,12.9249,80.1,10,18,18.7,46.3,27.6,Bike
2026-01-24,13,Porur Station,13.038,80.1565,18,20,16.5,44.1,28.9,Bike
2026-01-24,13,OMR Station,12.9352,80.23,10,15,27.9,42.3,24.2,Car
2026-01-24,14,Central Station,13.0827,80.2707,18,12,29.9,59.0,31.6,Bike
2026-01-24,14,Guindy Station,13.0067,80.2206,21,18,20.9,55.6,31.3,Bike
2026-01-24,14,T Nagar Station,13.0418,80.2341,13,21,21.1,36.2,28.9,Bike
2026-01-24,14,Adyar Station,13.0012,80.2565,9,16,15.8,40.1,31.1,Bike
2026-01-24,14,Velachery Station,12.9815,80.218,7,6,18.3,55.7,23.1,Bike
2026-01-24,14,Anna Nagar Station,13.085,80.2101,8,11,18.3,51.2,27.0,Car
2026-01-24,14,Egmore Station,13.0732,80.2609,17,11,19.1,60.2,29.1,Bike
2026-01-24,14,Tambaram Station,12.9249,80.1,11,8,8.0,65.0,27.9,Car
2026-01-24,14,Porur Station,13.038,80.1565,22,10,18.9,67.3,28.3,Bike
2026-01-24,14,OMR Station,12.9352,80.23,16,28,22.9,32.1,34.1,Bike
2026-01-24,15,Central Station,13.0827,80.2707,5,18,23.7,21.9,29.2,Bike
2026-01-24,15,Guindy Station,13.0067,80.2206,15,19,26.8,41.0,28.2,Bike
2026-01-24,15,T Nagar Station,13.0418,80.2341,21,2,23.3,87.0,27.9,Bike
2026-01-24,15,Adyar Station,13.0012,80.2565,19,19,11.9,46.3,31.8,Bike
2026-01-24,15,Velachery Station,12.9815,80.218,9,24,23.6,33.3,31.4,Bike
2026-01-24,15,Anna Nagar Station,13.085,80.2101,8,19,18.5,23.4,27.3,Bike
2026-01-24,15,Egmore Station,13.0732,80.2609,14,12,24.9,63.0,32.5,Bike
2026-01-24,15,Tambaram Station,12.9249,80.1,1,29,27.7,10.0,26.7,Bike
2026-01-24,15,Porur Station,13.038,80.1565,18,17,27.7,50.7,31.3,Car
2026-01-24,15,OMR Station,12.9352,80.23,18,7,22.7,75.3,32.8,Bike
2026-01-24,16,Central Station,13.0827,80.2707,7,9,26.2,50.4,27.0,Car
2026-01-24,16,Guindy Station,13.0067,80.2206,16,9,19.8,63.8,29.6,Bike
2026-01-24,16,T Nagar Station,13.0418,80.2341,19,12,31.1,55.8,32.0,Car
2026-01-24,16,Adyar Station,13.0012,80.2565,8,27,14.1,19.2,29.0,Bike
2026-01-24,16,Velachery Station,12.9815,80.218,12,13,22.0,50.3,32.2,Car
2026-01-24,16,Anna Nagar Station,13.085,80.2101,14,9,21.7,54.2,33.6,Bike
2026-01-24,16,Egmore Station,13.0732,80.2609,1,7,22.3,15.6,29.3,Bike
2026-01-24,16,Tambaram Station,12.9249,80.1,12,17,19.7,42.5,26.9,Bike
2026-01-24,16,Porur Station,13.038,80.1565,21,10,29.1,70.8,33.6,Bike
2026-01-24,16,OMR Station,12.9352,80.23,10,10,20.9,51.5,27.3,Bike
2026-01-24,17,Central Station,13.0827,80.2707,13,6,11.9,69.0,24.4,Bike
2026-01-24,17,Guindy Station,13.0067,80.2206,26,22,31.6,47.7,30.9,Bike
2026-01-24,17,T Nagar Station,13.0418,80.2341,20,25,20.8,40.2,29.3,Bike
2026-01-24,17,Adyar Station,13.0012,80.2565,29,3,24.0,93.0,27.7,Bike
2026-01-24,17,Velachery Station,12.9815,80.218,31,24,13.8,58.4,29.7,Bike
2026-01-24,17,Anna Nagar Station,13.085,80.2101,36,21,26.4,60.9,27.9,Car
2026-01-24,17,Egmore Station,13.0732,80.2609,13,19,19.3,38.8,26.6,Car
2026-01-24,17,Tambaram Station,12.9249,80.1,25,5,10.9,76.7,32.8,Bike
2026-01-24,17,Porur Station,13.038,80.1565,36,3,24.9,92.7,28.8,Bike
2026-01-24,17,OMR Station,12.9352,80.23,32,9,18.9,78.8,32.8,Bike
2026-01-24,18,Central Station,13.0827,80.2707,29,23,26.9,57.6,32.0,Bike
2026-01-24,18,Guindy Station,13.0067,80.2206,35,18,16.9,62.0,31.8,Bike
2026-01-24,18,T Nagar Station,13.0418,80.2341,44,0,21.3,100.0,32.9,Bike
2026-01-24,18,Adyar Station,13.0012,80.2565,27,17,25.2,58.5,24.7,Bike
2026-01-24,18,Velachery Station,12.9815,80.218,21,25,30.1,47.0,30.4,Bike
2026-01-24,18,Anna Nagar Station,13.085,80.2101,40,1,30.8,96.7,30.6,Car
2026-01-24,18,Egmore Station,13.0732,80.2609,44,18,29.7,69.8,25.6,Bike
2026-01-24,18,Tambaram Station,12.9249,80.1,24,2,31.5,94.8,30.7,Bike
2026-01-24,18,Porur Station,13.038,80.1565,30,3,17.9,89.0,32.3,Bike
2026-01-24,18,OMR Station,12.9352,80.23,38,14,24.0,76.4,27.9,Car
2026-01-24,19,Central Station,13.0827,80.2707,48,1,24.6,91.9,29.0,Bike
2026-01-24,19,Guindy Station,13.0067,80.2206,7,9,23.6,37.2,26.4,Bike
2026-01-24,19,T Nagar Station,13.0418,80.2341,27,3,28.2,87.4,30.9,Bike
2026-01-24,19,Adyar Station,13.0012,80.2565,22,16,23.0,55.0,33.9,Bike
2026-01-24,19,Velachery Station,12.9815,80.218,37,14,15.9,83.8,25.6,Bike
2026-01-24,19,Anna Nagar Station,13.085,80.2101,38,12,25.0,73.7,31.5,Bike
2026-01-24,19,Egmore Station,13.0732,80.2609,32,24,21.8,50.7,29.4,Bike
2026-01-24,19,Tambaram Station,12.9249,80.1,45,19,12.8,67.5,29.6,Bike
2026-01-24,19,Porur Station,13.038,80.1565,26,21,22.7,57.7,34.2,Bike
2026-01-24,19,OMR Station,12.9352,80.23,46,16,21.2,76.5,31.8,Car
2026-01-24,20,Central Station,13.0827,80.2707,13,5,16.4,69.0,29.7,Bike
2026-01-24,20,Guindy Station,13.0067,80.2206,13,21,46.1,51.1,22.7,Bike
2026-01-24,20,T Nagar Station,13.0418,80.2341,23,14,26.6,58.3,28.1,Bike
2026-01-24,20,Adyar Station,13.0012,80.2565,30,7,19.4,89.0,25.9,Car
2026-01-24,20,Velachery Station,12.9815,80.218,18,19,8.0,57.9,27.0,Bike
2026-01-24,20,Anna Nagar Station,13.085,80.2101,12,30,24.2,26.6,23.7,Bike
2026-01-24,20,Egmore Station,13.0732,80.2609,23,9,28.9,78.0,26.5,Bike
2026-01-24,20,Tambaram Station,12.9249,80.1,37,2,22.4,88.7,30.2,Bike
2026-01-24,20,Porur Station,13.038,80.1565,11,13,14.1,51.9,28.4,Bike
2026-01-24,20,OMR Station,12.9352,80.23,13,8,20.7,58.4,26.3,Car
2026-01-24,21,Central Station,13.0827,80.2707,7,31,20.6,11.5,27.6,Bike
2026-01-24,21,Guindy Station,13.0067,80.2206,10,21,16.8,32.4,27.9,Bike
2026-01-24,21,T Nagar Station,13.0418,80.2341,21,25,21.1,47.9,28.7,Bike
2026-01-24,21,Adyar Station,13.0012,80.2565,4,31,31.1,10.0,26.1,Bike
2026-01-24,21,Velachery Station,12.9815,80.218,12,13,27.3,49.1,28.1,Bike
2026-01-24,21,Anna Nagar Station,13.085,80.2101,20,23,34.0,50.4,29.8,Bike
2026-01-24,21,Egmore Station,13.0732,80.2609,8,11,8.0,51.8,30.4,Bike
2026-01-24,21,Tambaram Station,12.9249,80.1,17,25,16.0,41.7,29.5,Bike
2026-01-24,21,Porur Station,13.038,80.1565,14,9,18.6,56.6,31.2,Bike
2026-01-24,21,OMR Station,12.9352,80.23,4,10,27.3,36.3,30.6,Bike
2026-01-24,22,Central Station,13.0827,80.2707,13,24,32.1,29.5,23.4,Car
2026-01-24,22,Guindy Station,13.0067,80.2206,17,3,19.5,76.6,29.4,Car
2026-01-24,22,T Nagar Station,13.0418,80.2341,12,21,22.1,33.9,31.2,Car
2026-01-24,22,Adyar Station,13.0012,80.2565,22,6,25.5,83.3,34.0,Car
2026-01-24,22,Velachery Station,12.9815,80.218,14,26,38.8,37.6,25.3,Bike
2026-01-24,22,Anna Nagar Station,13.085,80.2101,17,26,21.9,41.3,26.8,Car
2026-01-24,22,Egmore Station,13.0732,80.2609,18,17,27.0,50.0,28.9,Bike
2026-01-24,22,Tambaram Station,12.9249,80.1,19,23,25.6,48.5,32.4,Bike
2026-01-24,22,Porur Station,13.038,80.1565,17,13,23.9,55.5,30.4,Car
2026-01-24,22,OMR Station,12.9352,80.23,13,15,17.7,41.0,27.5,Car
2026-01-25,6,Central Station,13.0827,80.2707,13,24,30.6,43.6,33.0,Car
2026-01-25,6,Guindy Station,13.0067,80.2206,1,25,25.3,10.0,25.5,Bike
2026-01-25,6,T Nagar Station,13.0418,80.2341,14,25,33.3,34.7,28.8,Bike
2026-01-25,6,Adyar Station,13.0012,80.2565,16,20,37.0,43.3,27.0,Car
2026-01-25,6,Velachery Station,12.9815,80.218,13,23,37.9,35.7,26.2,Car
2026-01-25,6,Anna Nagar Station,13.085,80.2101,4,15,24.0,20.8,29.6,Car
2026-01-25,6,Egmore Station,13.0732,80.2609,27,8,15.8,75.3,34.2,Bike
2026-01-25,6,Tambaram Station,12.9249,80.1,8,25,13.3,13.9,26.6,Bike
2026-01-25,6,Porur Station,13.038,80.1565,11,27,17.1,26.3,30.8,Bike
2026-01-25,6,OMR Station,12.9352,80.23,8,22,22.0,15.9,30.2,Bike
2026-01-25,7,Central Station,13.0827,80.2707,21,8,18.4,70.9,31.8,Car
2026-01-25,7,Guindy Station,13.0067,80.2206,33,21,19.9,63.6,27.7,Bike
2026-01-25,7,T Nagar Station,13.0418,80.2341,21,25,23.8,56.0,27.2,Bike
2026-01-25,7,Adyar Station,13.0012,80.2565,17,4,33.2,85.8,28.0,Bike
2026-01-25,7,Velachery Station,12.9815,80.218,36,10,28.8,77.5,33.6,Bike
2026-01-25,7,Anna Nagar Station,13.085,80.2101,19,4,23.8,83.0,28.9,Bike
2026-01-25,7,Egmore Station,13.0732,80.2609,30,5,17.5,87.7,25.6,Bike
2026-01-25,7,Tambaram Station,12.9249,80.1,15,7,21.0,72.2,32.4,Bike
2026-01-25,7,Porur Station,13.038,80.1565,34,5,30.1,90.1,32.1,Bike
2026-01-25,7,OMR Station,12.9352,80.23,32,13,39.1,70.9,31.8,Bike
2026-01-25,8,Central Station,13.0827,80.2707,34,8,33.9,78.7,27.8,Bike
2026-01-25,8,Guindy Station,13.0067,80.2206,20,5,23.9,77.4,32.3,Bike
2026-01-25,8,T Nagar Station,13.0418,80.2341,30,2,23.8,90.8,29.0,Bike
2026-01-25,8,Adyar Station,13.0012,80.2565,31,1,27.5,92.3,27.3,Car
2026-01-25,8,Velachery Station,12.9815,80.218,32,26,11.8,56.9,25.6,Bike
2026-01-25,8,Anna Nagar Station,13.085,80.2101,29,10,29.3,65.0,31.1,Car
2026-01-25,8,Egmore Station,13.0732,80.2609,29,7,35.5,82.0,26.8,Bike
2026-01-25,8,Tambaram Station,12.9249,80.1,26,17,20.7,66.8,30.5,Bike
2026-01-25,8,Porur Station,13.038,80.1565,29,21,13.7,57.1,27.4,Bike
2026-01-25,8,OMR Station,12.9352,80.23,24,24,18.5,41.4,33.1,Bike
2026-01-25,9,Central Station,13.0827,80.2707,25,11,26.6,75.8,29.8,Bike
2026-01-25,9,Guindy Station,13.0067,80.2206,31,14,22.2,63.1,33.2,Car
2026-01-25,9,T Nagar Station,13.0418,80.2341,29,11,14.0,74.5,29.0,Bike
2026-01-25,9,Adyar Station,13.0012,80.2565,30,10,27.6,75.0,35.4,Bike
2026-01-25,9,Velachery Station,12.9815,80.218,34,12,27.0,68.4,28.4,Bike
2026-01-25,9,Anna Nagar Station,13.085,80.2101,47,7,17.9,91.9,30.7,Car
2026-01-25,9,Egmore Station,13.0732,80.2609,17,26,26.4,41.1,29.4,Bike
2026-01-25,9,Tambaram Station,12.9249,80.1,41,4,13.9,97.6,31.1,Bike
2026-01-25,9,Porur Station,13.038,80.1565,47,1,14.0,100.0,31.9,Bike
2026-01-25,9,OMR Station,12.9352,80.23,10,16,25.9,39.9,29.6,Car
2026-01-25,10,Central Station,13.0827,80.2707,23,24,30.1,46.3,32.1,Bike
2026-01-25,10,Guindy Station,13.0067,80.2206,36,2,16.3,94.2,28.5,Bike
2026-01-25,10,T Nagar Station,13.0418,80.2341,24,4,25.9,94.0,25.8,Car
2026-01-25,10,Adyar Station,13.0012,80.2565,14,10,19.8,51.9,29.4,Bike
2026-01-25,10,Velachery Station,12.9815,80.218,19,24,24.2,38.5,29.9,Bike
2026-01-25,10,Anna Nagar Station,13.085,80.2101,7,32,20.0,25.1,27.3,Car
2026-01-25,10,Egmore Station,13.0732,80.2609,24,5,33.4,85.4,30.4,Bike
2026-01-25,10,Tambaram Station,12.9249,80.1,40,2,21.6,95.2,25.8,Bike
2026-01-25,10,Porur Station,13.038,80.1565,15,5,27.7,79.8,28.6,Bike
2026-01-25,10,OMR Station,12.9352,80.23,29,23,25.9,45.9,31.4,Car
2026-01-25,11,Central Station,13.0827,80.2707,11,15,16.2,34.1,32.1,Car
2026-01-25,11,Guindy Station,13.0067,80.2206,18,25,28.7,45.5,27.7,Bike
2026-01-25,11,T Nagar Station,13.0418,80.2341,3,8,30.0,24.8,30.3,Bike
2026-01-25,11,Adyar Station,13.0012,80.2565,14,14,19.6,45.1,30.1,Bike
2026-01-25,11,Velachery Station,12.9815,80.218,12,12,17.3,49.2,34.1,Bike
2026-01-25,11,Anna Nagar Station,13.085,80.2101,8,15,23.6,32.3,27.6,Bike
2026-01-25,11,Egmore Station,13.0732,80.2609,23,17,20.6,51.7,32.9,Bike
2026-01-25,11,Tambaram Station,12.9249,80.1,11,20,14.4,41.3,32.0,Bike
2026-01-25,11,Porur Station,13.038,80.1565,5,12,15.9,32.1,29.5,Bike
2026-01-25,11,OMR Station,12.9352,80.23,15,15,19.2,50.3,34.6,Bike
2026-01-25,12,Central Station,13.0827,80.2707,17,7,9.5,72.2,30.6,Bike
2026-01-25,12,Guindy Station,13.0067,80.2206,19,22,25.7,46.0,29.1,Bike
2026-01-25,12,T Nagar Station,13.0418,80.2341,8,30,18.0,31.8,32.2,Car
2026-01-25,12,Adyar Station,13.0012,80.2565,15,29,15.3,26.4,26.5,Car
2026-01-25,12,Velachery Station,12.9815,80.218,13,22,18.4,40.9,31.9,Bike
2026-01-25,12,Anna Nagar Station,13.085,80.2101,6,23,32.9,18.1,33.2,Bike
2026-01-25,12,Egmore Station,13.0732,80.2609,6,26,24.9,15.9,32.0,Bike
2026-01-25,12,Tambaram Station,12.9249,80.1,14,30,24.1,24.8,30.6,Car
2026-01-25,12,Porur Station,13.038,80.1565,13,8,27.6,64.7,30.1,Bike
2026-01-25,12,OMR Station,12.9352,80.23,12,19,28.3,43.9,32.9,Bike
2026-01-25,13,Central Station,13.0827,80.2707,10,14,21.3,36.9,28.3,Bike
2026-01-25,13,Guindy Station,13.0067,80.2206,15,15,26.4,50.9,28.7,Bike
2026-01-25,13,T Nagar Station,13.0418,80.2341,16,19,29.3,44.3,29.0,Bike
2026-01-25,13,Adyar Station,13.0012,80.2565,11,22,31.1,37.6,29.0,Bike
2026-01-25,13,Velachery Station,12.9815,80.218,13,8,14.0,60.4,33.8,Bike
2026-01-25,13,Anna Nagar Station,13.085,80.2101,6,12,14.9,35.2,28.8,Bike
2026-01-25,13,Egmore Station,13.0732,80.2609,15,29,9.4,30.4,26.0,Bike
2026-01-25,13,Tambaram Station,12.9249,80.1,24,26,37.5,54.5,25.2,Car
2026-01-25,13,Porur Station,13.038,80.1565,15,30,19.4,24.2,31.9,Bike
2026-01-25,13,OMR Station,12.9352,80.23,17,20,29.6,45.5,26.4,Bike
2026-01-25,14,Central Station,13.0827,80.2707,13,10,17.5,59.6,28.8,Car
2026-01-25,14,Guindy Station,13.0067,80.2206,26,20,33.3,55.2,26.9,Bike
2026-01-25,14,T Nagar Station,13.0418,80.2341,17,8,15.8,61.4,28.8,Bike
2026-01-25,14,Adyar Station,13.0012,80.2565,15,17,19.8,44.9,32.8,Bike
2026-01-25,14,Velachery Station,12.9815,80.218,24,22,26.9,53.1,25.4,Car
2026-01-25,14,Anna Nagar Station,13.085,80.2101,1,22,32.1,10.0,30.2,Bike
2026-01-25,14,Egmore Station,13.0732,80.2609,10,21,10.2,33.0,26.2,Bike
2026-01-25,14,Tambaram Station,12.9249,80.1,17,12,13.4,64.0,25.6,Bike
2026-01-25,14,Porur Station,13.038,80.1565,13,13,30.1,43.9,27.5,Bike
2026-01-25,14,OMR Station,12.9352,80.23,4,14,28.0,19.6,33.7,Car
2026-01-25,15,Central Station,13.0827,80.2707,9,17,22.4,25.7,29.7,Car
2026-01-25,15,Guindy Station,13.0067,80.2206,14,18,32.1,49.7,34.3,Bike
2026-01-25,15,T Nagar Station,13.0418,80.2341,12,7,22.7,65.7,29.2,Bike
2026-01-25,15,Adyar Station,13.0012,80.2565,9,18,35.7,43.0,31.0,Bike
2026-01-25,15,Velachery Station,12.9815,80.218,19,3,21.2,82.4,28.6,Bike
2026-01-25,15,Anna Nagar Station,13.085,80.2101,1,18,18.2,10.0,29.2,Bike
2026-01-25,15,Egmore Station,13.0732,80.2609,20,19,32.4,55.2,27.9,Bike
2026-01-25,15,Tambaram Station,12.9249,80.1,11,16,26.3,35.7,33.9,Bike
2026-01-25,15,Porur Station,13.038,80.1565,15,14,31.2,55.6,32.2,Bike
2026-01-25,15,OMR Station,12.9352,80.23,11,5,27.7,66.1,33.7,Car
2026-01-25,16,Central Station,13.0827,80.2707,11,22,26.2,30.5,25.7,Bike
2026-01-25,16,Guindy Station,13.0067,80.2206,19,25,27.9,42.4,34.6,Bike
2026-01-25,16,T Nagar Station,13.0418,80.2341,15,14,28.2,49.0,30.9,Bike
2026-01-25,16,Adyar Station,13.0012,80.2565,11,5,30.5,68.0,27.7,Bike
2026-01-25,16,Velachery Station,12.9815,80.218,17,28,33.0,36.1,26.1,Car
2026-01-25,16,Anna Nagar Station,13.085,80.2101,13,12,13.0,56.3,34.3,Bike
2026-01-25,16,Egmore Station,13.0732,80.2609,18,16,37.0,47.8,25.7,Bike
2026-01-25,16,Tambaram Station,12.9249,80.1,17,12,33.3,65.0,32.3,Bike
2026-01-25,16,Porur Station,13.038,80.1565,16,27,26.7,42.9,22.4,Bike
2026-01-25,16,OMR Station,12.9352,80.23,7,23,20.3,29.6,32.7,Bike
2026-01-25,17,Central Station,13.0827,80.2707,35,20,15.1,55.6,28.5,Bike
2026-01-25,17,Guindy Station,13.0067,80.2206,16,23,12.0,43.5,28.2,Car
2026-01-25,17,T Nagar Station,13.0418,80.2341,28,5,31.4,83.7,30.2,Bike
2026-01-25,17,Adyar Station,13.0012,80.2565,23,28,30.1,43.8,32.9,Bike
2026-01-25,17,Velachery Station,12.9815,80.218,18,18,20.2,48.8,27.0,Bike
2026-01-25,17,Anna Nagar Station,13.085,80.2101,23,22,30.7,48.5,33.1,Bike
2026-01-25,17,Egmore Station,13.0732,80.2609,34,11,18.8,81.8,29.4,Car
2026-01-25,17,Tambaram Station,12.9249,80.1,21,3,28.7,91.5,33.5,Bike
2026-01-25,17,Porur Station,13.038,80.1565,24,11,31.4,69.8,32.8,Bike
2026-01-25,17,OMR Station,12.9352,80.23,21,21,12.5,44.1,29.9,Car
2026-01-25,18,Central Station,13.0827,80.2707,51,17,23.9,73.9,30.9,Car
2026-01-25,18,Guindy Station,13.0067,80.2206,15,25,20.4,42.6,31.1,Bike
2026-01-25,18,T Nagar Station,13.0418,80.2341,40,20,24.4,62.1,31.2,Bike
2026-01-25,18,Adyar Station,13.0012,80.2565,40,14,22.9,75.0,29.1,Bike
2026-01-25,18,Velachery Station,12.9815,80.218,33,4,21.1,89.7,36.3,Car
2026-01-25,18,Anna Nagar Station,13.085,80.2101,43,16,18.4,71.4,27.7,Car
2026-01-25,18,Egmore Station,13.0732,80.2609,36,9,27.4,78.6,26.5,Car
2026-01-25,18,Tambaram Station,12.9249,80.1,44,15,27.8,76.6,26.9,Car
2026-01-25,18,Porur Station,13.038,80.1565,13,29,33.3,33.3,29.1,Bike
2026-01-25,18,OMR Station,12.9352,80.23,42,0,23.9,100.0,27.0,Car
2026-01-25,19,Central Station,13.0827,80.2707,44,8,14.5,89.9,29.9,Bike
2026-01-25,19,Guindy Station,13.0067,80.2206,34,11,22.5,69.0,28.9,Bike
2026-01-25,19,T Nagar Station,13.0418,80.2341,45,21,24.5,63.1,25.3,Bike
2026-01-25,19,Adyar Station,13.0012,80.2565,27,27,10.9,50.7,29.7,Bike
2026-01-25,19,Velachery Station,12.9815,80.218,24,7,35.3,77.9,29.7,Bike
2026-01-25,19,Anna Nagar Station,13.085,80.2101,30,0,24.3,98.2,29.1,Bike
2026-01-25,19,Egmore Station,13.0732,80.2609,27,13,21.5,67.8,32.3,Car
2026-01-25,19,Tambaram Station,12.9249,80.1,26,15,20.6,53.4,28.9,Bike
2026-01-25,19,Porur Station,13.038,80.1565,33,2,18.8,91.6,26.4,Bike
2026-01-25,19,OMR Station,12.9352,80.23,26,22,26.0,56.7,29.9,Bike
2026-01-25,20,Central Station,13.0827,80.2707,14,9,25.9,55.3,25.0,Bike
2026-01-25,20,Guindy Station,13.0067,80.2206,34,5,26.7,88.3,28.7,Bike
2026-01-25,20,T Nagar Station,13.0418,80.2341,29,19,22.4,59.8,30.7,Bike
2026-01-25,20,Adyar Station,13.0012,80.2565,29,26,29.5,53.3,27.7,Bike
2026-01-25,20,Velachery Station,12.9815,80.218,26,14,31.9,63.0,29.4,Car
2026-01-25,20,Anna Nagar Station,13.085,80.2101,44,2,16.4,100.0,33.8,Bike
2026-01-25,20,Egmore Station,13.0732,80.2609,17,24,31.5,45.4,24.4,Car
2026-01-25,20,Tambaram Station,12.9249,80.1,42,19,30.7,75.9,30.4,Bike
2026-01-25,20,Porur Station,13.038,80.1565,19,13,8.2,58.3,30.3,Car
2026-01-25,20,OMR Station,12.9352,80.23,31,25,27.4,60.1,24.8,Bike
2026-01-25,21,Central Station,13.0827,80.2707,19,14,23.5,55.3,27.6,Bike
2026-01-25,21,Guindy Station,13.0067,80.2206,22,16,20.9,57.0,28.7,Bike
2026-01-25,21,T Nagar Station,13.0418,80.2341,8,18,23.5,37.7,29.9,Bike
2026-01-25,21,Adyar Station,13.0012,80.2565,18,23,28.7,49.1,30.2,Bike
2026-01-25,21,Velachery Station,12.9815,80.218,16,22,24.1,43.4,30.4,Bike
2026-01-25,21,Anna Nagar Station,13.085,80.2101,9,18,31.3,30.5,28.7,Bike
2026-01-25,21,Egmore Station,13.0732,80.2609,14,6,29.8,66.3,30.9,Bike
2026-01-25,21,Tambaram Station,12.9249,80.1,10,21,28.3,32.1,28.1,Bike
2026-01-25,21,Porur Station,13.038,80.1565,10,19,13.3,44.8,31.5,Car
2026-01-25,21,OMR Station,12.9352,80.23,15,28,9.5,43.4,26.1,Bike
2026-01-25,22,Central Station,13.0827,80.2707,7,27,26.1,22.5,27.1,Car
2026-01-25,22,Guindy Station,13.0067,80.2206,12,26,22.3,28.1,28.0,Bike
2026-01-25,22,T Nagar Station,13.0418,80.2341,18,29,32.2,32.4,29.7,Bike
2026-01-25,22,Adyar Station,13.0012,80.2565,12,14,28.9,48.0,30.2,Bike
2026-01-25,22,Velachery Station,12.9815,80.218,4,21,18.7,13.8,29.5,Car
2026-01-25,22,Anna Nagar Station,13.085,80.2101,1,18,26.0,10.0,27.0,Bike
2026-01-25,22,Egmore Station,13.0732,80.2609,16,7,27.5,73.2,26.3,Bike
2026-01-25,22,Tambaram Station,12.9249,80.1,20,29,21.3,37.0,30.3,Bike
2026-01-25,22,Porur Station,13.038,80.1565,19,16,18.0,52.5,30.6,Bike
2026-01-25,22,OMR Station,12.9352,80.23,7,9,28.2,32.5,27.2,Bike
2026-01-26,6,Central Station,13.0827,80.2707,5,8,29.7,45.9,31.8,Bike
2026-01-26,6,Guindy Station,13.0067,80.2206,6,18,26.2,27.0,27.7,Bike
2026-01-26,6,T Nagar Station,13.0418,80.2341,6,18,22.1,28.1,28.2,Bike
2026-01-26,6,Adyar Station,13.0012,80.2565,10,10,22.2,50.0,26.6,Car
2026-01-26,6,Velachery Station,12.9815,80.218,8,28,33.4,21.5,33.6,Car
2026-01-26,6,Anna Nagar Station,13.085,80.2101,10,7,31.9,58.7,29.2,Bike
2026-01-26,6,Egmore Station,13.0732,80.2609,23,3,8.0,84.8,34.4,Bike
2026-01-26,6,Tambaram Station,12.9249,80.1,17,29,29.0,39.1,28.8,Bike
2026-01-26,6,Porur Station,13.038,80.1565,16,9,17.2,69.1,32.2,Car
2026-01-26,6,OMR Station,12.9352,80.23,22,11,31.1,72.1,22.8,Bike
2026-01-26,7,Central Station,13.0827,80.2707,23,18,22.8,51.0,31.9,Bike
2026-01-26,7,Guindy Station,13.0067,80.2206,32,12,32.4,74.1,34.9,Bike
2026-01-26,7,T Nagar Station,13.0418,80.2341,40,22,24.9,64.0,32.7,Bike
2026-01-26,7,Adyar Station,13.0012,80.2565,10,27,19.8,23.9,28.6,Bike
2026-01-26,7,Velachery Station,12.9815,80.218,22,26,31.1,56.1,29.3,Bike
2026-01-26,7,Anna Nagar Station,13.085,80.2101,26,22,20.2,50.2,31.1,Bike
2026-01-26,7,Egmore Station,13.0732,80.2609,18,11,31.4,58.7,32.4,Bike
2026-01-26,7,Tambaram Station,12.9249,80.1,27,25,10.0,42.3,28.9,Bike
2026-01-26,7,Porur Station,13.038,80.1565,8,14,26.0,31.8,24.7,Bike
2026-01-26,7,OMR Station,12.9352,80.23,30,8,22.4,77.2,27.6,Bike
2026-01-26,8,Central Station,13.0827,80.2707,46,0,28.5,99.1,27.0,Car
2026-01-26,8,Guindy Station,13.0067,80.2206,40,0,11.4,91.0,32.1,Bike
2026-01-26,8,T Nagar Station,13.0418,80.2341,29,8,44.2,85.0,29.3,Car
2026-01-26,8,Adyar Station,13.0012,80.2565,20,27,19.9,44.8,26.1,Bike
2026-01-26,8,Velachery Station,12.9815,80.218,49,17,29.4,68.5,26.7,Bike
2026-01-26,8,Anna Nagar Station,13.085,80.2101,19,6,15.5,71.8,27.9,Bike
2026-01-26,8,Egmore Station,13.0732,80.2609,37,11,26.6,73.9,30.6,Bike
2026-01-26,8,Tambaram Station,12.9249,80.1,29,3,27.7,83.3,34.0,Bike
2026-01-26,8,Porur Station,13.038,80.1565,43,0,21.8,98.0,29.3,Bike
2026-01-26,8,OMR Station,12.9352,80.23,47,2,19.0,95.3,27.9,Bike
2026-01-26,9,Central Station,13.0827,80.2707,50,15,31.5,73.9,30.4,Bike
2026-01-26,9,Guindy Station,13.0067,80.2206,14,8,31.2,69.9,25.6,Car
2026-01-26,9,T Nagar Station,13.0418,80.2341,50,19,28.8,69.3,29.1,Bike
2026-01-26,9,Adyar Station,13.0012,80.2565,46,18,27.9,77.0,24.1,Bike
2026-01-26,9,Velachery Station,12.9815,80.218,37,2,14.8,92.0,32.4,Bike
2026-01-26,9,Anna Nagar Station,13.085,80.2101,34,12,20.1,71.0,29.8,Bike
2026-01-26,9,Egmore Station,13.0732,80.2609,29,19,22.5,55.9,32.0,Bike
2026-01-26,9,Tambaram Station,12.9249,80.1,26,25,28.5,50.0,33.1,Bike
2026-01-26,9,Porur Station,13.038,80.1565,50,2,27.8,99.3,33.3,Car
2026-01-26,9,OMR Station,12.9352,80.23,22,21,17.0,43.8,33.1,Bike
2026-01-26,10,Central Station,13.0827,80.2707,20,13,14.6,59.0,28.0,Bike
2026-01-26,10,Guindy Station,13.0067,80.2206,33,16,25.2,76.1,31.1,Car
2026-01-26,10,T Nagar Station,13.0418,80.2341,10,20,24.6,28.3,32.8,Car
2026-01-26,10,Adyar Station,13.0012,80.2565,32,4,31.1,87.2,27.6,Bike
2026-01-26,10,Velachery Station,12.9815,80.218,16,17,41.3,50.6,29.3,Bike
2026-01-26,10,Anna Nagar Station,13.085,80.2101,28,13,11.0,72.5,25.7,Bike
2026-01-26,10,Egmore Station,13.0732,80.2609,23,5,34.9,77.8,34.7,Car
2026-01-26,10,Tambaram Station,12.9249,80.1,24,10,19.0,80.7,29.9,Bike
2026-01-26,10,Porur Station,13.038,80.1565,26,23,27.9,58.3,30.3,Bike
2026-01-26,10,OMR Station,12.9352,80.23,16,23,27.5,42.6,26.6,Bike
2026-01-26,11,Central Station,13.0827,80.2707,24,9,15.5,72.8,28.8,Bike
2026-01-26,11,Guindy Station,13.0067,80.2206,10,25,22.5,26.6,25.3,Bike
2026-01-26,11,T Nagar Station,13.0418,80.2341,10,19,11.6,40.5,29.6,Bike
2026-01-26,11,Adyar Station,13.0012,80.2565,21,25,28.0,46.8,30.9,Bike
2026-01-26,11,Velachery Station,12.9815,80.218,10,22,32.9,33.2,36.0,Bike
2026-01-26,11,Anna Nagar Station,13.085,80.2101,3,30,22.2,10.0,29.2,Bike
2026-01-26,11,Egmore Station,13.0732,80.2609,18,8,8.0,66.1,31.6,Bike
2026-01-26,11,Tambaram Station,12.9249,80.1,8,21,19.5,19.6,23.9,Bike
2026-01-26,11,Porur Station,13.038,80.1565,17,5,31.7,71.6,30.7,Bike
2026-01-26,11,OMR Station,12.9352,80.23,8,12,41.3,39.6,30.2,Bike
2026-01-26,12,Central Station,13.0827,80.2707,22,16,18.1,54.7,31.3,Bike
2026-01-26,12,Guindy Station,13.0067,80.2206,14,16,16.5,46.3,30.7,Bike
2026-01-26,12,T Nagar Station,13.0418,80.2341,1,24,19.8,10.0,34.2,Bike
2026-01-26,12,Adyar Station,13.0012,80.2565,3,21,24.0,15.1,30.1,Bike
2026-01-26,12,Velachery Station,12.9815,80.218,6,10,8.0,31.8,34.2,Car
2026-01-26,12,Anna Nagar Station,13.085,80.2101,10,18,17.2,33.1,25.6,Bike
2026-01-26,12,Egmore Station,13.0732,80.2609,23,9,23.5,78.8,28.9,Bike
2026-01-26,12,Tambaram Station,12.9249,80.1,5,15,14.6,30.5,29.1,Bike
2026-01-26,12,Porur Station,13.038,80.1565,22,21,15.6,48.5,30.3,Car
2026-01-26,12,OMR Station,12.9352,80.23,16,13,20.8,55.5,37.0,Bike
2026-01-26,13,Central Station,13.0827,80.2707,13,29,28.6,23.0,25.5,Bike
2026-01-26,13,Guindy Station,13.0067,80.2206,9,21,24.7,29.1,28.8,Bike
2026-01-26,13,T Nagar Station,13.0418,80.2341,5,11,9.3,33.7,26.6,Car
2026-01-26,13,Adyar Station,13.0012,80.2565,12,23,16.6,37.0,26.8,Car
2026-01-26,13,Velachery Station,12.9815,80.218,4,26,27.0,10.0,34.3,Bike
2026-01-26,13,Anna Nagar Station,13.085,80.2101,10,19,23.6,36.4,28.4,Bike
2026-01-26,13,Egmore Station,13.0732,80.2609,11,17,19.2,35.9,27.5,Bike
2026-01-26,13,Tambaram Station,12.9249,80.1,13,12,22.3,46.5,28.1,Bike
2026-01-26,13,Porur Station,13.038,80.1565,10,11,24.5,52.4,32.1,Bike
2026-01-26,13,OMR Station,12.9352,80.23,22,10,30.5,71.7,30.4,Bike
2026-01-26,14,Central Station,13.0827,80.2707,7,12,17.5,34.1,26.7,Bike
2026-01-26,14,Guindy Station,13.0067,80.2206,11,18,13.5,34.2,28.3,Bike
2026-01-26,14,T Nagar Station,13.0418,80.2341,16,10,17.4,60.1,30.4,Bike
2026-01-26,14,Adyar Station,13.0012,80.2565,19,24,20.8,45.7,32.8,Car
2026-01-26,14,Velachery Station,12.9815,80.218,9,11,30.5,37.7,29.0,Car
2026-01-26,14,Anna Nagar Station,13.085,80.2101,12,12,20.4,48.8,35.4,Bike
2026-01-26,14,Egmore Station,13.0732,80.2609,16,9,25.5,60.6,31.0,Bike
2026-01-26,14,Tambaram Station,12.9249,80.1,4,12,27.2,16.0,32.4,Car
2026-01-26,14,Porur Station,13.038,80.1565,7,11,18.6,33.0,34.5,Car
2026-01-26,14,OMR Station,12.9352,80.23,13,23,30.1,34.7,29.1,Bike
2026-01-26,15,Central Station,13.0827,80.2707,2,23,18.4,10.0,29.6,Bike
2026-01-26,15,Guindy Station,13.0067,80.2206,17,14,17.5,57.4,31.7,Bike
2026-01-26,15,T Nagar Station,13.0418,80.2341,11,11,37.4,51.8,28.6,Bike
2026-01-26,15,Adyar Station,13.0012,80.2565,16,11,28.0,53.4,31.9,Car
2026-01-26,15,Velachery Station,12.9815,80.218,15,20,30.9,43.1,30.1,Bike
2026-01-26,15,Anna Nagar Station,13.085,80.2101,10,25,16.3,17.2,33.1,Car
2026-01-26,15,Egmore Station,13.0732,80.2609,6,7,16.8,41.8,31.6,Bike
2026-01-26,15,Tambaram Station,12.9249,80.1,11,11,20.5,52.0,27.2,Bike
2026-01-26,15,Porur Station,13.038,80.1565,14,15,20.4,58.3,29.9,Bike
2026-01-26,15,OMR Station,12.9352,80.23,21,8,13.1,69.5,30.2,Bike
2026-01-26,16,Central Station,13.0827,80.2707,15,11,20.9,61.0,27.8,Bike
2026-01-26,16,Guindy Station,13.0067,80.2206,4,25,35.5,13.0,30.7,Bike
2026-01-26,16,T Nagar Station,13.0418,80.2341,14,30,27.0,32.2,28.2,Bike
2026-01-26,16,Adyar Station,13.0012,80.2565,24,23,23.3,48.7,29.7,Bike
2026-01-26,16,Velachery Station,12.9815,80.218,12,30,19.3,27.0,31.8,Bike
2026-01-26,16,Anna Nagar Station,13.085,80.2101,7,19,37.0,23.3,31.1,Bike
2026-01-26,16,Egmore Station,13.0732,80.2609,16,6,46.5,75.9,28.2,Bike
2026-01-26,16,Tambaram Station,12.9249,80.1,9,19,21.6,26.4,32.3,Bike
2026-01-26,16,Porur Station,13.038,80.1565,8,9,21.2,35.9,29.9,Bike
2026-01-26,16,OMR Station,12.9352,80.23,11,8,22.2,48.3,30.2,Bike
2026-01-26,17,Central Station,13.0827,80.2707,5,14,23.6,32.1,31.3,Bike
2026-01-26,17,Guindy Station,13.0067,80.2206,25,24,22.1,47.1,26.3,Bike
2026-01-26,17,T Nagar Station,13.0418,80.2341,14,21,31.2,39.6,26.9,Car
2026-01-26,17,Adyar Station,13.0012,80.2565,11,7,25.8,57.9,30.4,Bike
2026-01-26,17,Velachery Station,12.9815,80.218,31,14,30.4,74.2,28.6,Bike
2026-01-26,17,Anna Nagar Station,13.085,80.2101,17,13,15.5,52.3,29.0,Bike
2026-01-26,17,Egmore Station,13.0732,80.2609,10,15,22.6,38.4,27.8,Bike
2026-01-26,17,Tambaram Station,12.9249,80.1,11,14,22.8,46.0,31.1,Bike
2026-01-26,17,Porur Station,13.038,80.1565,36,14,8.0,56.5,28.1,Bike
2026-01-26,17,OMR Station,12.9352,80.23,25,18,25.2,55.2,32.7,Bike
2026-01-26,18,Central Station,13.0827,80.2707,43,22,21.6,65.7,25.5,Car
2026-01-26,18,Guindy Station,13.0067,80.2206,20,4,26.6,81.4,25.9,Car
2026-01-26,18,T Nagar Station,13.0418,80.2341,45,17,22.7,68.5,30.7,Bike
2026-01-26,18,Adyar Station,13.0012,80.2565,24,24,30.6,53.8,28.6,Bike
2026-01-26,18,Velachery Station,12.9815,80.218,44,0,24.0,97.6,27.8,Bike
2026-01-26,18,Anna Nagar Station,13.085,80.2101,26,25,11.4,51.3,28.4,Bike
2026-01-26,18,Egmore Station,13.0732,80.2609,39,0,30.6,100.0,33.0,Bike
2026-01-26,18,Tambaram Station,12.9249,80.1,35,23,17.6,72.3,26.9,Car
2026-01-26,18,Porur Station,13.038,80.1565,45,18,24.6,70.2,31.6,Bike
2026-01-26,18,OMR Station,12.9352,80.23,26,5,25.0,92.4,32.3,Bike
2026-01-26,19,Central Station,13.0827,80.2707,32,7,13.8,82.6,26.7,Bike
2026-01-26,19,Guindy Station,13.0067,80.2206,44,21,21.3,70.3,30.0,Bike
2026-01-26,19,T Nagar Station,13.0418,80.2341,44,12,18.7,79.3,32.5,Bike
2026-01-26,19,Adyar Station,13.0012,80.2565,45,13,32.5,77.9,31.2,Bike
2026-01-26,19,Velachery Station,12.9815,80.218,39,6,21.4,86.5,36.5,Bike
2026-01-26,19,Anna Nagar Station,13.085,80.2101,28,13,34.1,70.6,31.1,Car
2026-01-26,19,Egmore Station,13.0732,80.2609,28,7,15.0,81.0,27.4,Bike
2026-01-26,19,Tambaram Station,12.9249,80.1,13,15,34.6,38.2,26.5,Car
2026-01-26,19,Porur Station,13.038,80.1565,10,7,44.7,56.5,30.1,Bike
2026-01-26,19,OMR Station,12.9352,80.23,37,8,19.2,80.5,28.0,Bike
2026-01-26,20,Central Station,13.0827,80.2707,19,24,30.0,46.3,24.4,Bike
2026-01-26,20,Guindy Station,13.0067,80.2206,26,12,13.0,62.1,29.6,Car
2026-01-26,20,T Nagar Station,13.0418,80.2341,15,28,29.6,42.1,26.0,Bike
2026-01-26,20,Adyar Station,13.0012,80.2565,22,21,25.6,42.8,29.6,Bike
2026-01-26,20,Velachery Station,12.9815,80.218,12,5,11.1,66.7,30.1,Bike
2026-01-26,20,Anna Nagar Station,13.085,80.2101,30,0,26.4,100.0,32.5,Bike
2026-01-26,20,Egmore Station,13.0732,80.2609,11,5,21.8,69.2,31.8,Bike
2026-01-26,20,Tambaram Station,12.9249,80.1,19,8,15.9,77.6,25.4,Bike
2026-01-26,20,Porur Station,13.038,80.1565,26,21,22.1,58.9,30.3,Bike
2026-01-26,20,OMR Station,12.9352,80.23,13,24,25.0,28.3,24.5,Bike
2026-01-26,21,Central Station,13.0827,80.2707,5,6,8.1,37.6,32.8,Bike
2026-01-26,21,Guindy Station,13.0067,80.2206,13,8,19.8,58.0,23.9,Bike
2026-01-26,21,T Nagar Station,13.0418,80.2341,3,12,21.1,16.4,28.2,Bike
2026-01-26,21,Adyar Station,13.0012,80.2565,20,11,22.2,68.0,29.6,Car
2026-01-26,21,Velachery Station,12.9815,80.218,13,11,8.0,54.9,26.0,Bike
2026-01-26,21,Anna Nagar Station,13.085,80.2101,14,14,26.1,54.2,33.6,Car
2026-01-26,21,Egmore Station,13.0732,80.2609,15,27,32.3,32.0,27.2,Bike
2026-01-26,21,Tambaram Station,12.9249,80.1,22,20,23.5,54.0,25.0,Car
2026-01-26,21,Porur Station,13.038,80.1565,6,8,21.6,33.6,25.6,Bike
2026-01-26,21,OMR Station,12.9352,80.23,18,9,28.0,75.8,30.8,Bike
2026-01-26,22,Central Station,13.0827,80.2707,8,11,8.0,40.2,27.3,Bike
2026-01-26,22,Guindy Station,13.0067,80.2206,16,29,21.4,39.9,30.7,Bike
2026-01-26,22,T Nagar Station,13.0418,80.2341,9,11,33.3,47.4,28.9,Bike
2026-01-26,22,Adyar Station,13.0012,80.2565,7,8,23.9,56.1,27.3,Bike
2026-01-26,22,Velachery Station,12.9815,80.218,7,11,21.8,32.6,33.2,Bike
2026-01-26,22,Anna Nagar Station,13.085,80.2101,8,15,25.1,29.7,29.2,Bike
2026-01-26,22,Egmore Station,13.0732,80.2609,14,14,21.8,39.5,30.9,Bike
2026-01-26,22,Tambaram Station,12.9249,80.1,9,12,32.1,42.3,29.9,Bike
2026-01-26,22,Porur Station,13.038,80.1565,10,24,21.2,33.6,31.2,Bike
2026-01-26,22,OMR Station,12.9352,80.23,23,27,21.4,46.0,31.4,Bike
2026-01-27,6,Central Station,13.0827,80.2707,3,26,23.9,16.8,28.8,Car
2026-01-27,6,Guindy Station,13.0067,80.2206,3,30,14.5,12.8,32.2,Bike
2026-01-27,6,T Nagar Station,13.0418,80.2341,8,10,27.5,47.9,29.9,Car
2026-01-27,6,Adyar Station,13.0012,80.2565,8,13,30.7,32.3,27.1,Bike
2026-01-27,6,Velachery Station,12.9815,80.218,5,22,22.6,24.6,37.3,Bike
2026-01-27,6,Anna Nagar Station,13.085,80.2101,11,13,14.3,48.9,27.2,Bike
2026-01-27,6,Egmore Station,13.0732,80.2609,19,13,11.4,53.2,29.1,Bike
2026-01-27,6,Tambaram Station,12.9249,80.1,15,30,36.8,26.8,27.4,Bike
2026-01-27,6,Porur Station,13.038,80.1565,19,24,14.8,46.8,29.2,Bike
2026-01-27,6,OMR Station,12.9352,80.23,17,4,27.7,84.5,30.2,Bike
2026-01-27,7,Central Station,13.0827,80.2707,26,18,30.3,51.9,31.5,Bike
2026-01-27,7,Guindy Station,13.0067,80.2206,26,19,28.4,51.7,31.2,Bike
2026-01-27,7,T Nagar Station,13.0418,80.2341,24,11,8.0,71.8,28.7,Bike
2026-01-27,7,Adyar Station,13.0012,80.2565,34,12,24.1,77.6,31.9,Bike
2026-01-27,7,Velachery Station,12.9815,80.218,20,27,13.1,43.5,33.1,Bike
2026-01-27,7,Anna Nagar Station,13.085,80.2101,15,6,32.7,70.7,29.3,Car
2026-01-27,7,Egmore Station,13.0732,80.2609,19,25,29.7,41.0,27.1,Bike
2026-01-27,7,Tambaram Station,12.9249,80.1,35,16,18.3,70.6,32.3,Car
2026-01-27,7,Porur Station,13.038,80.1565,17,16,26.4,39.6,28.1,Bike
2026-01-27,7,OMR Station,12.9352,80.23,14,24,24.2,38.6,26.8,Bike
2026-01-27,8,Central Station,13.0827,80.2707,41,10,25.7,80.6,27.5,Bike
2026-01-27,8,Guindy Station,13.0067,80.2206,40,6,21.6,86.0,30.7,Bike
2026-01-27,8,T Nagar Station,13.0418,80.2341,35,19,22.8,69.8,24.8,Car
2026-01-27,8,Adyar Station,13.0012,80.2565,42,8,24.3,83.4,25.6,Car
2026-01-27,8,Velachery Station,12.9815,80.218,30,3,21.6,87.6,28.8,Car
2026-01-27,8,Anna Nagar Station,13.085,80.2101,13,13,17.7,50.8,26.9,Car
2026-01-27,8,Egmore Station,13.0732,80.2609,40,13,26.3,78.4,27.9,Bike
2026-01-27,8,Tambaram Station,12.9249,80.1,53,11,16.6,75.7,30.0,Bike
2026-01-27,8,Porur Station,13.038,80.1565,45,7,37.2,85.6,30.6,Bike
2026-01-27,8,OMR Station,12.9352,80.23,41,12,21.0,83.7,35.8,Car
2026-01-27,9,Central Station,13.0827,80.2707,20,20,30.2,56.8,29.4,Car
2026-01-27,9,Guindy Station,13.0067,80.2206,33,7,34.1,80.3,28.2,Bike
2026-01-27,9,T Nagar Station,13.0418,80.2341,47,6,41.8,85.5,31.3,Bike
2026-01-27,9,Adyar Station,13.0012,80.2565,40,0,17.2,96.1,26.8,Bike
2026-01-27,9,Velachery Station,12.9815,80.218,9,9,16.1,52.8,30.0,Car
2026-01-27,9,Anna Nagar Station,13.085,80.2101,11,10,32.1,57.0,34.1,Bike
2026-01-27,9,Egmore Station,13.0732,80.2609,20,19,26.9,54.0,29.4,Bike
2026-01-27,9,Tambaram Station,12.9249,80.1,44,14,21.0,76.3,26.9,Bike
2026-01-27,9,Porur Station,13.038,80.1565,20,24,25.3,47.0,26.1,Bike
2026-01-27,9,OMR Station,12.9352,80.23,21,3,26.1,91.3,28.9,Bike
2026-01-27,10,Central Station,13.0827,80.2707,21,13,10.6,68.4,30.6,Bike
2026-01-27,10,Guindy Station,13.0067,80.2206,22,16,18.9,60.4,29.3,Bike
2026-01-27,10,T Nagar Station,13.0418,80.2341,20,16,19.6,51.2,26.9,Bike
2026-01-27,10,Adyar Station,13.0012,80.2565,26,4,38.0,93.1,26.5,Bike
2026-01-27,10,Velachery Station,12.9815,80.218,7,9,32.9,46.4,30.0,Bike
2026-01-27,10,Anna Nagar Station,13.085,80.2101,15,11,21.6,59.4,27.7,Bike
2026-01-27,10,Egmore Station,13.0732,80.2609,27,2,24.0,94.1,26.6,Car
2026-01-27,10,Tambaram Station,12.9249,80.1,28,18,27.7,67.5,31.4,Bike
2026-01-27,10,Porur Station,13.038,80.1565,29,17,29.7,66.5,34.5,Bike
2026-01-27,10,OMR Station,12.9352,80.23,25,11,21.7,73.6,32.3,Bike
2026-01-27,11,Central Station,13.0827,80.2707,19,22,20.7,47.4,28.4,Bike
2026-01-27,11,Guindy Station,13.0067,80.2206,6,8,21.9,42.9,29.9,Bike
2026-01-27,11,T Nagar Station,13.0418,80.2341,11,8,17.4,60.6,23.4,Bike
2026-01-27,11,Adyar Station,13.0012,80.2565,16,14,22.7,53.1,27.2,Car
2026-01-27,11,Velachery Station,12.9815,80.218,14,21,16.3,35.9,30.0,Bike
2026-01-27,11,Anna Nagar Station,13.085,80.2101,18,19,22.9,44.4,34.5,Bike
2026-01-27,11,Egmore Station,13.0732,80.2609,4,10,20.8,36.2,34.5,Bike
2026-01-27,11,Tambaram Station,12.9249,80.1,16,7,30.7,71.0,26.6,Car
2026-01-27,11,Porur Station,13.038,80.1565,6,31,23.8,14.5,31.6,Car
2026-01-27,11,OMR Station,12.9352,80.23,11,30,26.5,19.0,31.0,Car
2026-01-27,12,Central Station,13.0827,80.2707,6,27,14.5,18.0,28.6,Bike
2026-01-27,12,Guindy Station,13.0067,80.2206,7,6,16.4,58.9,35.6,Bike
2026-01-27,12,T Nagar Station,13.0418,80.2341,18,24,29.7,36.4,32.6,Car
2026-01-27,12,Adyar Station,13.0012,80.2565,15,20,8.0,46.5,28.5,Bike
2026-01-27,12,Velachery Station,12.9815,80.218,15,24,28.2,36.6,30.3,Bike
2026-01-27,12,Anna Nagar Station,13.085,80.2101,6,25,27.8,17.6,32.5,Car
2026-01-27,12,Egmore Station,13.0732,80.2609,13,15,20.2,47.9,33.7,Car
2026-01-27,12,Tambaram Station,12.9249,80.1,16,17,37.1,46.5,31.2,Car
2026-01-27,12,Porur Station,13.038,80.1565,18,17,20.0,49.4,27.8,Bike
2026-01-27,12,OMR Station,12.9352,80.23,10,28,28.9,23.7,27.3,Bike
2026-01-27,13,Central Station,13.0827,80.2707,12,31,22.0,24.9,31.2,Bike
2026-01-27,13,Guindy Station,13.0067,80.2206,8,16,8.0,39.0,29.7,Bike
2026-01-27,13,T Nagar Station,13.0418,80.2341,5,15,16.7,17.5,26.2,Bike
2026-01-27,13,Adyar Station,13.0012,80.2565,14,7,19.5,66.5,26.2,Car
2026-01-27,13,Velachery Station,12.9815,80.218,4,27,27.2,16.1,33.2,Bike
2026-01-27,13,Anna Nagar Station,13.085,80.2101,6,20,29.8,27.6,32.5,Bike
2026-01-27,13,Egmore Station,13.0732,80.2609,13,19,22.1,35.9,31.3,Car
2026-01-27,13,Tambaram Station,12.9249,80.1,13,16,29.2,46.4,31.5,Bike
2026-01-27,13,Porur Station,13.038,80.1565,18,16,27.0,58.6,35.5,Car
2026-01-27,13,OMR Station,12.9352,80.23,18,29,30.4,39.8,29.1,Bike
2026-01-27,14,Central Station,13.0827,80.2707,1,20,21.0,10.0,31.5,Bike
2026-01-27,14,Guindy Station,13.0067,80.2206,16,21,16.8,35.3,30.4,Bike
2026-01-27,14,T Nagar Station,13.0418,80.2341,8,27,30.8,21.0,26.2,Bike
2026-01-27,14,Adyar Station,13.0012,80.2565,22,16,26.0,52.0,30.1,Bike
2026-01-27,14,Velachery Station,12.9815,80.218,7,16,30.6,29.5,31.1,Bike
2026-01-27,14,Anna Nagar Station,13.085,80.2101,14,11,12.1,56.3,29.8,Bike
2026-01-27,14,Egmore Station,13.0732,80.2609,5,31,25.9,10.0,31.7,Bike
2026-01-27,14,Tambaram Station,12.9249,80.1,7,15,26.0,30.3,30.9,Bike
2026-01-27,14,Porur Station,13.038,80.1565,9,6,28.2,56.3,32.0,Car
2026-01-27,14,OMR Station,12.9352,80.23,11,20,13.0,40.4,27.2,Bike
2026-01-27,15,Central Station,13.0827,80.2707,16,28,26.2,43.3,39.0,Bike
2026-01-27,15,Guindy Station,13.0067,80.2206,16,7,22.3,73.7,28.8,Bike
2026-01-27,15,T Nagar Station,13.0418,80.2341,23,15,19.4,62.9,31.0,Bike
2026-01-27,15,Adyar Station,13.0012,80.2565,14,12,31.6,52.0,26.1,Bike
2026-01-27,15,Velachery Station,12.9815,80.218,12,29,30.6,35.4,31.4,Bike
2026-01-27,15,Anna Nagar Station,13.085,80.2101,11,20,30.5,40.8,32.8,Bike
2026-01-27,15,Egmore Station,13.0732,80.2609,2,12,34.1,14.3,38.9,Bike
2026-01-27,15,Tambaram Station,12.9249,80.1,15,7,30.1,59.0,27.3,Bike
2026-01-27,15,Porur Station,13.038,80.1565,6,28,16.8,23.2,29.4,Car
2026-01-27,15,OMR Station,12.9352,80.23,10,14,22.3,36.7,30.2,Bike
2026-01-27,16,Central Station,13.0827,80.2707,21,8,40.3,71.9,29.1,Car
2026-01-27,16,Guindy Station,13.0067,80.2206,13,24,19.6,25.4,30.1,Bike
2026-01-27,16,T Nagar Station,13.0418,80.2341,14,14,25.9,50.6,29.0,Bike
2026-01-27,16,Adyar Station,13.0012,80.2565,15,29,23.2,27.9,29.7,Car
2026-01-27,16,Velachery Station,12.9815,80.218,14,10,40.6,54.4,31.3,Bike
2026-01-27,16,Anna Nagar Station,13.085,80.2101,10,16,35.6,40.9,26.9,Bike
2026-01-27,16,Egmore Station,13.0732,80.2609,11,15,25.8,40.9,29.8,Bike
2026-01-27,16,Tambaram Station,12.9249,80.1,9,9,15.5,60.6,32.9,Bike
2026-01-27,16,Porur Station,13.038,80.1565,8,9,17.4,55.7,28.3,Car
2026-01-27,16,OMR Station,12.9352,80.23,11,22,19.5,29.7,28.2,Car
2026-01-27,17,Central Station,13.0827,80.2707,38,17,20.9,75.8,26.0,Car
2026-01-27,17,Guindy Station,13.0067,80.2206,27,25,20.9,55.6,25.8,Bike
2026-01-27,17,T Nagar Station,13.0418,80.2341,28,3,35.9,85.6,31.0,Bike
2026-01-27,17,Adyar Station,13.0012,80.2565,12,8,18.4,61.4,28.4,Car
2026-01-27,17,Velachery Station,12.9815,80.218,8,32,21.6,18.7,30.1,Bike
2026-01-27,17,Anna Nagar Station,13.085,80.2101,29,9,22.7,82.7,18.7,Bike
2026-01-27,17,Egmore Station,13.0732,80.2609,29,24,38.4,56.6,21.6,Bike
2026-01-27,17,Tambaram Station,12.9249,80.1,19,11,24.4,64.0,29.5,Bike
2026-01-27,17,Porur Station,13.038,80.1565,28,17,22.9,61.8,29.2,Bike
2026-01-27,17,OMR Station,12.9352,80.23,8,32,26.4,19.5,25.6,Bike
2026-01-27,18,Central Station,13.0827,80.2707,31,8,16.4,80.3,26.9,Car
2026-01-27,18,Guindy Station,13.0067,80.2206,36,20,27.3,58.8,28.4,Bike
2026-01-27,18,T Nagar Station,13.0418,80.2341,47,16,35.8,74.4,30.4,Car
2026-01-27,18,Adyar Station,13.0012,80.2565,44,2,30.1,100.0,25.9,Bike
2026-01-27,18,Velachery Station,12.9815,80.218,33,0,31.2,94.0,30.9,Bike
2026-01-27,18,Anna Nagar Station,13.085,80.2101,33,4,20.2,93.9,26.2,Car
2026-01-27,18,Egmore Station,13.0732,80.2609,47,3,25.0,92.5,29.7,Bike
2026-01-27,18,Tambaram Station,12.9249,80.1,15,13,12.4,47.4,25.9,Car
2026-01-27,18,Porur Station,13.038,80.1565,25,18,23.5,60.6,32.4,Bike
2026-01-27,18,OMR Station,12.9352,80.23,44,2,31.2,100.0,25.9,Bike
2026-01-27,19,Central Station,13.0827,80.2707,41,0,27.0,90.4,28.5,Bike
2026-01-27,19,Guindy Station,13.0067,80.2206,43,9,23.2,85.3,24.6,Bike
2026-01-27,19,T Nagar Station,13.0418,80.2341,35,20,38.2,69.0,31.5,Bike
2026-01-27,19,Adyar Station,13.0012,80.2565,30,17,8.0,66.2,34.5,Bike
2026-01-27,19,Velachery Station,12.9815,80.218,31,23,22.6,55.2,28.2,Car
2026-01-27,19,Anna Nagar Station,13.085,80.2101,34,21,13.8,57.4,27.7,Bike
2026-01-27,19,Egmore Station,13.0732,80.2609,44,15,20.9,68.4,29.1,Bike
2026-01-27,19,Tambaram Station,12.9249,80.1,37,11,20.3,76.6,27.6,Bike
2026-01-27,19,Porur Station,13.038,80.1565,22,5,20.5,88.1,30.9,Bike
2026-01-27,19,OMR Station,12.9352,80.23,10,23,25.1,25.4,25.3,Bike
2026-01-27,20,Central Station,13.0827,80.2707,34,14,24.9,65.2,25.0,Bike
2026-01-27,20,Guindy Station,13.0067,80.2206,40,22,29.1,63.1,28.3,Car
2026-01-27,20,T Nagar Station,13.0418,80.2341,12,22,22.5,30.4,30.2,Bike
2026-01-27,20,Adyar Station,13.0012,80.2565,23,25,25.1,49.2,29.6,Bike
2026-01-27,20,Velachery Station,12.9815,80.218,33,19,27.2,58.2,27.1,Bike
2026-01-27,20,Anna Nagar Station,13.085,80.2101,28,21,23.1,49.4,27.3,Bike
2026-01-27,20,Egmore Station,13.0732,80.2609,34,0,15.3,90.0,32.9,Bike
2026-01-27,20,Tambaram Station,12.9249,80.1,26,9,32.4,76.8,29.5,Car
2026-01-27,20,Porur Station,13.038,80.1565,36,17,24.8,63.5,28.2,Car
2026-01-27,20,OMR Station,12.9352,80.23,21,26,24.9,40.0,30.1,Bike
2026-01-27,21,Central Station,13.0827,80.2707,15,7,21.5,68.2,31.5,Bike
2026-01-27,21,Guindy Station,13.0067,80.2206,11,19,39.9,31.1,28.6,Bike
2026-01-27,21,T Nagar Station,13.0418,80.2341,9,6,36.8,65.8,25.9,Bike
2026-01-27,21,Adyar Station,13.0012,80.2565,17,14,15.2,48.2,30.3,Bike
2026-01-27,21,Velachery Station,12.9815,80.218,10,14,27.9,45.8,29.6,Bike
2026-01-27,21,Anna Nagar Station,13.085,80.2101,14,29,26.6,25.4,28.0,Bike
2026-01-27,21,Egmore Station,13.0732,80.2609,21,4,18.1,84.9,29.1,Bike
2026-01-27,21,Tambaram Station,12.9249,80.1,20,16,32.1,56.4,34.3,Bike
2026-01-27,21,Porur Station,13.038,80.1565,24,12,16.8,68.5,29.4,Car
2026-01-27,21,OMR Station,12.9352,80.23,17,28,10.1,43.2,27.9,Car
2026-01-27,22,Central Station,13.0827,80.2707,1,32,29.3,10.0,25.9,Bike
2026-01-27,22,Guindy Station,13.0067,80.2206,4,16,26.4,32.8,28.8,Bike
2026-01-27,22,T Nagar Station,13.0418,80.2341,5,19,24.2,22.1,32.5,Bike
2026-01-27,22,Adyar Station,13.0012,80.2565,16,4,16.5,88.8,29.2,Bike
2026-01-27,22,Velachery Station,12.9815,80.218,16,22,25.3,38.7,31.0,Bike
2026-01-27,22,Anna Nagar Station,13.085,80.2101,14,4,15.7,74.6,29.8,Bike
2026-01-27,22,Egmore Station,13.0732,80.2609,16,29,9.5,32.9,33.5,Car
2026-01-27,22,Tambaram Station,12.9249,80.1,8,26,37.6,22.2,28.0,Bike
2026-01-27,22,Porur Station,13.038,80.1565,18,28,23.4,35.6,28.3,Bike
2026-01-27,22,OMR Station,12.9352,80.23,14,28,31.5,31.1,30.7,Bike
2026-01-28,6,Central Station,13.0827,80.2707,16,16,23.1,45.4,31.9,Bike
2026-01-28,6,Guindy Station,13.0067,80.2206,20,19,28.3,48.6,32.7,Car
2026-01-28,6,T Nagar Station,13.0418,80.2341,15,17,15.9,44.0,28.0,Bike
2026-01-28,6,Adyar Station,13.0012,80.2565,12,22,23.6,33.4,26.0,Bike
2026-01-28,6,Velachery Station,12.9815,80.218,5,22,23.9,13.2,30.9,Car
2026-01-28,6,Anna Nagar Station,13.085,80.2101,24,6,21.4,77.2,31.6,Car
2026-01-28,6,Egmore Station,13.0732,80.2609,7,29,11.6,19.0,25.8,Bike
2026-01-28,6,Tambaram Station,12.9249,80.1,7,26,24.4,22.6,28.6,Car
2026-01-28,6,Porur Station,13.038,80.1565,7,12,23.5,32.6,35.3,Bike
2026-01-28,6,OMR Station,12.9352,80.23,15,13,34.5,54.2,28.6,Bike
2026-01-28,7,Central Station,13.0827,80.2707,35,17,27.6,67.0,36.1,Bike
2026-01-28,7,Guindy Station,13.0067,80.2206,28,8,24.4,77.9,29.6,Bike
2026-01-28,7,T Nagar Station,13.0418,80.2341,18,8,23.6,65.2,29.0,Bike
2026-01-28,7,Adyar Station,13.0012,80.2565,26,11,31.7,65.4,30.2,Bike
2026-01-28,7,Velachery Station,12.9815,80.218,31,3,20.3,95.9,26.3,Bike
2026-01-28,7,Anna Nagar Station,13.085,80.2101,29,11,20.9,75.5,25.0,Bike
2026-01-28,7,Egmore Station,13.0732,80.2609,8,12,36.8,44.5,29.8,Bike
2026-01-28,7,Tambaram Station,12.9249,80.1,31,1,22.0,92.7,31.7,Bike
2026-01-28,7,Porur Station,13.038,80.1565,34,20,19.8,48.4,26.1,Bike
2026-01-28,7,OMR Station,12.9352,80.23,26,11,18.2,72.6,30.9,Bike
2026-01-28,8,Central Station,13.0827,80.2707,18,9,19.0,60.8,34.5,Bike
2026-01-28,8,Guindy Station,13.0067,80.2206,33,0,14.1,97.6,25.3,Bike
2026-01-28,8,T Nagar Station,13.0418,80.2341,41,7,33.7,87.5,31.9,Car
2026-01-28,8,Adyar Station,13.0012,80.2565,15,13,22.2,53.3,31.1,Car
2026-01-28,8,Velachery Station,12.9815,80.218,16,13,16.4,55.0,35.0,Car
2026-01-28,8,Anna Nagar Station,13.085,80.2101,38,0,37.5,100.0,30.0,Bike
2026-01-28,8,Egmore Station,13.0732,80.2609,46,21,22.2,71.4,33.6,Bike
2026-01-28,8,Tambaram Station,12.9249,80.1,44,9,18.3,83.7,29.5,Bike
2026-01-28,8,Porur Station,13.038,80.1565,45,13,31.0,76.0,30.3,Bike
2026-01-28,8,OMR Station,12.9352,80.23,40,1,13.9,99.9,32.2,Car
2026-01-28,9,Central Station,13.0827,80.2707,21,21,21.1,54.6,30.5,Bike
2026-01-28,9,Guindy Station,13.0067,80.2206,26,20,23.2,62.3,33.0,Bike
2026-01-28,9,T Nagar Station,13.0418,80.2341,19,7,31.9,72.4,36.5,Bike
2026-01-28,9,Adyar Station,13.0012,80.2565,29,6,30.3,84.4,32.5,Bike
2026-01-28,9,Velachery Station,12.9815,80.218,19,28,22.7,45.8,25.9,Bike
2026-01-28,9,Anna Nagar Station,13.085,80.2101,45,5,26.6,94.3,23.9,Bike
2026-01-28,9,Egmore Station,13.0732,80.2609,38,17,28.7,76.1,28.4,Bike
2026-01-28,9,Tambaram Station,12.9249,80.1,41,0,30.6,100.0,34.9,Car
2026-01-28,9,Porur Station,13.038,80.1565,38,4,32.3,84.9,27.5,Bike
2026-01-28,9,OMR Station,12.9352,80.23,18,14,36.1,62.1,32.7,Bike
2026-01-28,10,Central Station,13.0827,80.2707,17,10,35.1,61.3,32.9,Car
2026-01-28,10,Guindy Station,13.0067,80.2206,18,4,14.9,81.6,23.9,Car
2026-01-28,10,T Nagar Station,13.0418,80.2341,20,27,20.0,48.7,31.1,Car
2026-01-28,10,Adyar Station,13.0012,80.2565,8,27,24.5,16.6,26.5,Bike
2026-01-28,10,Velachery Station,12.9815,80.218,19,20,18.4,50.7,31.3,Bike
2026-01-28,10,Anna Nagar Station,13.085,80.2101,22,23,19.8,53.7,26.0,Car
2026-01-28,10,Egmore Station,13.0732,80.2609,18,24,22.9,45.1,30.6,Bike
2026-01-28,10,Tambaram Station,12.9249,80.1,4,30,27.5,17.3,28.8,Bike
2026-01-28,10,Porur Station,13.038,80.1565,29,17,21.4,61.5,26.9,Bike
2026-01-28,10,OMR Station,12.9352,80.23,25,4,32.6,85.2,29.9,Bike
2026-01-28,11,Central Station,13.0827,80.2707,11,28,27.3,32.4,28.9,Bike
2026-01-28,11,Guindy Station,13.0067,80.2206,20,5,23.2,90.1,29.5,Car
2026-01-28,11,T Nagar Station,13.0418,80.2341,13,14,31.7,38.1,27.5,Bike
2026-01-28,11,Adyar Station,13.0012,80.2565,1,26,15.8,10.0,31.3,Bike
2026-01-28,11,Velachery Station,12.9815,80.218,8,23,26.2,23.4,31.7,Bike
2026-01-28,11,Anna Nagar Station,13.085,80.2101,9,30,21.7,22.8,28.8,Bike
2026-01-28,11,Egmore Station,13.0732,80.2609,23,16,27.3,61.4,30.7,Car
2026-01-28,11,Tambaram Station,12.9249,80.1,12,15,30.0,35.5,30.8,Bike
2026-01-28,11,Porur Station,13.038,80.1565,2,13,22.3,10.8,31.7,Car
2026-01-28,11,OMR Station,12.9352,80.23,8,31,20.1,19.9,28.3,Bike
2026-01-28,12,Central Station,13.0827,80.2707,14,24,21.5,40.1,34.1,Car
2026-01-28,12,Guindy Station,13.0067,80.2206,13,19,23.3,23.6,34.6,Bike
2026-01-28,12,T Nagar Station,13.0418,80.2341,1,30,24.1,10.0,31.4,Car
2026-01-28,12,Adyar Station,13.0012,80.2565,11,16,23.3,46.3,30.8,Bike
2026-01-28,12,Velachery Station,12.9815,80.218,11,5,27.8,54.8,32.4,Bike
2026-01-28,12,Anna Nagar Station,13.085,80.2101,11,8,19.1,50.9,31.2,Bike
2026-01-28,12,Egmore Station,13.0732,80.2609,18,22,12.2,48.5,22.7,Bike
2026-01-28,12,Tambaram Station,12.9249,80.1,7,24,19.5,25.6,32.4,Bike
2026-01-28,12,Porur Station,13.038,80.1565,15,8,17.9,62.0,31.5,Bike
2026-01-28,12,OMR Station,12.9352,80.23,8,29,23.9,24.2,28.9,Car
2026-01-28,13,Central Station,13.0827,80.2707,19,23,28.0,47.1,27.5,Car
2026-01-28,13,Guindy Station,13.0067,80.2206,16,13,30.1,53.3,23.2,Bike
2026-01-28,13,T Nagar Station,13.0418,80.2341,16,25,25.2,31.2,27.6,Bike
2026-01-28,13,Adyar Station,13.0012,80.2565,15,7,15.4,74.5,30.0,Bike
2026-01-28,13,Velachery Station,12.9815,80.218,15,13,23.0,51.3,25.4,Bike
2026-01-28,13,Anna Nagar Station,13.085,80.2101,11,11,13.2,45.4,31.7,Car
2026-01-28,13,Egmore Station,13.0732,80.2609,11,25,20.6,30.6,28.7,Bike
2026-01-28,13,Tambaram Station,12.9249,80.1,19,24,19.2,48.8,26.1,Bike
2026-01-28,13,Porur Station,13.038,80.1565,7,17,20.6,31.3,29.3,Bike
2026-01-28,13,OMR Station,12.9352,80.23,7,32,23.5,18.9,27.6,Bike
2026-01-28,14,Central Station,13.0827,80.2707,19,21,28.1,44.0,33.9,Car
2026-01-28,14,Guindy Station,13.0067,80.2206,25,19,28.3,53.2,27.1,Bike
2026-01-28,14,T Nagar Station,13.0418,80.2341,25,21,23.9,55.7,31.8,Car
2026-01-28,14,Adyar Station,13.0012,80.2565,21,7,19.9,75.9,32.5,Bike
2026-01-28,14,Velachery Station,12.9815,80.218,22,18,22.2,53.4,28.6,Car
2026-01-28,14,Anna Nagar Station,13.085,80.2101,11,26,32.6,27.6,28.5,Car
2026-01-28,14,Egmore Station,13.0732,80.2609,27,7,9.9,86.4,26.0,Bike
2026-01-28,14,Tambaram Station,12.9249,80.1,15,11,16.7,61.4,23.5,Bike
2026-01-28,14,Porur Station,13.038,80.1565,5,21,40.2,16.3,29.1,Bike
2026-01-28,14,OMR Station,12.9352,80.23,9,9,21.8,49.9,31.1,Bike
2026-01-28,15,Central Station,13.0827,80.2707,20,9,28.0,66.8,29.0,Car
2026-01-28,15,Guindy Station,13.0067,80.2206,7,20,29.4,25.9,28.9,Bike
2026-01-28,15,T Nagar Station,13.0418,80.2341,12,22,17.1,38.0,27.9,Bike
2026-01-28,15,Adyar Station,13.0012,80.2565,5,21,30.2,30.4,27.9,Bike
2026-01-28,15,Velachery Station,12.9815,80.218,15,24,19.6,35.6,38.3,Car
2026-01-28,15,Anna Nagar Station,13.085,80.2101,21,23,26.1,50.1,28.0,Car
2026-01-28,15,Egmore Station,13.0732,80.2609,21,14,30.4,65.0,25.9,Bike
2026-01-28,15,Tambaram Station,12.9249,80.1,8,10,11.7,38.6,31.5,Bike
2026-01-28,15,Porur Station,13.038,80.1565,10,10,40.7,48.7,27.9,Bike
2026-01-28,15,OMR Station,12.9352,80.23,11,14,19.9,42.2,27.5,Bike
2026-01-28,16,Central Station,13.0827,80.2707,12,23,14.8,33.9,31.7,Bike
2026-01-28,16,Guindy Station,13.0067,80.2206,17,11,31.6,50.1,25.3,Bike
2026-01-28,16,T Nagar Station,13.0418,80.2341,7,7,30.1,39.4,27.5,Car
2026-01-28,16,Adyar Station,13.0012,80.2565,24,20,36.2,52.7,25.9,Bike
2026-01-28,16,Velachery Station,12.9815,80.218,1,19,32.2,12.1,19.4,Bike
2026-01-28,16,Anna Nagar Station,13.085,80.2101,18,22,30.6,47.5,29.6,Car
2026-01-28,16,Egmore Station,13.0732,80.2609,9,31,23.0,23.8,28.0,Bike
2026-01-28,16,Tambaram Station,12.9249,80.1,13,22,13.5,31.1,28.8,Bike
2026-01-28,16,Porur Station,13.038,80.1565,8,24,19.5,28.7,35.0,Bike
2026-01-28,16,OMR Station,12.9352,80.23,15,19,8.0,45.7,29.1,Car
2026-01-28,17,Central Station,13.0827,80.2707,16,17,39.6,48.2,25.3,Bike
2026-01-28,17,Guindy Station,13.0067,80.2206,7,18,38.7,27.6,24.4,Bike
2026-01-28,17,T Nagar Station,13.0418,80.2341,19,14,15.7,57.2,32.2,Bike
2026-01-28,17,Adyar Station,13.0012,80.2565,19,28,28.1,42.4,27.8,Car
2026-01-28,17,Velachery Station,12.9815,80.218,36,17,28.2,61.3,33.4,Car
2026-01-28,17,Anna Nagar Station,13.085,80.2101,8,14,21.8,35.5,28.3,Bike
2026-01-28,17,Egmore Station,13.0732,80.2609,25,1,24.6,100.0,31.7,Bike
2026-01-28,17,Tambaram Station,12.9249,80.1,18,26,16.9,41.9,31.9,Bike
2026-01-28,17,Porur Station,13.038,80.1565,17,8,22.8,64.6,28.0,Bike
2026-01-28,17,OMR Station,12.9352,80.23,10,6,23.9,61.4,24.9,Bike
2026-01-28,18,Central Station,13.0827,80.2707,45,0,24.0,97.0,28.3,Bike
2026-01-28,18,Guindy Station,13.0067,80.2206,33,16,21.3,64.1,29.4,Bike
2026-01-28,18,T Nagar Station,13.0418,80.2341,44,14,31.4,79.1,32.1,Bike
2026-01-28,18,Adyar Station,13.0012,80.2565,21,17,17.9,55.6,29.6,Bike
2026-01-28,18,Velachery Station,12.9815,80.218,25,3,34.6,100.0,33.5,Bike
2026-01-28,18,Anna Nagar Station,13.085,80.2101,29,17,17.7,67.5,31.8,Bike
2026-01-28,18,Egmore Station,13.0732,80.2609,22,15,44.7,65.7,31.2,Bike
2026-01-28,18,Tambaram Station,12.9249,80.1,47,10,25.0,80.9,24.9,Bike
2026-01-28,18,Porur Station,13.038,80.1565,25,19,16.1,60.3,33.8,Car
2026-01-28,18,OMR Station,12.9352,80.23,38,10,28.1,79.8,32.0,Bike
2026-01-28,19,Central Station,13.0827,80.2707,30,1,21.2,87.7,28.0,Bike
2026-01-28,19,Guindy Station,13.0067,80.2206,16,22,21.8,44.4,28.0,Bike
2026-01-28,19,T Nagar Station,13.0418,80.2341,45,12,14.0,74.8,30.4,Car
2026-01-28,19,Adyar Station,13.0012,80.2565,32,7,34.6,80.4,27.8,Car
2026-01-28,19,Velachery Station,12.9815,80.218,35,19,24.1,65.4,31.8,Bike
2026-01-28,19,Anna Nagar Station,13.085,80.2101,34,1,33.1,99.3,36.0,Bike
2026-01-28,19,Egmore Station,13.0732,80.2609,19,12,17.7,61.9,30.7,Car
2026-01-28,19,Tambaram Station,12.9249,80.1,21,23,31.7,61.8,29.5,Bike
2026-01-28,19,Porur Station,13.038,80.1565,35,4,21.3,87.4,26.8,Car
2026-01-28,19,OMR Station,12.9352,80.23,41,13,12.1,76.2,29.0,Bike
2026-01-28,20,Central Station,13.0827,80.2707,28,4,17.4,88.0,30.2,Bike
2026-01-28,20,Guindy Station,13.0067,80.2206,25,4,20.9,92.6,34.8,Bike
2026-01-28,20,T Nagar Station,13.0418,80.2341,32,0,18.1,100.0,27.2,Car
2026-01-28,20,Adyar Station,13.0012,80.2565,24,5,25.6,88.4,30.3,Car
2026-01-28,20,Velachery Station,12.9815,80.218,10,27,16.1,24.9,29.8,Bike
2026-01-28,20,Anna Nagar Station,13.085,80.2101,31,7,24.5,86.2,29.6,Car
2026-01-28,20,Egmore Station,13.0732,80.2609,14,26,8.7,35.1,34.1,Car
2026-01-28,20,Tambaram Station,12.9249,80.1,36,20,18.5,61.7,30.1,Bike
2026-01-28,20,Porur Station,13.038,80.1565,26,4,23.3,83.9,33.2,Bike
2026-01-28,20,OMR Station,12.9352,80.23,34,16,25.6,65.1,25.7,Bike
2026-01-28,21,Central Station,13.0827,80.2707,20,17,26.7,58.9,31.5,Bike
2026-01-28,21,Guindy Station,13.0067,80.2206,14,28,34.1,47.8,32.7,Bike
2026-01-28,21,T Nagar Station,13.0418,80.2341,10,29,29.2,25.0,28.5,Car
2026-01-28,21,Adyar Station,13.0012,80.2565,13,19,31.9,41.6,27.3,Bike
2026-01-28,21,Velachery Station,12.9815,80.218,14,21,20.7,40.0,26.4,Car
2026-01-28,21,Anna Nagar Station,13.085,80.2101,16,29,29.7,35.4,24.5,Bike
2026-01-28,21,Egmore Station,13.0732,80.2609,13,27,29.6,26.0,27.9,Car
2026-01-28,21,Tambaram Station,12.9249,80.1,3,28,28.2,10.0,28.9,Car
2026-01-28,21,Porur Station,13.038,80.1565,20,12,25.3,59.3,27.8,Car
2026-01-28,21,OMR Station,12.9352,80.23,13,22,17.1,35.3,30.4,Bike
2026-01-28,22,Central Station,13.0827,80.2707,13,18,25.6,42.8,31.0,Bike
2026-01-28,22,Guindy Station,13.0067,80.2206,23,11,25.2,60.1,31.5,Bike
2026-01-28,22,T Nagar Station,13.0418,80.2341,16,16,31.0,51.4,30.7,Bike
2026-01-28,22,Adyar Station,13.0012,80.2565,22,14,24.0,61.8,26.0,Car
2026-01-28,22,Velachery Station,12.9815,80.218,13,27,22.6,41.0,30.5,Bike
2026-01-28,22,Anna Nagar Station,13.085,80.2101,11,8,25.2,54.0,35.7,Car
2026-01-28,22,Egmore Station,13.0732,80.2609,5,27,26.7,10.0,30.1,Bike
2026-01-28,22,Tambaram Station,12.9249,80.1,20,27,16.0,38.3,28.1,Bike
2026-01-28,22,Porur Station,13.038,80.1565,2,32,17.0,11.0,33.0,Bike
2026-01-28,22,OMR Station,12.9352,80.23,20,23,32.3,48.6,30.7,Car
2026-01-29,6,Central Station,13.0827,80.2707,16,24,34.6,45.1,27.6,Car
2026-01-29,6,Guindy Station,13.0067,80.2206,11,7,23.0,59.6,28.5,Bike
2026-01-29,6,T Nagar Station,13.0418,80.2341,15,8,15.4,66.9,31.4,Bike
2026-01-29,6,Adyar Station,13.0012,80.2565,24,4,31.1,78.5,23.1,Bike
2026-01-29,6,Velachery Station,12.9815,80.218,5,16,28.1,26.0,27.2,Car
2026-01-29,6,Anna Nagar Station,13.085,80.2101,2,32,26.3,10.0,28.4,Bike
2026-01-29,6,Egmore Station,13.0732,80.2609,20,8,25.7,75.5,29.8,Bike
2026-01-29,6,Tambaram Station,12.9249,80.1,6,14,10.0,29.8,21.8,Bike
2026-01-29,6,Porur Station,13.038,80.1565,15,14,21.4,50.5,31.7,Car
2026-01-29,6,OMR Station,12.9352,80.23,16,29,40.3,35.1,31.0,Bike
2026-01-29,7,Central Station,13.0827,80.2707,13,12,20.1,49.7,33.8,Bike
2026-01-29,7,Guindy Station,13.0067,80.2206,16,13,23.3,45.5,33.0,Bike
2026-01-29,7,T Nagar Station,13.0418,80.2341,4,32,27.5,11.4,27.2,Bike
2026-01-29,7,Adyar Station,13.0012,80.2565,27,16,22.8,61.1,25.3,Car
2026-01-29,7,Velachery Station,12.9815,80.218,34,5,16.4,85.5,34.3,Bike
2026-01-29,7,Anna Nagar Station,13.085,80.2101,30,16,30.2,64.1,34.1,Bike
2026-01-29,7,Egmore Station,13.0732,80.2609,23,24,18.1,51.9,24.0,Bike
2026-01-29,7,Tambaram Station,12.9249,80.1,13,21,37.2,33.0,29.8,Car
2026-01-29,7,Porur Station,13.038,80.1565,18,12,10.5,57.3,27.2,Bike
2026-01-29,7,OMR Station,12.9352,80.23,10,21,23.8,29.7,28.6,Car
2026-01-29,8,Central Station,13.0827,80.2707,27,22,19.3,58.9,30.1,Bike
2026-01-29,8,Guindy Station,13.0067,80.2206,28,17,24.4,62.0,28.9,Car
2026-01-29,8,T Nagar Station,13.0418,80.2341,24,3,23.1,85.8,30.3,Bike
2026-01-29,8,Adyar Station,13.0012,80.2565,33,21,22.7,64.4,32.9,Bike
2026-01-29,8,Velachery Station,12.9815,80.218,16,13,13.8,52.4,30.0,Bike
2026-01-29,8,Anna Nagar Station,13.085,80.2101,27,10,23.4,77.6,29.3,Bike
2026-01-29,8,Egmore Station,13.0732,80.2609,31,25,28.4,53.4,32.0,Bike
2026-01-29,8,Tambaram Station,12.9249,80.1,30,3,18.3,75.4,32.9,Car
2026-01-29,8,Porur Station,13.038,80.1565,53,10,13.7,85.0,30.0,Car
2026-01-29,8,OMR Station,12.9352,80.23,41,4,20.7,86.7,30.6,Bike
2026-01-29,9,Central Station,13.0827,80.2707,26,24,9.0,51.2,29.6,Car
2026-01-29,9,Guindy Station,13.0067,80.2206,39,0,35.9,90.5,28.4,Bike
2026-01-29,9,T Nagar Station,13.0418,80.2341,15,6,13.5,70.3,26.1,Bike
2026-01-29,9,Adyar Station,13.0012,80.2565,24,15,30.2,57.9,27.9,Bike
2026-01-29,9,Velachery Station,12.9815,80.218,34,6,17.0,76.6,27.0,Bike
2026-01-29,9,Anna Nagar Station,13.085,80.2101,16,7,18.6,74.1,31.3,Bike
2026-01-29,9,Egmore Station,13.0732,80.2609,49,16,29.0,76.2,33.1,Bike
2026-01-29,9,Tambaram Station,12.9249,80.1,15,28,24.1,33.5,27.9,Car
2026-01-29,9,Porur Station,13.038,80.1565,50,15,16.5,76.5,26.3,Bike
2026-01-29,9,OMR Station,12.9352,80.23,24,25,36.5,41.9,23.6,Bike
2026-01-29,10,Central Station,13.0827,80.2707,10,22,30.9,32.3,28.2,Bike
2026-01-29,10,Guindy Station,13.0067,80.2206,14,14,22.7,57.7,30.2,Bike
2026-01-29,10,T Nagar Station,13.0418,80.2341,24,27,37.3,47.1,27.3,Car
2026-01-29,10,Adyar Station,13.0012,80.2565,7,21,22.1,19.4,27.9,Car
2026-01-29,10,Velachery Station,12.9815,80.218,16,28,30.8,41.3,30.7,Bike
2026-01-29,10,Anna Nagar Station,13.085,80.2101,31,26,21.6,47.9,31.0,Bike
2026-01-29,10,Egmore Station,13.0732,80.2609,33,2,43.2,91.4,31.8,Car
2026-01-29,10,Tambaram Station,12.9249,80.1,31,16,20.1,61.4,26.8,Bike
2026-01-29,10,Porur Station,13.038,80.1565,17,25,26.7,34.7,27.3,Bike
2026-01-29,10,OMR Station,12.9352,80.23,14,10,14.3,61.5,28.7,Bike
2026-01-29,11,Central Station,13.0827,80.2707,14,16,12.2,47.6,27.3,Bike
2026-01-29,11,Guindy Station,13.0067,80.2206,5,14,22.9,22.0,26.0,Bike
2026-01-29,11,T Nagar Station,13.0418,80.2341,14,26,32.6,37.6,29.1,Bike
2026-01-29,11,Adyar Station,13.0012,80.2565,1,24,27.5,10.0,33.3,Bike
2026-01-29,11,Velachery Station,12.9815,80.218,16,26,26.8,33.4,24.1,Bike
2026-01-29,11,Anna Nagar Station,13.085,80.2101,6,26,25.5,10.0,29.7,Car
2026-01-29,11,Egmore Station,13.0732,80.2609,11,30,22.9,22.2,29.6,Bike
2026-01-29,11,Tambaram Station,12.9249,80.1,21,3,18.3,91.7,25.9,Bike
2026-01-29,11,Porur Station,13.038,80.1565,14,21,19.6,33.5,25.1,Bike
2026-01-29,11,OMR Station,12.9352,80.23,15,26,25.1,32.8,27.7,Bike
2026-01-29,12,Central Station,13.0827,80.2707,14,21,22.4,37.2,25.7,Bike
2026-01-29,12,Guindy Station,13.0067,80.2206,21,4,38.3,91.0,24.4,Bike
2026-01-29,12,T Nagar Station,13.0418,80.2341,17,17,16.8,51.8,27.4,Bike
2026-01-29,12,Adyar Station,13.0012,80.2565,17,12,18.5,61.1,29.5,Bike
2026-01-29,12,Velachery Station,12.9815,80.218,6,30,17.0,10.8,34.0,Bike
2026-01-29,12,Anna Nagar Station,13.085,80.2101,13,18,33.7,41.7,30.0,Car
2026-01-29,12,Egmore Station,13.0732,80.2609,12,29,16.8,29.9,33.6,Bike
2026-01-29,12,Tambaram Station,12.9249,80.1,15,11,35.1,68.9,28.8,Car
2026-01-29,12,Porur Station,13.038,80.1565,21,2,20.0,81.3,31.5,Bike
2026-01-29,12,OMR Station,12.9352,80.23,18,19,25.8,52.4,30.1,Car
2026-01-29,13,Central Station,13.0827,80.2707,6,31,17.7,23.1,30.0,Car
2026-01-29,13,Guindy Station,13.0067,80.2206,4,11,9.3,25.9,30.5,Bike
2026-01-29,13,T Nagar Station,13.0418,80.2341,20,18,26.1,54.9,31.2,Bike
2026-01-29,13,Adyar Station,13.0012,80.2565,7,8,31.3,45.7,32.4,Bike
2026-01-29,13,Velachery Station,12.9815,80.218,8,17,24.9,36.3,26.4,Bike
2026-01-29,13,Anna Nagar Station,13.085,80.2101,19,25,16.2,34.7,29.8,Bike
2026-01-29,13,Egmore Station,13.0732,80.2609,5,16,25.6,13.9,28.7,Bike
2026-01-29,13,Tambaram Station,12.9249,80.1,19,6,28.3,83.4,26.3,Bike
2026-01-29,13,Porur Station,13.038,80.1565,5,26,25.7,21.9,30.9,Bike
2026-01-29,13,OMR Station,12.9352,80.23,10,30,19.5,26.3,26.1,Bike
2026-01-29,14,Central Station,13.0827,80.2707,1,25,19.5,10.0,23.8,Bike
2026-01-29,14,Guindy Station,13.0067,80.2206,8,24,16.5,26.8,29.2,Bike
2026-01-29,14,T Nagar Station,13.0418,80.2341,20,4,29.1,83.1,29.9,Bike
2026-01-29,14,Adyar Station,13.0012,80.2565,16,15,31.8,58.2,25.4,Car
2026-01-29,14,Velachery Station,12.9815,80.218,8,11,12.8,43.3,31.6,Bike
2026-01-29,14,Anna Nagar Station,13.085,80.2101,12,27,21.7,38.4,30.6,Bike
2026-01-29,14,Egmore Station,13.0732,80.2609,14,5,34.7,69.0,27.7,Car
2026-01-29,14,Tambaram Station,12.9249,80.1,16,25,30.0,41.6,28.7,Bike
2026-01-29,14,Porur Station,13.038,80.1565,6,21,30.7,18.1,23.9,Bike
2026-01-29,14,OMR Station,12.9352,80.23,6,23,20.9,16.8,30.1,Car
2026-01-29,15,Central Station,13.0827,80.2707,10,18,14.8,54.2,29.9,Bike
2026-01-29,15,Guindy Station,13.0067,80.2206,16,16,15.6,51.7,31.6,Bike
2026-01-29,15,T Nagar Station,13.0418,80.2341,7,12,23.3,33.9,28.4,Bike
2026-01-29,15,Adyar Station,13.0012,80.2565,10,10,13.0,52.1,26.3,Car
2026-01-29,15,Velachery Station,12.9815,80.218,13,7,8.0,60.5,29.9,Car
2026-01-29,15,Anna Nagar Station,13.085,80.2101,18,11,12.2,68.0,29.1,Bike
2026-01-29,15,Egmore Station,13.0732,80.2609,21,8,16.5,69.1,25.9,Bike
2026-01-29,15,Tambaram Station,12.9249,80.1,14,6,28.7,77.2,30.5,Car
2026-01-29,15,Porur Station,13.038,80.1565,1,12,21.0,10.0,28.0,Bike
2026-01-29,15,OMR Station,12.9352,80.23,8,13,14.2,38.9,31.8,Bike
2026-01-29,16,Central Station,13.0827,80.2707,10,30,29.7,33.0,30.2,Bike
2026-01-29,16,Guindy Station,13.0067,80.2206,20,19,26.0,54.4,31.7,Bike
2026-01-29,16,T Nagar Station,13.0418,80.2341,13,16,24.5,48.9,30.0,Car
2026-01-29,16,Adyar Station,13.0012,80.2565,21,20,28.8,53.2,28.4,Bike
2026-01-29,16,Velachery Station,12.9815,80.218,17,7,18.1,65.7,33.7,Car
2026-01-29,16,Anna Nagar Station,13.085,80.2101,21,16,25.5,53.1,30.5,Car
2026-01-29,16,Egmore Station,13.0732,80.2609,15,21,28.7,42.8,25.8,Car
2026-01-29,16,Tambaram Station,12.9249,80.1,16,5,19.2,81.7,27.9,Bike
2026-01-29,16,Porur Station,13.038,80.1565,19,22,23.8,53.4,33.9,Bike
2026-01-29,16,OMR Station,12.9352,80.23,10,5,23.6,65.4,26.7,Bike
2026-01-29,17,Central Station,13.0827,80.2707,22,27,18.2,40.3,33.1,Bike
2026-01-29,17,Guindy Station,13.0067,80.2206,21,3,15.9,89.4,31.5,Bike
2026-01-29,17,T Nagar Station,13.0418,80.2341,22,26,21.3,45.5,30.4,Bike
2026-01-29,17,Adyar Station,13.0012,80.2565,21,16,25.7,58.8,34.2,Car
2026-01-29,17,Velachery Station,12.9815,80.218,34,6,21.6,81.4,24.9,Bike
2026-01-29,17,Anna Nagar Station,13.085,80.2101,18,21,13.5,45.5,34.6,Bike
2026-01-29,17,Egmore Station,13.0732,80.2609,26,22,21.5,45.0,32.0,Bike
2026-01-29,17,Tambaram Station,12.9249,80.1,28,21,21.9,52.7,31.3,Bike
2026-01-29,17,Porur Station,13.038,80.1565,35,14,28.2,65.9,28.2,Bike
2026-01-29,17,OMR Station,12.9352,80.23,31,26,29.6,61.6,27.3,Bike
2026-01-29,18,Central Station,13.0827,80.2707,30,14,12.3,68.6,31.3,Bike
2026-01-29,18,Guindy Station,13.0067,80.2206,15,13,20.5,45.5,29.3,Bike
2026-01-29,18,T Nagar Station,13.0418,80.2341,35,24,15.3,57.4,26.0,Bike
2026-01-29,18,Adyar Station,13.0012,80.2565,19,13,24.7,56.5,24.7,Bike
2026-01-29,18,Velachery Station,12.9815,80.218,47,0,16.5,99.7,28.1,Car
2026-01-29,18,Anna Nagar Station,13.085,80.2101,21,21,20.2,53.7,30.6,Bike
2026-01-29,18,Egmore Station,13.0732,80.2609,34,24,22.4,65.4,27.0,Car
2026-01-29,18,Tambaram Station,12.9249,80.1,34,23,21.9,57.5,31.0,Car
2026-01-29,18,Porur Station,13.038,80.1565,23,23,21.3,41.9,25.9,Car
2026-01-29,18,OMR Station,12.9352,80.23,12,19,26.1,35.8,28.7,Bike
2026-01-29,19,Central Station,13.0827,80.2707,12,15,17.8,38.7,26.3,Bike
2026-01-29,19,Guindy Station,13.0067,80.2206,28,21,31.5,49.8,32.1,Bike
2026-01-29,19,T Nagar Station,13.0418,80.2341,29,19,20.1,64.3,29.6,Bike
2026-01-29,19,Adyar Station,13.0012,80.2565,19,9,20.4,65.7,25.0,Bike
2026-01-29,19,Velachery Station,12.9815,80.218,38,9,22.1,72.1,26.7,Bike
2026-01-29,19,Anna Nagar Station,13.085,80.2101,43,11,19.1,76.1,29.9,Bike
2026-01-29,19,Egmore Station,13.0732,80.2609,36,8,17.4,85.6,29.5,Bike
2026-01-29,19,Tambaram Station,12.9249,80.1,13,29,16.8,30.2,31.3,Bike
2026-01-29,19,Porur Station,13.038,80.1565,39,19,13.9,65.8,33.2,Bike
2026-01-29,19,OMR Station,12.9352,80.23,38,6,20.0,86.4,34.3,Car
2026-01-29,20,Central Station,13.0827,80.2707,21,8,23.2,76.1,31.8,Bike
2026-01-29,20,Guindy Station,13.0067,80.2206,21,28,24.8,44.7,25.5,Bike
2026-01-29,20,T Nagar Station,13.0418,80.2341,8,11,26.0,42.2,28.9,Bike
2026-01-29,20,Adyar Station,13.0012,80.2565,32,14,19.4,70.2,31.8,Bike
2026-01-29,20,Velachery Station,12.9815,80.218,18,8,30.6,73.5,26.9,Car
2026-01-29,20,Anna Nagar Station,13.085,80.2101,21,26,25.1,47.5,29.2,Bike
2026-01-29,20,Egmore Station,13.0732,80.2609,24,25,28.4,48.8,34.7,Bike
2026-01-29,20,Tambaram Station,12.9249,80.1,18,24,20.3,42.4,28.1,Car
2026-01-29,20,Porur Station,13.038,80.1565,27,16,26.7,65.0,25.6,Bike
2026-01-29,20,OMR Station,12.9352,80.23,23,19,16.3,59.2,27.1,Bike
2026-01-29,21,Central Station,13.0827,80.2707,14,6,23.3,71.8,27.2,Bike
2026-01-29,21,Guindy Station,13.0067,80.2206,15,16,24.2,43.4,28.2,Car
2026-01-29,21,T Nagar Station,13.0418,80.2341,14,30,30.8,27.1,29.1,Bike
2026-01-29,21,Adyar Station,13.0012,80.2565,14,23,31.3,28.9,35.1,Bike
2026-01-29,21,Velachery Station,12.9815,80.218,1,13,24.8,12.7,28.8,Car
2026-01-29,21,Anna Nagar Station,13.085,80.2101,15,17,18.9,54.8,25.8,Bike
2026-01-29,21,Egmore Station,13.0732,80.2609,10,16,26.4,35.9,29.7,Bike
2026-01-29,21,Tambaram Station,12.9249,80.1,6,9,16.1,36.8,24.9,Bike
2026-01-29,21,Porur Station,13.038,80.1565,17,26,36.7,41.0,25.9,Bike
2026-01-29,21,OMR Station,12.9352,80.23,9,18,30.5,31.6,33.5,Bike
2026-01-29,22,Central Station,13.0827,80.2707,17,23,23.4,34.0,27.0,Bike
2026-01-29,22,Guindy Station,13.0067,80.2206,5,8,28.1,36.6,28.4,Bike
2026-01-29,22,T Nagar Station,13.0418,80.2341,16,14,20.9,53.5,26.0,Bike
2026-01-29,22,Adyar Station,13.0012,80.2565,10,5,17.8,66.5,29.4,Car
2026-01-29,22,Velachery Station,12.9815,80.218,16,27,22.3,37.4,24.1,Car
2026-01-29,22,Anna Nagar Station,13.085,80.2101,18,8,31.2,63.9,33.3,Bike
2026-01-29,22,Egmore Station,13.0732,80.2609,12,21,22.5,45.6,25.7,Car
2026-01-29,22,Tambaram Station,12.9249,80.1,1,7,26.1,29.3,26.3,Car
2026-01-29,22,Porur Station,13.038,80.1565,17,9,20.8,66.1,28.9,Bike
2026-01-29,22,OMR Station,12.9352,80.23,10,24,29.1,33.0,31.5,Bike
2026-01-30,6,Central Station,13.0827,80.2707,12,24,17.6,27.7,32.5,Car
2026-01-30,6,Guindy Station,13.0067,80.2206,12,30,20.4,28.0,27.3,Bike
2026-01-30,6,T Nagar Station,13.0418,80.2341,8,9,21.1,45.7,32.0,Bike
2026-01-30,6,Adyar Station,13.0012,80.2565,23,15,31.1,57.9,31.8,Bike
2026-01-30,6,Velachery Station,12.9815,80.218,4,13,23.4,21.8,25.6,Car
2026-01-30,6,Anna Nagar Station,13.085,80.2101,17,5,27.8,81.4,28.4,Bike
2026-01-30,6,Egmore Station,13.0732,80.2609,18,24,8.0,42.2,35.2,Bike
2026-01-30,6,Tambaram Station,12.9249,80.1,23,8,15.2,80.5,31.5,Bike
2026-01-30,6,Porur Station,13.038,80.1565,12,22,18.1,32.5,25.2,Bike
2026-01-30,6,OMR Station,12.9352,80.23,9,14,15.0,42.5,26.8,Bike
2026-01-30,7,Central Station,13.0827,80.2707,11,17,35.6,47.2,27.7,Bike
2026-01-30,7,Guindy Station,13.0067,80.2206,28,27,8.0,51.4,30.8,Car
2026-01-30,7,T Nagar Station,13.0418,80.2341,30,21,19.9,56.3,31.1,Bike
2026-01-30,7,Adyar Station,13.0012,80.2565,21,11,26.0,63.4,31.2,Bike
2026-01-30,7,Velachery Station,12.9815,80.218,20,5,40.7,74.5,30.4,Car
2026-01-30,7,Anna Nagar Station,13.085,80.2101,31,15,22.3,69.0,30.9,Bike
2026-01-30,7,Egmore Station,13.0732,80.2609,14,13,17.3,61.5,35.1,Bike
2026-01-30,7,Tambaram Station,12.9249,80.1,24,26,8.0,57.5,24.0,Car
2026-01-30,7,Porur Station,13.038,80.1565,22,3,25.9,84.8,31.3,Car
2026-01-30,7,OMR Station,12.9352,80.23,34,15,13.3,78.1,25.9,Bike
2026-01-30,8,Central Station,13.0827,80.2707,19,7,20.7,73.4,29.8,Bike
2026-01-30,8,Guindy Station,13.0067,80.2206,41,2,22.4,99.1,24.9,Bike
2026-01-30,8,T Nagar Station,13.0418,80.2341,19,4,24.6,80.7,33.8,Bike
2026-01-30,8,Adyar Station,13.0012,80.2565,44,15,32.5,64.8,30.1,Bike
2026-01-30,8,Velachery Station,12.9815,80.218,21,22,35.7,46.0,26.8,Bike
2026-01-30,8,Anna Nagar Station,13.085,80.2101,35,3,21.7,89.5,31.4,Bike
2026-01-30,8,Egmore Station,13.0732,80.2609,8,6,31.9,58.7,24.9,Bike
2026-01-30,8,Tambaram Station,12.9249,80.1,21,4,22.2,86.3,29.7,Bike
2026-01-30,8,Porur Station,13.038,80.1565,23,2,25.9,95.2,33.1,Bike
2026-01-30,8,OMR Station,12.9352,80.23,13,5,26.4,65.4,30.7,Bike
2026-01-30,9,Central Station,13.0827,80.2707,22,12,27.8,63.8,35.6,Bike
2026-01-30,9,Guindy Station,13.0067,80.2206,21,6,24.7,75.5,29.8,Bike
2026-01-30,9,T Nagar Station,13.0418,80.2341,47,0,18.3,100.0,26.4,Bike
2026-01-30,9,Adyar Station,13.0012,80.2565,47,18,16.6,71.9,29.1,Bike
2026-01-30,9,Velachery Station,12.9815,80.218,38,9,24.8,82.4,36.4,Bike
2026-01-30,9,Anna Nagar Station,13.085,80.2101,16,21,19.2,44.6,33.7,Bike
2026-01-30,9,Egmore Station,13.0732,80.2609,11,23,17.7,39.9,31.5,Bike
2026-01-30,9,Tambaram Station,12.9249,80.1,18,9,23.6,70.3,32.8,Bike
2026-01-30,9,Porur Station,13.038,80.1565,45,16,24.6,75.4,30.3,Bike
2026-01-30,9,OMR Station,12.9352,80.23,39,18,24.8,69.4,30.4,Car
2026-01-30,10,Central Station,13.0827,80.2707,37,8,31.9,81.7,27.8,Bike
2026-01-30,10,Guindy Station,13.0067,80.2206,11,27,20.5,27.6,28.8,Bike
2026-01-30,10,T Nagar Station,13.0418,80.2341,26,17,17.4,55.6,29.9,Bike
2026-01-30,10,Adyar Station,13.0012,80.2565,21,28,25.0,40.0,27.1,Bike
2026-01-30,10,Velachery Station,12.9815,80.218,13,22,20.3,37.1,30.0,Bike
2026-01-30,10,Anna Nagar Station,13.085,80.2101,19,10,9.8,71.2,31.4,Bike
2026-01-30,10,Egmore Station,13.0732,80.2609,12,27,30.4,33.3,29.7,Bike
2026-01-30,10,Tambaram Station,12.9249,80.1,7,22,23.3,29.6,25.2,Bike
2026-01-30,10,Porur Station,13.038,80.1565,9,28,22.9,21.2,28.7,Bike
2026-01-30,10,OMR Station,12.9352,80.23,16,15,26.9,51.8,32.3,Bike
2026-01-30,11,Central Station,13.0827,80.2707,2,33,34.2,10.0,30.7,Bike
2026-01-30,11,Guindy Station,13.0067,80.2206,13,27,19.9,39.0,27.7,Bike
2026-01-30,11,T Nagar Station,13.0418,80.2341,18,26,19.8,40.0,28.7,Bike
2026-01-30,11,Adyar Station,13.0012,80.2565,18,8,27.1,70.0,29.5,Bike
2026-01-30,11,Velachery Station,12.9815,80.218,1,12,25.7,10.0,34.9,Bike
2026-01-30,11,Anna Nagar Station,13.085,80.2101,12,21,31.7,33.3,29.2,Bike
2026-01-30,11,Egmore Station,13.0732,80.2609,22,5,18.2,86.9,27.2,Bike
2026-01-30,11,Tambaram Station,12.9249,80.1,20,23,23.5,39.7,25.7,Bike
2026-01-30,11,Porur Station,13.038,80.1565,20,16,26.3,49.7,30.4,Bike
2026-01-30,11,OMR Station,12.9352,80.23,19,11,21.7,68.9,28.5,Bike
2026-01-30,12,Central Station,13.0827,80.2707,19,11,25.9,71.8,27.0,Bike
2026-01-30,12,Guindy Station,13.0067,80.2206,7,29,16.5,18.6,23.2,Car
2026-01-30,12,T Nagar Station,13.0418,80.2341,22,11,21.6,67.4,26.8,Bike
2026-01-30,12,Adyar Station,13.0012,80.2565,7,9,32.6,45.5,30.9,Bike
2026-01-30,12,Velachery Station,12.9815,80.218,4,21,30.2,12.1,33.3,Bike
2026-01-30,12,Anna Nagar Station,13.085,80.2101,22,14,22.3,62.3,34.2,Car
2026-01-30,12,Egmore Station,13.0732,80.2609,5,26,23.0,16.8,27.4,Bike
2026-01-30,12,Tambaram Station,12.9249,80.1,10,20,15.4,26.3,29.0,Bike
2026-01-30,12,Porur Station,13.038,80.1565,18,27,26.1,43.9,29.4,Bike
2026-01-30,12,OMR Station,12.9352,80.23,20,25,27.5,38.5,27.2,Bike
2026-01-30,13,Central Station,13.0827,80.2707,18,25,19.2,48.1,29.6,Bike
2026-01-30,13,Guindy Station,13.0067,80.2206,15,28,18.9,35.3,28.5,Bike
2026-01-30,13,T Nagar Station,13.0418,80.2341,20,23,32.2,46.6,30.8,Bike
2026-01-30,13,Adyar Station,13.0012,80.2565,12,28,11.6,19.3,31.1,Car
2026-01-30,13,Velachery Station,12.9815,80.218,14,22,21.5,41.1,34.4,Bike
2026-01-30,13,Anna Nagar Station,13.085,80.2101,12,26,23.9,33.3,28.4,Bike
2026-01-30,13,Egmore Station,13.0732,80.2609,17,13,28.6,60.0,33.3,Bike
2026-01-30,13,Tambaram Station,12.9249,80.1,20,25,35.7,40.9,30.6,Bike
2026-01-30,13,Porur Station,13.038,80.1565,18,8,35.7,75.3,27.8,Car
2026-01-30,13,OMR Station,12.9352,80.23,6,28,28.3,20.6,30.1,Bike
2026-01-30,14,Central Station,13.0827,80.2707,12,10,28.2,53.1,22.7,Car
2026-01-30,14,Guindy Station,13.0067,80.2206,17,24,18.1,36.9,25.9,Car
2026-01-30,14,T Nagar Station,13.0418,80.2341,16,15,21.4,53.1,27.4,Car
2026-01-30,14,Adyar Station,13.0012,80.2565,15,9,17.1,59.4,24.4,Bike
2026-01-30,14,Velachery Station,12.9815,80.218,1,23,28.3,14.5,26.9,Bike
2026-01-30,14,Anna Nagar Station,13.085,80.2101,9,27,12.3,18.4,28.0,Bike
2026-01-30,14,Egmore Station,13.0732,80.2609,10,8,21.2,56.6,27.2,Bike
2026-01-30,14,Tambaram Station,12.9249,80.1,13,16,30.6,45.2,28.3,Car
2026-01-30,14,Porur Station,13.038,80.1565,3,22,21.3,17.3,31.9,Bike
2026-01-30,14,OMR Station,12.9352,80.23,13,30,22.0,27.9,32.1,Bike
2026-01-30,15,Central Station,13.0827,80.2707,11,12,23.2,39.1,25.5,Bike
2026-01-30,15,Guindy Station,13.0067,80.2206,16,10,14.7,59.8,28.2,Bike
2026-01-30,15,T Nagar Station,13.0418,80.2341,19,27,16.4,38.1,34.8,Car
2026-01-30,15,Adyar Station,13.0012,80.2565,15,16,21.8,48.7,28.3,Bike
2026-01-30,15,Velachery Station,12.9815,80.218,15,23,28.4,46.5,30.3,Bike
2026-01-30,15,Anna Nagar Station,13.085,80.2101,12,14,22.9,48.8,29.0,Bike
2026-01-30,15,Egmore Station,13.0732,80.2609,19,10,20.4,64.9,28.1,Car
2026-01-30,15,Tambaram Station,12.9249,80.1,10,15,20.7,52.6,32.8,Car
2026-01-30,15,Porur Station,13.038,80.1565,9,14,29.6,45.3,31.8,Bike
2026-01-30,15,OMR Station,12.9352,80.23,8,8,38.2,56.2,25.7,Bike
2026-01-30,16,Central Station,13.0827,80.2707,11,17,30.8,42.3,33.1,Bike
2026-01-30,16,Guindy Station,13.0067,80.2206,4,23,14.2,10.0,28.0,Bike
2026-01-30,16,T Nagar Station,13.0418,80.2341,12,23,10.9,38.6,27.1,Bike
2026-01-30,16,Adyar Station,13.0012,80.2565,17,7,9.9,68.6,34.2,Bike
2026-01-30,16,Velachery Station,12.9815,80.218,15,20,26.5,37.3,31.8,Bike
2026-01-30,16,Anna Nagar Station,13.085,80.2101,15,26,27.3,37.0,26.7,Bike
2026-01-30,16,Egmore Station,13.0732,80.2609,8,14,20.8,41.5,28.0,Bike
2026-01-30,16,Tambaram Station,12.9249,80.1,9,28,15.1,28.3,24.8,Bike
2026-01-30,16,Porur Station,13.038,80.1565,4,15,24.6,23.3,33.8,Bike
2026-01-30,16,OMR Station,12.9352,80.23,14,17,29.0,46.2,33.3,Car
2026-01-30,17,Central Station,13.0827,80.2707,30,21,22.7,58.2,30.2,Bike
2026-01-30,17,Guindy Station,13.0067,80.2206,33,9,37.0,70.6,30.9,Bike
2026-01-30,17,T Nagar Station,13.0418,80.2341,33,24,29.4,59.8,30.7,Bike
2026-01-30,17,Adyar Station,13.0012,80.2565,35,20,25.1,61.9,24.6,Car
2026-01-30,17,Velachery Station,12.9815,80.218,23,19,25.6,61.4,31.0,Bike
2026-01-30,17,Anna Nagar Station,13.085,80.2101,25,26,10.7,47.0,29.9,Car
2026-01-30,17,Egmore Station,13.0732,80.2609,32,9,31.0,79.4,29.8,Bike
2026-01-30,17,Tambaram Station,12.9249,80.1,37,15,9.9,58.7,30.9,Car
2026-01-30,17,Porur Station,13.038,80.1565,33,9,15.7,87.3,31.1,Bike
2026-01-30,17,OMR Station,12.9352,80.23,13,11,31.0,55.6,29.4,Bike
2026-01-30,18,Central Station,13.0827,80.2707,36,17,14.9,66.5,25.3,Bike
2026-01-30,18,Guindy Station,13.0067,80.2206,32,21,30.1,53.1,28.5,Bike
2026-01-30,18,T Nagar Station,13.0418,80.2341,20,6,18.7,77.2,23.6,Bike
2026-01-30,18,Adyar Station,13.0012,80.2565,37,14,34.2,70.6,28.8,Bike
2026-01-30,18,Velachery Station,12.9815,80.218,13,21,36.6,35.0,32.6,Bike
2026-01-30,18,Anna Nagar Station,13.085,80.2101,19,24,31.6,39.8,30.1,Bike
2026-01-30,18,Egmore Station,13.0732,80.2609,22,14,16.0,71.3,31.6,Bike
2026-01-30,18,Tambaram Station,12.9249,80.1,43,12,30.5,76.5,33.7,Bike
2026-01-30,18,Porur Station,13.038,80.1565,16,21,13.7,40.3,29.4,Bike
2026-01-30,18,OMR Station,12.9352,80.23,20,12,19.7,68.7,26.0,Bike
2026-01-30,19,Central Station,13.0827,80.2707,45,7,24.9,77.4,31.4,Bike
2026-01-30,19,Guindy Station,13.0067,80.2206,47,3,26.1,92.5,22.9,Car
2026-01-30,19,T Nagar Station,13.0418,80.2341,24,20,14.2,63.7,30.7,Bike
2026-01-30,19,Adyar Station,13.0012,80.2565,41,18,21.5,72.8,30.6,Bike
2026-01-30,19,Velachery Station,12.9815,80.218,35,2,16.5,91.5,32.6,Bike
2026-01-30,19,Anna Nagar Station,13.085,80.2101,26,21,22.9,57.8,28.7,Bike
2026-01-30,19,Egmore Station,13.0732,80.2609,26,10,22.3,70.1,29.2,Bike
2026-01-30,19,Tambaram Station,12.9249,80.1,21,24,17.4,39.0,22.5,Bike
2026-01-30,19,Porur Station,13.038,80.1565,25,18,33.2,57.1,29.5,Bike
2026-01-30,19,OMR Station,12.9352,80.23,28,13,24.5,75.7,28.1,Car
2026-01-30,20,Central Station,13.0827,80.2707,29,25,13.9,53.1,28.2,Bike
2026-01-30,20,Guindy Station,13.0067,80.2206,23,12,28.1,61.1,27.1,Bike
2026-01-30,20,T Nagar Station,13.0418,80.2341,33,25,12.3,52.4,31.6,Car
2026-01-30,20,Adyar Station,13.0012,80.2565,26,18,14.9,62.7,32.2,Car
2026-01-30,20,Velachery Station,12.9815,80.218,27,6,19.1,80.8,26.4,Bike
2026-01-30,20,Anna Nagar Station,13.085,80.2101,37,24,25.2,68.6,32.9,Bike
2026-01-30,20,Egmore Station,13.0732,80.2609,19,15,36.3,47.2,26.9,Car
2026-01-30,20,Tambaram Station,12.9249,80.1,13,20,20.1,41.3,23.4,Bike
2026-01-30,20,Porur Station,13.038,80.1565,26,23,32.1,53.6,26.6,Car
2026-01-30,20,OMR Station,12.9352,80.23,23,25,12.4,54.3,29.4,Bike
2026-01-30,21,Central Station,13.0827,80.2707,2,21,13.9,10.0,32.8,Bike
2026-01-30,21,Guindy Station,13.0067,80.2206,9,5,27.7,60.6,28.2,Bike
2026-01-30,21,T Nagar Station,13.0418,80.2341,16,25,22.8,35.5,21.5,Car
2026-01-30,21,Adyar Station,13.0012,80.2565,9,5,17.7,62.8,28.9,Bike
2026-01-30,21,Velachery Station,12.9815,80.218,20,15,23.9,57.9,34.9,Bike
2026-01-30,21,Anna Nagar Station,13.085,80.2101,5,13,25.1,33.9,34.5,Bike
2026-01-30,21,Egmore Station,13.0732,80.2609,15,9,8.0,61.1,26.4,Car
2026-01-30,21,Tambaram Station,12.9249,80.1,8,27,23.2,19.9,30.3,Bike
2026-01-30,21,Porur Station,13.038,80.1565,24,21,26.9,48.3,29.8,Bike
2026-01-30,21,OMR Station,12.9352,80.23,9,20,25.8,38.2,29.1,Bike
2026-01-30,22,Central Station,13.0827,80.2707,12,18,19.3,38.2,30.9,Bike
2026-01-30,22,Guindy Station,13.0067,80.2206,11,17,20.8,35.6,30.6,Bike
2026-01-30,22,T Nagar Station,13.0418,80.2341,20,16,29.3,55.4,26.8,Car
2026-01-30,22,Adyar Station,13.0012,80.2565,17,8,22.2,66.8,31.2,Bike
2026-01-30,22,Velachery Station,12.9815,80.218,9,27,24.3,30.8,27.6,Car
2026-01-30,22,Anna Nagar Station,13.085,80.2101,14,9,24.5,57.6,35.9,Bike
2026-01-30,22,Egmore Station,13.0732,80.2609,16,6,31.8,72.1,26.7,Bike
2026-01-30,22,Tambaram Station,12.9249,80.1,14,12,17.3,57.0,31.7,Bike
2026-01-30,22,Porur Station,13.038,80.1565,12,7,29.5,63.5,28.4,Bike
2026-01-30,22,OMR Station,12.9352,80.23,11,25,27.3,34.9,27.9,Car
2026-01-31,6,Central Station,13.0827,80.2707,13,14,13.1,52.0,29.1,Bike
2026-01-31,6,Guindy Station,13.0067,80.2206,4,10,29.6,19.6,27.3,Car
2026-01-31,6,T Nagar Station,13.0418,80.2341,15,11,19.0,63.0,33.7,Bike
2026-01-31,6,Adyar Station,13.0012,80.2565,10,8,21.0,48.0,29.5,Bike
2026-01-31,6,Velachery Station,12.9815,80.218,20,10,8.0,69.7,28.1,Car
2026-01-31,6,Anna Nagar Station,13.085,80.2101,9,29,29.0,15.1,34.1,Car
2026-01-31,6,Egmore Station,13.0732,80.2609,8,7,30.8,51.6,24.7,Car
2026-01-31,6,Tambaram Station,12.9249,80.1,15,5,28.3,82.1,32.4,Bike
2026-01-31,6,Porur Station,13.038,80.1565,12,5,25.0,72.7,25.7,Bike
2026-01-31,6,OMR Station,12.9352,80.23,15,14,23.1,56.7,27.7,Bike
2026-01-31,7,Central Station,13.0827,80.2707,20,10,31.8,61.8,31.3,Bike
2026-01-31,7,Guindy Station,13.0067,80.2206,21,11,27.0,58.8,33.3,Bike
2026-01-31,7,T Nagar Station,13.0418,80.2341,17,14,29.7,63.0,29.0,Bike
2026-01-31,7,Adyar Station,13.0012,80.2565,19,6,28.6,65.4,31.0,Bike
2026-01-31,7,Velachery Station,12.9815,80.218,23,3,23.8,87.6,21.7,Bike
2026-01-31,7,Anna Nagar Station,13.085,80.2101,33,18,32.7,64.9,26.6,Bike
2026-01-31,7,Egmore Station,13.0732,80.2609,30,9,19.8,83.2,26.8,Bike
2026-01-31,7,Tambaram Station,12.9249,80.1,25,2,21.6,100.0,30.7,Bike
2026-01-31,7,Porur Station,13.038,80.1565,45,10,24.1,80.6,26.4,Car
2026-01-31,7,OMR Station,12.9352,80.23,22,19,26.2,55.0,28.4,Bike
2026-01-31,8,Central Station,13.0827,80.2707,33,0,24.7,100.0,26.5,Bike
2026-01-31,8,Guindy Station,13.0067,80.2206,47,18,8.0,79.8,24.9,Bike
2026-01-31,8,T Nagar Station,13.0418,80.2341,21,25,30.3,47.8,27.6,Car
2026-01-31,8,Adyar Station,13.0012,80.2565,10,28,18.7,27.0,23.7,Bike
2026-01-31,8,Velachery Station,12.9815,80.218,33,1,23.3,97.0,30.4,Bike
2026-01-31,8,Anna Nagar Station,13.085,80.2101,38,4,26.2,87.4,32.2,Car
2026-01-31,8,Egmore Station,13.0732,80.2609,18,5,11.9,82.6,31.2,Bike
2026-01-31,8,Tambaram Station,12.9249,80.1,23,15,20.7,51.5,31.8,Car
2026-01-31,8,Porur Station,13.038,80.1565,26,5,14.2,78.7,28.4,Bike
2026-01-31,8,OMR Station,12.9352,80.23,23,20,18.8,38.5,27.0,Bike
2026-01-31,9,Central Station,13.0827,80.2707,35,12,31.9,75.3,29.6,Car
2026-01-31,9,Guindy Station,13.0067,80.2206,49,0,23.1,100.0,28.8,Car
2026-01-31,9,T Nagar Station,13.0418,80.2341,35,8,10.7,77.5,29.5,Bike
2026-01-31,9,Adyar Station,13.0012,80.2565,47,9,18.9,81.2,28.6,Bike
2026-01-31,9,Velachery Station,12.9815,80.218,30,8,33.1,78.6,25.2,Bike
2026-01-31,9,Anna Nagar Station,13.085,80.2101,21,28,25.4,42.4,32.9,Car
2026-01-31,9,Egmore Station,13.0732,80.2609,37,16,8.0,68.4,31.8,Bike
2026-01-31,9,Tambaram Station,12.9249,80.1,10,12,24.6,49.9,29.3,Bike
2026-01-31,9,Porur Station,13.038,80.1565,42,12,19.2,77.8,28.3,Bike
2026-01-31,9,OMR Station,12.9352,80.23,11,20,26.2,28.0,29.1,Car
2026-01-31,10,Central Station,13.0827,80.2707,15,8,35.0,60.0,32.6,Car
2026-01-31,10,Guindy Station,13.0067,80.2206,18,18,39.7,42.3,30.8,Bike
2026-01-31,10,T Nagar Station,13.0418,80.2341,10,16,25.3,40.1,37.2,Bike
2026-01-31,10,Adyar Station,13.0012,80.2565,10,26,22.6,31.9,28.6,Car
2026-01-31,10,Velachery Station,12.9815,80.218,18,14,12.3,54.0,30.1,Bike
2026-01-31,10,Anna Nagar Station,13.085,80.2101,21,17,22.6,57.9,28.0,Bike
2026-01-31,10,Egmore Station,13.0732,80.2609,23,4,36.1,90.4,28.3,Bike
2026-01-31,10,Tambaram Station,12.9249,80.1,8,11,16.2,45.4,30.3,Bike
2026-01-31,10,Porur Station,13.038,80.1565,9,9,18.8,42.1,26.7,Car
2026-01-31,10,OMR Station,12.9352,80.23,7,32,37.9,13.4,32.1,Bike
2026-01-31,11,Central Station,13.0827,80.2707,8,11,15.8,37.4,32.4,Car
2026-01-31,11,Guindy Station,13.0067,80.2206,21,6,23.0,83.7,29.2,Bike
2026-01-31,11,T Nagar Station,13.0418,80.2341,13,11,32.9,54.2,34.0,Car
2026-01-31,11,Adyar Station,13.0012,80.2565,21,26,22.6,48.3,29.1,Bike
2026-01-31,11,Velachery Station,12.9815,80.218,3,27,23.9,10.0,33.4,Bike
2026-01-31,11,Anna Nagar Station,13.085,80.2101,21,5,33.1,88.0,32.5,Car
2026-01-31,11,Egmore Station,13.0732,80.2609,10,26,21.5,30.6,29.6,Bike
2026-01-31,11,Tambaram Station,12.9249,80.1,10,23,30.3,32.7,30.2,Car
2026-01-31,11,Porur Station,13.038,80.1565,17,23,32.4,35.9,30.4,Bike
2026-01-31,11,OMR Station,12.9352,80.23,15,15,22.1,49.1,30.8,Car
2026-01-31,12,Central Station,13.0827,80.2707,10,17,21.7,41.7,26.4,Car
2026-01-31,12,Guindy Station,13.0067,80.2206,23,13,14.4,68.3,31.4,Bike
2026-01-31,12,T Nagar Station,13.0418,80.2341,15,8,39.9,68.0,29.4,Bike
2026-01-31,12,Adyar Station,13.0012,80.2565,17,12,21.4,57.8,27.5,Bike
2026-01-31,12,Velachery Station,12.9815,80.218,8,19,27.0,26.8,30.1,Car
2026-01-31,12,Anna Nagar Station,13.085,80.2101,11,6,25.0,69.2,29.6,Bike
2026-01-31,12,Egmore Station,13.0732,80.2609,22,17,31.2,50.9,30.0,Bike
2026-01-31,12,Tambaram Station,12.9249,80.1,13,16,21.8,38.5,32.1,Bike
2026-01-31,12,Porur Station,13.038,80.1565,12,28,23.8,27.1,28.7,Bike
2026-01-31,12,OMR Station,12.9352,80.23,9,17,22.6,41.9,26.2,Bike
2026-01-31,13,Central Station,13.0827,80.2707,19,25,27.3,36.8,33.7,Bike
2026-01-31,13,Guindy Station,13.0067,80.2206,5,6,21.5,45.4,30.9,Bike
2026-01-31,13,T Nagar Station,13.0418,80.2341,22,11,22.8,56.3,28.5,Car
2026-01-31,13,Adyar Station,13.0012,80.2565,27,3,19.0,88.0,33.5,Car
2026-01-31,13,Velachery Station,12.9815,80.218,1,33,27.7,10.0,26.3,Bike
2026-01-31,13,Anna Nagar Station,13.085,80.2101,9,27,26.4,35.2,32.4,Car
2026-01-31,13,Egmore Station,13.0732,80.2609,11,28,23.2,26.4,27.0,Bike
2026-01-31,13,Tambaram Station,12.9249,80.1,3,19,23.0,19.9,29.5,Bike
2026-01-31,13,Porur Station,13.038,80.1565,9,13,23.9,42.4,22.3,Bike
2026-01-31,13,OMR Station,12.9352,80.23,5,22,15.3,19.2,29.6,Bike
2026-01-31,14,Central Station,13.0827,80.2707,16,9,16.8,74.0,28.7,Bike
2026-01-31,14,Guindy Station,13.0067,80.2206,11,17,27.8,41.9,27.3,Bike
2026-01-31,14,T Nagar Station,13.0418,80.2341,17,23,36.7,40.8,33.1,Bike
2026-01-31,14,Adyar Station,13.0012,80.2565,12,20,27.6,38.5,28.0,Bike
2026-01-31,14,Velachery Station,12.9815,80.218,12,28,13.0,22.2,29.7,Bike
2026-01-31,14,Anna Nagar Station,13.085,80.2101,17,15,11.5,56.8,29.6,Car
2026-01-31,14,Egmore Station,13.0732,80.2609,13,7,8.0,65.2,34.9,Bike
2026-01-31,14,Tambaram Station,12.9249,80.1,9,31,35.4,20.5,27.9,Car
2026-01-31,14,Porur Station,13.038,80.1565,26,12,23.3,65.3,22.6,Car
2026-01-31,14,OMR Station,12.9352,80.23,7,31,26.5,13.0,34.8,Bike
2026-01-31,15,Central Station,13.0827,80.2707,11,28,20.5,32.0,34.1,Car
2026-01-31,15,Guindy Station,13.0067,80.2206,4,31,24.2,11.5,30.3,Bike
2026-01-31,15,T Nagar Station,13.0418,80.2341,22,9,17.7,70.2,27.0,Car
2026-01-31,15,Adyar Station,13.0012,80.2565,12,25,37.3,32.8,30.2,Bike
2026-01-31,15,Velachery Station,12.9815,80.218,11,11,8.0,52.7,39.5,Car
2026-01-31,15,Anna Nagar Station,13.085,80.2101,19,22,23.6,43.6,25.7,Bike
2026-01-31,15,Egmore Station,13.0732,80.2609,5,29,24.9,16.8,29.7,Car
2026-01-31,15,Tambaram Station,12.9249,80.1,20,14,26.8,55.1,35.4,Bike
2026-01-31,15,Porur Station,13.038,80.1565,11,7,26.3,58.5,35.2,Car
2026-01-31,15,OMR Station,12.9352,80.23,19,14,26.5,67.0,29.7,Bike
2026-01-31,16,Central Station,13.0827,80.2707,21,2,39.5,76.5,21.5,Bike
2026-01-31,16,Guindy Station,13.0067,80.2206,14,6,17.4,64.3,30.2,Bike
2026-01-31,16,T Nagar Station,13.0418,80.2341,11,7,30.6,71.7,28.9,Bike
2026-01-31,16,Adyar Station,13.0012,80.2565,15,4,31.1,85.3,26.9,Bike
2026-01-31,16,Velachery Station,12.9815,80.218,10,17,25.4,36.6,28.6,Bike
2026-01-31,16,Anna Nagar Station,13.085,80.2101,29,11,35.2,72.6,31.4,Bike
2026-01-31,16,Egmore Station,13.0732,80.2609,12,21,26.8,45.4,22.1,Bike
2026-01-31,16,Tambaram Station,12.9249,80.1,24,13,33.9,64.4,27.5,Car
2026-01-31,16,Porur Station,13.038,80.1565,13,9,10.1,59.0,28.7,Bike
2026-01-31,16,OMR Station,12.9352,80.23,1,20,22.7,10.4,28.3,Bike
2026-01-31,17,Central Station,13.0827,80.2707,25,3,27.7,88.8,30.6,Car
2026-01-31,17,Guindy Station,13.0067,80.2206,28,26,26.2,60.8,33.7,Bike
2026-01-31,17,T Nagar Station,13.0418,80.2341,35,1,39.1,91.2,27.0,Bike
2026-01-31,17,Adyar Station,13.0012,80.2565,16,17,20.9,55.8,29.9,Bike
2026-01-31,17,Velachery Station,12.9815,80.218,26,27,26.8,45.9,30.5,Bike
2026-01-31,17,Anna Nagar Station,13.085,80.2101,6,12,13.3,37.8,30.8,Bike
2026-01-31,17,Egmore Station,13.0732,80.2609,32,17,38.4,66.0,27.9,Bike
2026-01-31,17,Tambaram Station,12.9249,80.1,25,2,15.1,83.2,25.0,Bike
2026-01-31,17,Porur Station,13.038,80.1565,35,15,21.8,65.0,27.5,Bike
2026-01-31,17,OMR Station,12.9352,80.23,33,2,19.2,90.4,30.9,Bike
2026-01-31,18,Central Station,13.0827,80.2707,22,10,18.3,69.8,28.5,Bike
2026-01-31,18,Guindy Station,13.0067,80.2206,23,15,26.6,60.1,29.8,Bike
2026-01-31,18,T Nagar Station,13.0418,80.2341,45,15,21.0,69.3,33.1,Car
2026-01-31,18,Adyar Station,13.0012,80.2565,21,16,15.7,47.4,29.5,Bike
2026-01-31,18,Velachery Station,12.9815,80.218,19,14,17.3,50.5,26.4,Car
2026-01-31,18,Anna Nagar Station,13.085,80.2101,43,11,27.8,73.0,25.5,Bike
2026-01-31,18,Egmore Station,13.0732,80.2609,39,23,24.3,58.6,25.2,Car
2026-01-31,18,Tambaram Station,12.9249,80.1,49,6,34.2,83.9,27.3,Bike
2026-01-31,18,Porur Station,13.038,80.1565,40,5,23.7,90.5,29.9,Bike
2026-01-31,18,OMR Station,12.9352,80.23,38,2,25.9,100.0,34.5,Bike
2026-01-31,19,Central Station,13.0827,80.2707,14,17,22.3,42.1,38.3,Bike
2026-01-31,19,Guindy Station,13.0067,80.2206,42,1,21.9,99.9,27.9,Bike
2026-01-31,19,T Nagar Station,13.0418,80.2341,31,20,22.5,61.3,28.1,Bike
2026-01-31,19,Adyar Station,13.0012,80.2565,23,27,13.5,45.4,31.8,Bike
2026-01-31,19,Velachery Station,12.9815,80.218,10,27,27.1,29.4,30.2,Bike
2026-01-31,19,Anna Nagar Station,13.085,80.2101,30,1,29.9,86.4,28.3,Bike
2026-01-31,19,Egmore Station,13.0732,80.2609,44,21,25.4,68.2,32.5,Bike
2026-01-31,19,Tambaram Station,12.9249,80.1,37,9,18.7,78.9,27.1,Bike
2026-01-31,19,Porur Station,13.038,80.1565,26,23,24.6,52.6,27.4,Bike
2026-01-31,19,OMR Station,12.9352,80.23,35,20,29.8,55.0,30.2,Car
2026-01-31,20,Central Station,13.0827,80.2707,13,22,20.6,34.8,29.2,Car
2026-01-31,20,Guindy Station,13.0067,80.2206,18,14,25.4,52.7,31.4,Bike
2026-01-31,20,T Nagar Station,13.0418,80.2341,25,3,29.6,96.7,29.6,Bike
2026-01-31,20,Adyar Station,13.0012,80.2565,26,24,23.9,58.3,32.1,Car
2026-01-31,20,Velachery Station,12.9815,80.218,12,12,27.2,53.1,27.5,Bike
2026-01-31,20,Anna Nagar Station,13.085,80.2101,13,24,28.6,42.9,28.8,Bike
2026-01-31,20,Egmore Station,13.0732,80.2609,36,5,35.1,91.2,27.7,Bike
2026-01-31,20,Tambaram Station,12.9249,80.1,13,28,18.0,28.1,31.6,Bike
2026-01-31,20,Porur Station,13.038,80.1565,29,24,31.0,54.7,36.7,Bike
2026-01-31,20,OMR Station,12.9352,80.23,26,1,28.6,92.5,26.6,Bike
2026-01-31,21,Central Station,13.0827,80.2707,11,18,12.7,36.8,28.1,Bike
2026-01-31,21,Guindy Station,13.0067,80.2206,22,9,24.0,66.0,27.1,Bike
2026-01-31,21,T Nagar Station,13.0418,80.2341,18,11,17.9,57.5,28.9,Car
2026-01-31,21,Adyar Station,13.0012,80.2565,6,16,16.8,26.9,31.0,Bike
2026-01-31,21,Velachery Station,12.9815,80.218,10,24,26.4,31.3,26.7,Car
2026-01-31,21,Anna Nagar Station,13.085,80.2101,17,28,20.5,44.9,23.3,Bike
2026-01-31,21,Egmore Station,13.0732,80.2609,12,25,23.0,24.5,29.2,Car
2026-01-31,21,Tambaram Station,12.9249,80.1,19,11,18.8,59.4,29.7,Car
2026-01-31,21,Porur Station,13.038,80.1565,18,8,14.7,65.5,29.8,Car
2026-01-31,21,OMR Station,12.9352,80.23,12,15,26.0,39.3,30.2,Bike
2026-01-31,22,Central Station,13.0827,80.2707,3,23,29.0,10.0,30.5,Bike
2026-01-31,22,Guindy Station,13.0067,80.2206,8,12,29.1,35.9,34.1,Bike
2026-01-31,22,T Nagar Station,13.0418,80.2341,16,6,30.0,69.1,31.3,Bike
2026-01-31,22,Adyar Station,13.0012,80.2565,24,22,16.1,54.3,34.3,Bike
2026-01-31,22,Velachery Station,12.9815,80.218,17,13,25.5,49.0,33.9,Bike
2026-01-31,22,Anna Nagar Station,13.085,80.2101,21,13,23.0,58.7,31.9,Bike
2026-01-31,22,Egmore Station,13.0732,80.2609,11,11,24.9,55.9,25.3,Bike
2026-01-31,22,Tambaram Station,12.9249,80.1,10,11,31.0,50.0,31.8,Car
2026-01-31,22,Porur Station,13.038,80.1565,8,24,21.4,25.7,27.9,Bike
2026-01-31,22,OMR Station,12.9352,80.23,10,6,32.0,62.3,28.4,Bike
